MeshGeometry
1
3
1569
5118
7
1
495.1815 600.803 665.6499
495.8741 600.803 665.6499
495.5278 600.803 665.336
495.1815 600.803 635.7381
495.5278 600.803 636.0519
495.8741 600.803 635.7381
495.5097 599.0964 635.6754
498.0397 603.4136 637.932
498.4313 599.0964 635.9631
495.5097 603.4136 637.6829
492.5882 599.0964 635.9631
492.9798 603.4136 637.932
489.7788 599.0964 636.8153
490.5471 603.4136 638.67
487.1898 599.0964 638.1992
488.3051 603.4136 639.8683
484.9204 599.0964 640.0616
486.3399 603.4136 641.4811
483.058 599.0964 642.331
484.7271 603.4136 643.4462
481.6741 599.0964 644.92
483.5287 603.4136 645.6883
480.8219 599.0964 647.7294
482.7908 603.4136 648.121
480.5341 599.0964 650.651
482.5416 603.4136 650.651
480.8219 599.0964 653.5726
482.7908 603.4136 653.1809
481.6741 599.0964 656.3819
483.5287 603.4136 655.6136
483.058 599.0964 658.9709
484.7271 603.4136 657.8557
484.9204 599.0964 661.2403
486.3399 603.4136 659.8208
487.1897 599.0964 663.1027
488.305 603.4136 661.4336
489.7788 599.0964 664.4866
490.5471 603.4136 662.632
492.5881 599.0964 665.3388
492.9798 603.4136 663.3699
495.5097 599.0964 665.6266
495.5097 603.4136 663.6191
498.4313 599.0964 665.3388
498.0397 603.4136 663.3699
501.2407 599.0964 664.4866
500.4724 603.4136 662.632
503.8298 599.0964 663.1027
502.7145 603.4136 661.4336
506.0991 599.0964 661.2404
504.6796 603.4136 659.8209
507.9615 599.0964 658.971
506.2924 603.4136 657.8557
509.3454 599.0964 656.3819
507.4908 603.4136 655.6137
510.1976 599.0964 653.5726
508.2287 603.4136 653.181
510.4854 599.0964 650.651
508.4779 603.4136 650.651
510.1976 599.0964 647.7294
508.2287 603.4136 648.121
509.3454 599.0964 644.92
507.4908 603.4136 645.6883
507.9615 599.0964 642.331
506.2924 603.4136 643.4463
506.0991 599.0964 640.0616
504.6796 603.4136 641.4811
503.8298 599.0964 638.1992
502.7145 603.4136 639.8683
501.2407 599.0964 636.8153
500.4724 603.4136 638.67
498.4313 599.0964 635.9631
498.0397 603.4136 637.932
497.0645 599.0964 642.8348
497.084 602.3857 642.7366
495.5097 602.3857 642.5815
495.5097 599.0964 642.6817
493.9355 602.3857 642.7366
493.955 599.0964 642.8348
492.4217 602.3857 643.1958
492.4601 599.0964 643.2883
491.0266 602.3857 643.9415
491.0823 599.0964 644.0248
489.8038 602.3416 644.945
489.8746 599.0964 645.0159
488.8003 602.3857 646.1678
488.8835 599.0964 646.2235
488.0546 602.3857 647.5629
488.1471 599.0964 647.6013
487.5954 602.3857 649.0767
487.6936 599.0964 649.0963
487.4403 602.3857 650.651
487.5405 599.0964 650.651
487.5954 602.3857 652.2252
487.6936 599.0964 652.2057
488.0546 602.3857 653.739
488.1471 599.0964 653.7007
488.8003 602.3857 655.1341
488.8835 599.0964 655.0784
489.8038 602.3416 656.3569
489.8746 599.0964 656.2861
491.0266 602.3857 657.3605
491.0823 599.0964 657.2772
492.4217 602.3857 658.1061
492.4601 599.0964 658.0136
493.9355 602.3857 658.5654
493.955 599.0964 658.4671
495.5097 602.3857 658.7204
495.5097 599.0964 658.6202
497.084 602.3857 658.5654
497.0645 599.0964 658.4671
498.5978 602.3857 658.1061
498.5594 599.0964 658.0136
499.9929 602.3857 657.3605
499.9373 599.0964 657.2772
501.2157 602.3857 656.3569
501.1449 599.0964 656.2861
502.2192 602.3857 655.1341
502.136 599.0964 655.0785
502.9649 602.3857 653.739
502.8724 599.0964 653.7007
503.4241 602.3857 652.2252
503.3259 599.0964 652.2057
503.5792 602.3416 650.651
503.479 599.0964 650.651
503.4241 602.3857 649.0767
503.3259 599.0964 649.0963
502.9649 602.3857 647.5629
502.8724 599.0964 647.6013
502.2192 602.3857 646.1678
502.136 599.0964 646.2235
501.2157 602.3857 644.945
501.1449 599.0964 645.0159
499.9929 602.3857 643.9415
499.9373 599.0964 644.0248
498.5978 602.3857 643.1958
498.5594 599.0964 643.2883
497.084 602.3857 642.7366
497.0645 599.0964 642.8348
487.5909 588.5773 652.2727
488.7992 588.5773 655.1899
488.0514 588.5773 653.7908
491.0319 588.5773 657.4225
489.8056 588.5773 656.4162
489.8056 588.5773 644.9718
495.5278 588.5773 642.6016
493.949 588.5773 658.6309
495.5278 588.5773 658.7864
492.431 588.5773 658.1704
497.1066 588.5773 658.6309
500.0237 588.5773 657.4225
498.6246 588.5773 658.1704
488.0514 588.5773 647.5972
488.7992 588.5773 646.1981
487.5909 588.5773 649.1152
487.4354 588.5773 650.694
492.431 588.5773 643.2176
491.0319 588.5773 643.9654
493.949 588.5773 642.7571
501.25 588.5773 644.9718
498.6246 588.5773 643.2176
497.1065 588.5773 642.7571
500.0237 588.5773 643.9654
503.4647 588.5773 652.2727
503.0042 588.5773 647.5972
502.2564 588.5773 646.1981
503.4647 588.5773 649.1152
503.6202 588.5773 650.694
502.2564 588.5773 655.1899
501.25 588.5773 656.4162
503.0042 588.5773 653.7908
480.8258 600.803 647.7696
483.0641 600.803 642.366
481.6788 600.803 644.9576
487.1998 600.803 638.2302
484.9283 600.803 640.0944
484.9283 600.803 661.2935
481.6788 600.803 656.4304
483.0641 600.803 659.022
480.8258 600.803 653.6183
480.5719 600.803 650.3477
480.5719 600.803 651.0403
495.1815 600.803 665.6499
489.7914 600.803 664.543
487.1998 600.803 663.1577
492.6034 600.803 665.396
492.6034 600.803 635.992
489.7914 600.803 636.845
495.5278 600.803 636.0519
495.5278 600.803 665.336
495.1815 600.803 635.7381
495.8741 600.803 635.7381
498.4522 600.803 635.992
503.8558 600.803 638.2302
501.2642 600.803 636.845
506.1273 600.803 661.2935
501.2643 600.803 664.543
503.8558 600.803 663.1577
498.4522 600.803 665.396
495.8741 600.803 665.6499
510.2298 600.803 647.7696
509.3768 600.803 656.4304
507.9915 600.803 659.022
510.2298 600.803 653.6183
510.4837 600.803 651.0403
510.4837 600.803 650.3477
507.9915 600.803 642.366
506.1273 600.803 640.0944
509.3768 600.803 644.9575
488.9011 595.8692 617.3792
495.1815 598.7108 623.8036
495.1815 595.8692 616.7606
490.2751 598.7108 624.2869
482.529 595.8692 619.3121
491.5028 600.0492 630.4591
495.1815 600.0492 630.0968
495.1815 600.803 635.7381
492.6034 600.803 635.992
487.6325 600.0492 631.6332
489.7914 600.803 636.845
485.2242 598.7108 625.819
476.6564 595.8692 622.451
484.0657 600.0492 633.5397
487.1998 600.803 638.2302
480.5694 598.7108 628.3071
471.5091 595.8692 626.6753
480.9393 600.0492 636.1055
484.9283 600.803 640.0944
476.4893 598.7108 631.6555
467.2848 595.8692 631.8226
478.3735 600.0492 639.2319
483.0641 600.803 642.366
473.1409 598.7108 635.7355
464.1459 595.8692 637.6952
476.467 600.0492 642.7988
481.6788 600.803 644.9576
470.6528 598.7108 640.3904
462.213 595.8692 644.0673
475.2929 600.0492 646.669
480.8258 600.803 647.7696
469.1207 598.7108 645.4413
461.5944 595.8692 650.3477
468.6375 598.7108 650.3477
474.9306 600.0492 650.3477
480.5719 600.803 650.3477
462.213 595.8692 657.3207
468.6375 598.7108 651.0403
461.5944 595.8692 651.0403
469.1207 598.7108 655.9467
464.1459 595.8692 663.6927
475.2929 600.0492 654.7189
474.9306 600.0492 651.0403
480.5719 600.803 651.0403
480.8258 600.803 653.6183
476.467 600.0492 658.5892
481.6788 600.803 656.4304
470.6528 598.7108 660.9975
467.2848 595.8692 669.5653
478.3735 600.0492 662.1561
483.0641 600.803 659.022
473.1409 598.7108 665.6524
471.5091 595.8692 674.7126
480.9393 600.0492 665.2825
484.9283 600.803 661.2935
476.4893 598.7108 669.7324
476.6564 595.8692 678.937
484.0657 600.0492 667.8483
487.1998 600.803 663.1577
480.5693 598.7108 673.0809
482.529 595.8692 682.0759
487.6325 600.0492 669.7548
489.7914 600.803 664.543
485.2242 598.7108 675.5689
488.901 595.8692 684.0089
491.5028 600.0492 670.9288
492.6034 600.803 665.396
490.2751 598.7108 677.1011
495.1815 595.8692 684.6274
495.1815 598.7108 677.5844
495.1815 600.0492 671.2911
495.1815 600.803 665.6499
488.9011 594.1599 617.3792
495.1815 594.1599 616.7606
495.1815 591.3183 623.8036
490.2751 591.3183 624.2869
482.529 594.1599 619.3121
491.5028 589.9799 630.4591
495.1815 589.9799 630.0968
495.1815 589.226 635.7381
492.6034 589.226 635.992
487.6325 589.9799 631.6332
489.7914 589.226 636.845
485.2242 591.3183 625.819
476.6564 594.1599 622.451
484.0657 589.9799 633.5397
487.1998 589.226 638.2302
480.5694 591.3183 628.3071
471.5091 594.1599 626.6753
480.9393 589.9799 636.1055
484.9283 589.226 640.0944
476.4893 591.3183 631.6555
467.2848 594.1599 631.8226
478.3735 589.9799 639.2319
483.0641 589.226 642.366
473.1409 591.3183 635.7355
464.1459 594.1599 637.6952
476.467 589.9799 642.7988
481.6788 589.226 644.9576
470.6528 591.3183 640.3904
462.213 594.1599 644.0673
475.2929 589.9799 646.669
480.8258 589.226 647.7696
469.1207 591.3183 645.4413
461.5944 594.1599 650.3477
468.6375 591.3183 650.3477
474.9306 589.9799 650.3477
480.5719 589.226 650.3477
462.213 594.1599 657.3207
461.5944 594.1599 651.0403
468.6375 591.3183 651.0403
469.1207 591.3183 655.9467
464.1459 594.1599 663.6927
475.2929 589.9799 654.7189
474.9306 589.9799 651.0403
480.5719 589.226 651.0403
480.8258 589.226 653.6183
476.467 589.9799 658.5892
481.6788 589.226 656.4304
470.6528 591.3183 660.9975
467.2848 594.1599 669.5653
478.3735 589.9799 662.1561
483.0641 589.226 659.022
473.1409 591.3183 665.6524
471.5091 594.1599 674.7126
480.9393 589.9799 665.2825
484.9283 589.226 661.2935
476.4893 591.3183 669.7324
476.6564 594.1599 678.937
484.0657 589.9799 667.8483
487.1998 589.226 663.1577
480.5693 591.3183 673.0809
482.529 594.1599 682.0759
487.6325 589.9799 669.7548
489.7914 589.226 664.543
485.2242 591.3183 675.5689
488.901 594.1599 684.0089
491.5028 589.9799 670.9288
492.6034 589.226 665.396
490.2751 591.3183 677.1011
495.1815 594.1599 684.6274
495.1815 591.3183 677.5844
495.1815 589.9799 671.2911
495.1815 589.226 665.6499
502.1545 595.8692 617.3792
495.8741 595.8692 616.7606
495.8741 598.7108 623.8036
500.7805 598.7108 624.2869
508.5266 595.8692 619.3121
499.5528 600.0492 630.4591
495.8741 600.0492 630.0968
495.8741 600.803 635.7381
498.4522 600.803 635.992
503.423 600.0492 631.6332
501.2642 600.803 636.845
505.8313 598.7108 625.819
514.3992 595.8692 622.451
506.9899 600.0492 633.5397
503.8558 600.803 638.2302
510.4862 598.7108 628.3071
519.5464 595.8692 626.6753
510.1163 600.0492 636.1055
506.1273 600.803 640.0944
514.5663 598.7108 631.6555
523.7708 595.8692 631.8226
512.6821 600.0492 639.2319
507.9915 600.803 642.366
517.9147 598.7108 635.7355
526.9097 595.8692 637.6952
514.5886 600.0492 642.7987
509.3768 600.803 644.9575
520.4028 598.7108 640.3904
528.8427 595.8692 644.0673
515.7626 600.0492 646.669
510.2298 600.803 647.7696
521.9349 598.7108 645.4413
529.4612 595.8692 650.3477
522.4182 598.7108 650.3477
516.125 600.0492 650.3477
510.4837 600.803 650.3477
528.8427 595.8692 657.3207
529.4612 595.8692 651.0403
522.4182 598.7108 651.0403
521.9349 598.7108 655.9467
526.9097 595.8692 663.6927
515.7627 600.0492 654.7189
516.125 600.0492 651.0403
510.4837 600.803 651.0403
510.2298 600.803 653.6183
514.5886 600.0492 658.5892
509.3768 600.803 656.4304
520.4028 598.7108 660.9975
523.7708 595.8692 669.5653
512.6821 600.0492 662.1561
507.9915 600.803 659.022
517.9147 598.7108 665.6524
519.5465 595.8692 674.7126
510.1163 600.0492 665.2825
506.1273 600.803 661.2935
514.5663 598.7108 669.7324
514.3992 595.8692 678.937
506.99 600.0492 667.8483
503.8558 600.803 663.1577
510.4863 598.7108 673.0808
508.5267 595.8692 682.0759
503.4231 600.0492 669.7548
501.2643 600.803 664.543
505.8314 598.7108 675.5689
502.1546 595.8692 684.0089
499.5528 600.0492 670.9288
498.4522 600.803 665.396
500.7805 598.7108 677.1011
495.8741 595.8692 684.6274
495.8741 598.7108 677.5844
495.8741 600.0492 671.2911
495.8741 600.803 665.6499
502.1545 594.1599 617.3792
495.8741 591.3183 623.8036
495.8741 594.1599 616.7606
500.7805 591.3183 624.2869
508.5266 594.1599 619.3121
499.5528 589.9799 630.4591
495.8741 589.9799 630.0968
495.8741 589.226 635.7381
498.4522 589.226 635.992
503.423 589.9799 631.6332
501.2642 589.226 636.845
505.8313 591.3183 625.819
514.3992 594.1599 622.451
506.9899 589.9799 633.5397
503.8558 589.226 638.2302
510.4862 591.3183 628.3071
519.5464 594.1599 626.6753
510.1163 589.9799 636.1055
506.1273 589.226 640.0944
514.5663 591.3183 631.6555
523.7708 594.1599 631.8226
512.6821 589.9799 639.2319
507.9915 589.226 642.366
517.9147 591.3183 635.7355
526.9097 594.1599 637.6952
514.5886 589.9799 642.7987
509.3768 589.226 644.9575
520.4028 591.3183 640.3904
528.8427 594.1599 644.0673
515.7626 589.9799 646.669
510.2298 589.226 647.7696
521.9349 591.3183 645.4413
529.4612 594.1599 650.3477
522.4182 591.3183 650.3477
516.125 589.9799 650.3477
510.4837 589.226 650.3477
528.8427 594.1599 657.3207
522.4182 591.3183 651.0403
529.4612 594.1599 651.0403
521.9349 591.3183 655.9467
526.9097 594.1599 663.6927
515.7627 589.9799 654.7189
516.125 589.9799 651.0403
510.4837 589.226 651.0403
510.2298 589.226 653.6183
514.5886 589.9799 658.5892
509.3768 589.226 656.4304
520.4028 591.3183 660.9975
523.7708 594.1599 669.5653
512.6821 589.9799 662.1561
507.9915 589.226 659.022
517.9147 591.3183 665.6523
519.5465 594.1599 674.7126
510.1163 589.9799 665.2825
506.1273 589.226 661.2935
514.5663 591.3183 669.7324
514.3992 594.1599 678.937
506.99 589.9799 667.8483
503.8558 589.226 663.1577
510.4863 591.3183 673.0808
508.5267 594.1599 682.0759
503.4231 589.9799 669.7548
501.2643 589.226 664.543
505.8314 591.3183 675.5689
502.1546 594.1599 684.0089
499.5528 589.9799 670.9288
498.4522 589.226 665.396
500.7805 591.3183 677.1011
495.8741 594.1599 684.6274
495.8741 591.3183 677.5844
495.8741 589.9799 671.2911
495.8741 589.226 665.6499
461.9966 595.5977 651.0403
468.7793 598.2466 650.3477
461.9966 595.5977 650.3477
468.7792 598.2466 651.0403
475.0133 599.571 650.3477
475.0133 599.5709 651.0403
480.6362 600.322 650.3477
480.6362 600.322 651.0403
495.1815 599.5709 630.1795
495.1815 600.322 635.8024
495.8741 600.322 635.8024
495.8741 599.5709 630.1795
495.1815 598.2466 623.9454
495.8741 598.2466 623.9454
495.1815 595.5977 617.1628
495.8741 595.5977 617.1628
468.7792 591.7824 651.0403
461.9966 594.4314 651.0403
461.9967 594.4313 650.3477
468.7793 591.7824 650.3477
475.0133 590.4581 651.0403
475.0133 590.4581 650.3477
480.6362 589.7071 651.0403
480.6362 589.7071 650.3477
495.1815 589.7071 635.8024
495.8741 590.4581 630.1795
495.8741 589.7071 635.8024
495.1815 590.4581 630.1795
495.8741 591.7824 623.9454
495.1815 591.7824 623.9454
495.8741 594.4313 617.1628
495.1815 594.4313 617.1628
495.1815 598.2466 677.4426
495.1815 595.5977 684.2252
495.8741 595.5977 684.2252
495.8741 598.2466 677.4426
495.1815 599.5709 671.2085
495.8741 599.5709 671.2085
495.1815 600.322 665.5856
495.8741 600.322 665.5856
495.1815 594.4313 684.2252
495.8741 591.7824 677.4426
495.8741 594.4313 684.2252
495.1815 591.7824 677.4426
495.8741 590.4581 671.2085
495.1815 590.4581 671.2085
495.8741 589.7071 665.5856
495.1815 589.7071 665.5856
522.2764 598.2466 651.0403
529.059 595.5977 651.0403
529.059 595.5977 650.3477
522.2764 598.2466 650.3477
516.0423 599.5709 651.0403
516.0423 599.571 650.3477
510.4194 600.322 651.0403
510.4194 600.322 650.3477
529.059 594.4314 651.0403
522.2764 591.7824 650.3477
529.0589 594.4313 650.3477
522.2764 591.7824 651.0403
516.0423 590.4581 650.3477
516.0423 590.4581 651.0403
510.4194 589.7071 650.3477
510.4194 589.7071 651.0403
497.0645 599.0964 658.4671
498.5594 599.0964 658.0136
501.2407 599.0964 664.4866
498.4313 599.0964 665.3388
495.5278 586.3636 661.7118
497.4049 583.8123 660.1306
497.6773 586.3636 661.5001
495.5278 583.8123 660.3154
493.3783 586.3636 661.5001
493.6507 583.8123 660.1306
491.3115 586.3636 660.8731
491.8458 583.8123 659.5831
489.4066 586.3636 659.8549
490.1824 583.8123 658.694
487.737 586.3636 658.4847
488.7244 583.8123 657.4974
486.3669 586.3636 656.8151
487.5278 583.8123 656.0394
485.3487 586.3636 654.9103
486.6387 583.8123 654.376
484.7217 586.3636 652.8434
486.0912 583.8123 652.571
484.51 586.3636 650.694
485.9063 583.8123 650.694
484.7217 586.3636 648.5445
486.0912 583.8123 648.817
485.3487 586.3636 646.4777
486.6387 583.8123 647.012
486.3669 586.3636 644.5728
487.5278 583.8123 645.3486
487.737 586.3636 642.9033
488.7244 583.8123 643.8906
489.4066 586.3636 641.533
490.1824 583.8123 642.694
491.3115 586.3636 640.5149
491.8458 583.8123 641.8049
493.3783 586.3636 639.8879
493.6508 583.8123 641.2574
495.5278 586.3636 639.6762
495.5278 583.8123 641.0725
497.6773 586.3636 639.8879
497.4048 583.8123 641.2574
499.7441 586.3636 640.5149
499.2098 583.8123 641.8049
501.649 586.3636 641.533
500.8732 583.8123 642.694
503.3185 586.3636 642.9032
502.3312 583.8123 643.8906
504.6888 586.3636 644.5728
503.5278 583.8123 645.3486
505.7069 586.3636 646.4777
504.4169 583.8123 647.012
506.3339 586.3636 648.5445
504.9644 583.8123 648.8169
506.5456 586.3636 650.694
505.1493 583.8123 650.694
506.3339 586.3636 652.8434
504.9644 583.8123 652.571
505.7069 586.3636 654.9103
504.4169 583.8123 654.3759
504.6888 586.3636 656.8151
503.5278 583.8123 656.0394
503.3186 586.3636 658.4847
502.3312 583.8123 657.4974
501.649 586.3636 659.8549
500.8732 583.8123 658.6939
499.7441 586.3636 660.8731
499.2098 583.8123 659.5831
497.6773 586.3636 661.5001
497.4049 583.8123 660.1306
495.5278 583.8123 658.7864
497.1066 588.5773 658.6309
497.1066 583.8123 658.6309
495.5278 588.5773 658.7864
493.949 583.8123 658.6309
493.949 588.5773 658.6309
492.431 583.8123 658.1704
492.431 588.5773 658.1704
491.0319 583.8123 657.4225
491.0319 588.5773 657.4225
489.8056 583.8123 656.4162
489.8056 588.5773 656.4162
488.7992 583.8123 655.1899
488.7992 588.5773 655.1899
488.0514 583.8123 653.7908
488.0514 588.5773 653.7908
487.5909 583.8123 652.2727
487.5909 588.5773 652.2727
487.4354 583.8123 650.694
487.4354 588.5773 650.694
487.5909 583.8123 649.1152
487.5909 588.5773 649.1152
488.0514 583.8123 647.5972
488.0514 588.5773 647.5972
488.7992 583.8123 646.1981
488.7992 588.5773 646.1981
489.8056 583.8123 644.9718
489.8056 588.5773 644.9718
491.0319 583.8123 643.9654
491.0319 588.5773 643.9654
492.431 583.8123 643.2176
492.431 588.5773 643.2176
493.949 583.8123 642.7571
493.949 588.5773 642.7571
495.5278 583.8123 642.6016
495.5278 588.5773 642.6016
497.1065 583.8123 642.7571
497.1065 588.5773 642.7571
498.6246 583.8123 643.2176
498.6246 588.5773 643.2176
500.0237 583.8123 643.9654
500.0237 588.5773 643.9654
501.25 583.8123 644.9718
501.25 588.5773 644.9718
502.2564 583.8123 646.1981
502.2564 588.5773 646.1981
503.0042 583.8123 647.5972
503.0042 588.5773 647.5972
503.4647 583.8123 649.1152
503.4647 588.5773 649.1152
503.6202 583.8123 650.694
503.6202 588.5773 650.694
503.4647 583.8123 652.2727
503.4647 588.5773 652.2727
503.0042 583.8123 653.7908
503.0042 588.5773 653.7908
502.2564 583.8123 655.1899
502.2564 588.5773 655.1899
501.25 583.8123 656.4162
501.25 588.5773 656.4162
500.0237 583.8123 657.4225
500.0237 588.5773 657.4225
498.6246 583.8123 658.1704
498.6246 588.5773 658.1704
497.1066 583.8123 658.6309
497.1066 588.5773 658.6309
480.8258 589.226 647.7696
480.7049 588.9208 650.694
480.5719 589.226 650.3477
482.4375 585.755 650.694
480.5719 589.226 651.0403
482.689 585.755 648.1402
482.689 585.755 653.2477
481.6788 589.226 644.9576
480.8258 589.226 653.6183
483.434 585.755 645.6846
483.4339 585.755 655.7034
483.0641 589.226 642.366
481.6788 589.226 656.4304
484.6436 585.755 643.4214
484.6436 585.755 657.9666
484.9283 589.226 640.0944
483.0641 589.226 659.022
486.2716 585.755 641.4377
486.2715 585.755 659.9502
487.1998 589.226 638.2302
484.9283 589.226 661.2935
488.2552 585.755 639.8098
488.2552 585.755 661.5781
489.7914 589.226 636.845
487.1998 589.226 663.1577
490.5184 585.755 638.6002
490.5183 585.755 662.7878
492.6034 589.226 635.992
489.7914 589.226 664.543
492.974 585.755 637.8552
492.974 585.755 663.5328
495.1815 589.226 635.7381
495.5278 585.755 637.6037
492.6034 589.226 665.396
495.5278 588.9208 635.871
498.0816 585.755 637.8552
495.5278 585.755 663.7843
498.4522 589.226 635.992
495.8741 589.226 635.7381
500.5372 585.755 638.6002
501.2642 589.226 636.845
502.8004 585.755 639.8098
503.8558 589.226 638.2302
504.784 585.755 641.4377
506.1273 589.226 640.0944
506.412 585.755 643.4214
507.9915 589.226 642.366
507.6216 585.755 645.6845
509.3768 589.226 644.9575
495.5278 588.9208 665.5169
495.1815 589.226 665.6499
495.8741 589.226 665.6499
498.4522 589.226 665.396
498.0816 585.755 663.5328
501.2643 589.226 664.543
500.5373 585.755 662.7878
503.8558 589.226 663.1577
502.8004 585.755 661.5781
506.1273 589.226 661.2935
504.7841 585.755 659.9502
507.9915 589.226 659.022
506.412 585.755 657.9666
509.3768 589.226 656.4304
507.6217 585.755 655.7034
510.2298 589.226 653.6183
508.3666 585.755 653.2477
510.3507 588.9208 650.694
510.4837 589.226 651.0403
508.6181 585.755 650.694
510.4837 589.226 650.3477
510.2298 589.226 647.7696
508.3666 585.755 648.1402
509.3768 589.226 644.9575
507.6216 585.755 645.6845
504.6823 585.755 644.5771
505.6997 585.755 646.4807
505.6997 592.238 646.4807
504.6823 592.238 644.5771
503.313 585.755 642.9088
503.313 592.238 642.9088
501.6446 585.755 641.5396
501.6446 592.238 641.5396
499.7411 585.755 640.5221
499.7411 592.238 640.5221
497.6757 585.755 639.8956
497.6757 592.238 639.8956
495.5278 585.755 639.684
495.5278 592.238 639.684
493.3799 592.238 639.8956
493.3799 585.755 639.8956
491.3145 592.238 640.5221
491.3145 585.755 640.5221
489.411 592.238 641.5396
489.411 585.755 641.5396
487.7426 592.238 642.9088
487.7426 585.755 642.9088
486.3734 592.238 644.5772
486.3734 585.755 644.5772
485.3559 592.238 646.4807
485.3559 585.755 646.4807
484.7294 592.238 648.5461
484.7294 585.755 648.5461
484.5179 592.238 650.694
484.5179 585.755 650.694
484.7294 592.238 652.8419
484.7294 585.755 652.8419
485.3559 592.238 654.9073
485.3559 585.755 654.9073
486.3734 592.238 656.8108
486.3734 585.755 656.8108
487.7426 592.238 658.4792
487.7426 585.755 658.4792
489.411 592.238 659.8484
489.411 585.755 659.8484
491.3145 592.238 660.8658
491.3145 585.755 660.8658
493.3799 592.238 661.4924
493.3799 585.755 661.4924
495.5278 592.238 661.7039
495.5278 585.755 661.7039
497.6758 585.755 661.4924
497.6758 592.238 661.4924
499.7411 585.755 660.8658
499.7411 592.238 660.8658
501.6446 585.755 659.8484
501.6446 592.238 659.8484
503.313 585.755 658.4792
503.313 592.238 658.4792
504.6823 585.755 656.8108
504.6823 592.238 656.8108
505.6997 585.755 654.9073
505.6997 592.238 654.9073
506.3262 585.755 652.8419
506.3262 592.238 652.8419
506.5378 585.755 650.694
506.5378 592.238 650.694
506.3262 585.755 648.546
506.3262 592.238 648.546
505.6997 585.755 646.4807
505.6997 592.238 646.4807
480.5719 589.226 650.3477
480.7049 588.9208 650.694
480.5719 589.226 651.0403
480.6362 589.7071 650.3477
480.6362 589.7071 651.0403
495.1815 589.226 635.7381
495.8741 589.226 635.7381
495.5278 588.9208 635.871
495.8741 589.7071 635.8024
495.1815 589.7071 635.8024
510.4837 589.226 650.3477
510.4837 589.226 651.0403
510.3507 588.9208 650.694
510.4194 589.7071 651.0403
510.4194 589.7071 650.3477
495.1815 589.226 665.6499
495.5278 588.9208 665.5169
495.8741 589.226 665.6499
495.1815 589.7071 665.5856
495.8741 589.7071 665.5856
480.5719 600.803 650.3477
480.6362 600.322 650.3477
480.6362 600.322 651.0403
480.5719 600.803 651.0403
495.8741 600.803 635.7381
495.8741 600.322 635.8024
495.1815 600.322 635.8024
495.1815 600.803 635.7381
495.1815 600.803 665.6499
495.1815 600.322 665.5856
495.8741 600.322 665.5856
495.8741 600.803 665.6499
510.4837 600.803 651.0403
510.4194 600.322 651.0403
510.4194 600.322 650.3477
510.4837 600.803 650.3477
461.5944 594.1599 651.0403
461.9966 594.4314 651.0403
468.7792 591.7824 651.0403
468.6375 591.3183 651.0403
475.0133 590.4581 651.0403
474.9306 589.9799 651.0403
480.6362 589.7071 651.0403
480.5719 589.226 651.0403
480.5719 589.226 650.3477
480.6362 589.7071 650.3477
475.0133 590.4581 650.3477
474.9306 589.9799 650.3477
468.7793 591.7824 650.3477
468.6375 591.3183 650.3477
461.9967 594.4313 650.3477
461.5944 594.1599 650.3477
495.1815 594.1599 616.7606
495.1815 594.4313 617.1628
495.1815 591.7824 623.9454
495.1815 591.3183 623.8036
495.1815 590.4581 630.1795
495.1815 589.9799 630.0968
495.1815 589.7071 635.8024
495.1815 589.226 635.7381
495.8741 589.226 635.7381
495.8741 589.7071 635.8024
495.8741 590.4581 630.1795
495.8741 589.9799 630.0968
495.8741 591.7824 623.9454
495.8741 591.3183 623.8036
495.8741 594.4313 617.1628
495.8741 594.1599 616.7606
495.8741 594.1599 684.6274
495.8741 594.4313 684.2252
495.8741 591.7824 677.4426
495.8741 591.3183 677.5844
495.8741 590.4581 671.2085
495.8741 589.9799 671.2911
495.8741 589.7071 665.5856
495.8741 589.226 665.6499
495.1815 589.226 665.6499
495.1815 589.7071 665.5856
495.1815 590.4581 671.2085
495.1815 589.9799 671.2911
495.1815 591.7824 677.4426
495.1815 591.3183 677.5844
495.1815 594.4313 684.2252
495.1815 594.1599 684.6274
529.4612 594.1599 650.3477
529.0589 594.4313 650.3477
522.2764 591.7824 650.3477
522.4182 591.3183 650.3477
516.0423 590.4581 650.3477
516.125 589.9799 650.3477
510.4194 589.7071 650.3477
510.4837 589.226 650.3477
510.4837 589.226 651.0403
510.4194 589.7071 651.0403
516.0423 590.4581 651.0403
516.125 589.9799 651.0403
522.2764 591.7824 651.0403
522.4182 591.3183 651.0403
529.059 594.4314 651.0403
529.4612 594.1599 651.0403
468.6375 598.7108 651.0403
461.9966 595.5977 651.0403
461.5944 595.8692 651.0403
468.7792 598.2466 651.0403
474.9306 600.0492 651.0403
475.0133 599.5709 651.0403
480.5719 600.803 651.0403
480.6362 600.322 651.0403
461.5944 595.8692 650.3477
461.9966 595.5977 650.3477
468.7793 598.2466 650.3477
468.6375 598.7108 650.3477
475.0133 599.571 650.3477
474.9306 600.0492 650.3477
480.6362 600.322 650.3477
480.5719 600.803 650.3477
495.1815 600.803 635.7381
495.1815 600.322 635.8024
495.1815 599.5709 630.1795
495.1815 600.0492 630.0968
495.1815 598.2466 623.9454
495.1815 598.7108 623.8036
495.1815 595.5977 617.1628
495.1815 595.8692 616.7606
495.8741 595.8692 616.7606
495.8741 595.5977 617.1628
495.8741 598.2466 623.9454
495.8741 598.7108 623.8036
495.8741 599.5709 630.1795
495.8741 600.0492 630.0968
495.8741 600.322 635.8024
495.8741 600.803 635.7381
495.1815 595.8692 684.6274
495.1815 595.5977 684.2252
495.1815 598.2466 677.4426
495.1815 598.7108 677.5844
495.1815 599.5709 671.2085
495.1815 600.0492 671.2911
495.1815 600.322 665.5856
495.1815 600.803 665.6499
495.8741 600.803 665.6499
495.8741 600.322 665.5856
495.8741 599.5709 671.2085
495.8741 600.0492 671.2911
495.8741 598.2466 677.4426
495.8741 598.7108 677.5844
495.8741 595.5977 684.2252
495.8741 595.8692 684.6274
529.4612 595.8692 651.0403
529.059 595.5977 651.0403
522.2764 598.2466 651.0403
522.4182 598.7108 651.0403
516.0423 599.5709 651.0403
516.125 600.0492 651.0403
510.4194 600.322 651.0403
510.4837 600.803 651.0403
510.4837 600.803 650.3477
510.4194 600.322 650.3477
516.0423 599.571 650.3477
516.125 600.0492 650.3477
522.2764 598.2466 650.3477
522.4182 598.7108 650.3477
529.059 595.5977 650.3477
529.4612 595.8692 650.3477
492.974 585.755 663.5328
495.5278 585.755 661.7039
495.5278 585.755 663.7843
498.0816 585.755 663.5328
493.3799 585.755 661.4924
497.6758 585.755 661.4924
490.5183 585.755 662.7878
500.5373 585.755 662.7878
491.3145 585.755 660.8658
499.7411 585.755 660.8658
488.2552 585.755 661.5781
502.8004 585.755 661.5781
489.411 585.755 659.8484
501.6446 585.755 659.8484
486.2715 585.755 659.9502
504.7841 585.755 659.9502
487.7426 585.755 658.4792
503.313 585.755 658.4792
484.6436 585.755 657.9666
506.412 585.755 657.9666
486.3734 585.755 656.8108
504.6823 585.755 656.8108
483.4339 585.755 655.7034
507.6217 585.755 655.7034
485.3559 585.755 654.9073
505.6997 585.755 654.9073
482.689 585.755 653.2477
508.3666 585.755 653.2477
484.7294 585.755 652.8419
506.3262 585.755 652.8419
482.4375 585.755 650.694
508.6181 585.755 650.694
484.5179 585.755 650.694
506.5378 585.755 650.694
482.689 585.755 648.1402
508.3666 585.755 648.1402
484.7294 585.755 648.5461
506.3262 585.755 648.546
483.434 585.755 645.6846
507.6216 585.755 645.6845
485.3559 585.755 646.4807
505.6997 585.755 646.4807
484.6436 585.755 643.4214
506.412 585.755 643.4214
486.3734 585.755 644.5772
504.6823 585.755 644.5771
486.2716 585.755 641.4377
504.784 585.755 641.4377
487.7426 585.755 642.9088
503.313 585.755 642.9088
488.2552 585.755 639.8098
502.8004 585.755 639.8098
489.411 585.755 641.5396
501.6446 585.755 641.5396
490.5184 585.755 638.6002
500.5372 585.755 638.6002
491.3145 585.755 640.5221
499.7411 585.755 640.5221
492.974 585.755 637.8552
498.0816 585.755 637.8552
493.3799 585.755 639.8956
497.6757 585.755 639.8956
495.5278 585.755 637.6037
495.5278 585.755 639.684
495.5097 603.4136 637.6829
495.5097 603.4136 639.9831
497.5909 603.4136 640.1881
498.0397 603.4136 637.932
492.9798 603.4136 637.932
499.5922 603.4136 640.7952
493.4286 603.4136 640.1881
500.4724 603.4136 638.67
490.5471 603.4136 638.67
501.4365 603.4136 641.7809
491.4273 603.4136 640.7952
502.7145 603.4136 639.8683
488.3051 603.4136 639.8683
503.0531 603.4136 643.1077
489.583 603.4136 641.7809
504.6796 603.4136 641.4811
486.3399 603.4136 641.4811
504.3798 603.4136 644.7242
487.9664 603.3696 643.1077
506.2924 603.4136 643.4463
484.7271 603.4136 643.4462
505.3656 603.4136 646.5685
486.6398 603.4136 644.7242
507.4908 603.4136 645.6883
483.5287 603.4136 645.6883
505.9726 603.4136 648.5698
485.6539 603.4136 646.5685
508.2287 603.4136 648.121
482.7908 603.4136 648.121
506.1776 603.3696 650.651
485.0469 603.4136 648.5698
508.4779 603.4136 650.651
482.5416 603.4136 650.651
505.9726 603.4136 652.7322
484.8419 603.4136 650.651
508.2287 603.4136 653.181
482.7908 603.4136 653.1809
505.3656 603.4136 654.7334
485.0469 603.4136 652.7322
507.4908 603.4136 655.6137
483.5287 603.4136 655.6136
504.3798 603.4136 656.5778
485.6539 603.4136 654.7334
506.2924 603.4136 657.8557
484.7271 603.4136 657.8557
503.0531 603.4136 658.1943
486.6397 603.4136 656.5777
504.6796 603.4136 659.8209
486.3399 603.4136 659.8208
501.4365 603.4136 659.521
487.9664 603.3696 658.1943
502.7145 603.4136 661.4336
488.305 603.4136 661.4336
499.5922 603.4136 660.5068
489.583 603.4136 659.521
500.4724 603.4136 662.632
490.5471 603.4136 662.632
497.5909 603.4136 661.1138
491.4273 603.4136 660.5068
498.0397 603.4136 663.3699
492.9798 603.4136 663.3699
495.5097 603.4136 661.3188
493.4286 603.4136 661.1138
495.5097 603.4136 663.6191
486.0912 583.8123 648.817
487.4354 583.8123 650.694
485.9063 583.8123 650.694
487.5909 583.8123 649.1152
487.5909 583.8123 652.2727
486.6387 583.8123 647.012
486.0912 583.8123 652.571
488.0514 583.8123 647.5972
488.0514 583.8123 653.7908
487.5278 583.8123 645.3486
486.6387 583.8123 654.376
488.7992 583.8123 646.1981
488.7992 583.8123 655.1899
488.7244 583.8123 643.8906
487.5278 583.8123 656.0394
489.8056 583.8123 644.9718
489.8056 583.8123 656.4162
490.1824 583.8123 642.694
488.7244 583.8123 657.4974
491.0319 583.8123 643.9654
491.0319 583.8123 657.4225
491.8458 583.8123 641.8049
490.1824 583.8123 658.694
492.431 583.8123 643.2176
492.431 583.8123 658.1704
493.6508 583.8123 641.2574
491.8458 583.8123 659.5831
493.949 583.8123 642.7571
493.949 583.8123 658.6309
495.5278 583.8123 641.0725
493.6507 583.8123 660.1306
495.5278 583.8123 642.6016
495.5278 583.8123 658.7864
497.4048 583.8123 641.2574
495.5278 583.8123 660.3154
497.1065 583.8123 642.7571
497.1066 583.8123 658.6309
499.2098 583.8123 641.8049
497.4049 583.8123 660.1306
498.6246 583.8123 643.2176
498.6246 583.8123 658.1704
500.8732 583.8123 642.694
499.2098 583.8123 659.5831
500.0237 583.8123 643.9654
500.0237 583.8123 657.4225
502.3312 583.8123 643.8906
500.8732 583.8123 658.6939
501.25 583.8123 644.9718
501.25 583.8123 656.4162
503.5278 583.8123 645.3486
502.3312 583.8123 657.4974
502.2564 583.8123 646.1981
502.2564 583.8123 655.1899
504.4169 583.8123 647.012
503.5278 583.8123 656.0394
503.0042 583.8123 647.5972
503.0042 583.8123 653.7908
504.9644 583.8123 648.8169
504.4169 583.8123 654.3759
503.4647 583.8123 649.1152
503.4647 583.8123 652.2727
505.1493 583.8123 650.694
504.9644 583.8123 652.571
503.6202 583.8123 650.694
497.5909 603.4136 640.1881
495.5097 603.4136 639.9831
495.5097 602.3857 642.5815
497.084 602.3857 642.7366
493.9355 602.3857 642.7366
499.5922 603.4136 640.7952
493.4286 603.4136 640.1881
498.5978 602.3857 643.1958
492.4217 602.3857 643.1958
501.4365 603.4136 641.7809
491.4273 603.4136 640.7952
499.9929 602.3857 643.9415
491.0266 602.3857 643.9415
503.0531 603.4136 643.1077
489.583 603.4136 641.7809
501.2157 602.3857 644.945
489.8038 602.3416 644.945
504.3798 603.4136 644.7242
487.9664 603.3696 643.1077
502.2192 602.3857 646.1678
488.8003 602.3857 646.1678
505.3656 603.4136 646.5685
486.6398 603.4136 644.7242
502.9649 602.3857 647.5629
488.0546 602.3857 647.5629
505.9726 603.4136 648.5698
485.6539 603.4136 646.5685
503.4241 602.3857 649.0767
487.5954 602.3857 649.0767
506.1776 603.3696 650.651
485.0469 603.4136 648.5698
503.5792 602.3416 650.651
487.4403 602.3857 650.651
505.9726 603.4136 652.7322
484.8419 603.4136 650.651
503.4241 602.3857 652.2252
487.5954 602.3857 652.2252
505.3656 603.4136 654.7334
485.0469 603.4136 652.7322
502.9649 602.3857 653.739
488.0546 602.3857 653.739
504.3798 603.4136 656.5778
485.6539 603.4136 654.7334
502.2192 602.3857 655.1341
488.8003 602.3857 655.1341
503.0531 603.4136 658.1943
486.6397 603.4136 656.5777
501.2157 602.3857 656.3569
489.8038 602.3416 656.3569
501.4365 603.4136 659.521
487.9664 603.3696 658.1943
499.9929 602.3857 657.3605
491.0266 602.3857 657.3605
499.5922 603.4136 660.5068
489.583 603.4136 659.521
498.5978 602.3857 658.1061
492.4217 602.3857 658.1061
497.5909 603.4136 661.1138
491.4273 603.4136 660.5068
497.084 602.3857 658.5654
493.9355 602.3857 658.5654
495.5097 603.4136 661.3188
493.4286 603.4136 661.1138
495.5097 602.3857 658.7204
495.1815 595.8692 616.7606
495.1815 594.1599 616.7606
488.9011 594.1599 617.3792
488.9011 595.8692 617.3792
482.529 594.1599 619.3121
482.529 595.8692 619.3121
476.6564 594.1599 622.451
476.6564 595.8692 622.451
471.5091 595.8692 626.6753
471.5091 594.1599 626.6753
467.2848 594.1599 631.8226
467.2848 595.8692 631.8226
464.1459 594.1599 637.6952
464.1459 595.8692 637.6952
462.213 595.8692 644.0673
462.213 594.1599 644.0673
461.5944 595.8692 650.3477
461.5944 594.1599 650.3477
495.1815 595.8692 684.6274
488.901 594.1599 684.0089
495.1815 594.1599 684.6274
488.901 595.8692 684.0089
482.529 595.8692 682.0759
482.529 594.1599 682.0759
476.6564 594.1599 678.937
476.6564 595.8692 678.937
471.5091 595.8692 674.7126
471.5091 594.1599 674.7126
467.2848 594.1599 669.5653
467.2848 595.8692 669.5653
464.1459 594.1599 663.6927
464.1459 595.8692 663.6927
462.213 594.1599 657.3207
462.213 595.8692 657.3207
461.5944 594.1599 651.0403
461.5944 595.8692 651.0403
495.8741 595.8692 616.7606
502.1545 594.1599 617.3792
495.8741 594.1599 616.7606
502.1545 595.8692 617.3792
508.5266 594.1599 619.3121
508.5266 595.8692 619.3121
514.3992 594.1599 622.451
514.3992 595.8692 622.451
519.5464 595.8692 626.6753
519.5464 594.1599 626.6753
523.7708 594.1599 631.8226
523.7708 595.8692 631.8226
526.9097 594.1599 637.6952
526.9097 595.8692 637.6952
528.8427 595.8692 644.0673
528.8427 594.1599 644.0673
529.4612 595.8692 650.3477
529.4612 594.1599 650.3477
495.8741 595.8692 684.6274
495.8741 594.1599 684.6274
502.1546 594.1599 684.0089
502.1546 595.8692 684.0089
508.5267 595.8692 682.0759
508.5267 594.1599 682.0759
514.3992 594.1599 678.937
514.3992 595.8692 678.937
519.5465 595.8692 674.7126
519.5465 594.1599 674.7126
523.7708 594.1599 669.5653
523.7708 595.8692 669.5653
526.9097 594.1599 663.6927
526.9097 595.8692 663.6927
528.8427 594.1599 657.3207
528.8427 595.8692 657.3207
529.4612 594.1599 651.0403
529.4612 595.8692 651.0403
461.9966 595.5977 650.3477
461.9967 594.4313 650.3477
461.9966 594.4314 651.0403
461.9966 595.5977 651.0403
495.1815 594.4313 617.1628
495.1815 595.5977 617.1628
495.8741 595.5977 617.1628
495.8741 594.4313 617.1628
495.8741 594.4313 684.2252
495.8741 595.5977 684.2252
495.1815 595.5977 684.2252
495.1815 594.4313 684.2252
529.0589 594.4313 650.3477
529.059 595.5977 650.3477
529.059 595.5977 651.0403
529.059 594.4314 651.0403
461.5944 595.8692 651.0403
461.9966 595.5977 651.0403
461.9966 594.4314 651.0403
461.5944 594.1599 651.0403
461.5944 594.1599 650.3477
461.9967 594.4313 650.3477
461.9966 595.5977 650.3477
461.5944 595.8692 650.3477
495.1815 595.8692 616.7606
495.1815 595.5977 617.1628
495.1815 594.4313 617.1628
495.1815 594.1599 616.7606
495.8741 594.1599 616.7606
495.8741 594.4313 617.1628
495.8741 595.5977 617.1628
495.8741 595.8692 616.7606
495.8741 595.8692 684.6274
495.8741 595.5977 684.2252
495.8741 594.4313 684.2252
495.8741 594.1599 684.6274
495.1815 594.1599 684.6274
495.1815 594.4313 684.2252
495.1815 595.5977 684.2252
495.1815 595.8692 684.6274
529.4612 595.8692 650.3477
529.059 595.5977 650.3477
529.0589 594.4313 650.3477
529.4612 594.1599 650.3477
529.4612 594.1599 651.0403
529.059 594.4314 651.0403
529.059 595.5977 651.0403
529.4612 595.8692 651.0403
498.4449 600.9185 636.1442
495.5454 600.9185 635.8586
495.5454 603.6996 637.3452
498.1548 603.6996 637.6022
501.2329 600.9185 636.99
492.9359 603.6996 637.6022
492.6459 600.9185 636.1442
500.664 603.6996 638.3634
503.8024 600.9185 638.3634
490.4268 603.6996 638.3633
489.8579 600.9185 636.9899
502.9765 603.6996 639.5994
506.0546 600.9185 640.2117
488.1143 603.6996 639.5994
487.2884 600.9185 638.3633
505.0034 603.6996 641.2629
507.9029 600.9185 642.4639
486.0874 603.6996 641.2628
485.0362 600.9185 640.2117
506.6668 603.6996 643.2897
509.2763 600.9185 645.0333
484.424 603.6996 643.2897
483.1879 600.9185 642.4639
507.9029 603.6996 645.6022
510.122 600.9185 647.8214
483.1879 603.6996 645.6022
481.8145 600.9185 645.0333
508.664 603.6996 648.1114
510.4076 600.9185 650.7209
482.4268 603.6996 648.1114
480.9688 600.9185 647.8214
508.9211 603.6996 650.7209
510.122 600.9185 653.6204
482.1697 603.6996 650.7208
480.6832 600.9185 650.7208
508.664 603.6996 653.3303
509.2763 600.9185 656.4084
482.4267 603.6996 653.3303
480.9687 600.9185 653.6203
507.9029 603.6996 655.8395
507.9029 600.9185 658.9779
483.1879 603.6996 655.8395
481.8145 600.9185 656.4084
506.6668 603.6996 658.152
506.0546 600.9185 661.23
484.4239 603.6996 658.152
483.1879 600.9185 658.9778
505.0034 603.6996 660.1789
503.8024 600.9185 663.0784
486.0874 603.6996 660.1789
485.0362 600.9185 661.23
502.9765 603.6996 661.8423
501.2329 600.9185 664.4518
488.1143 603.6996 661.8423
487.2884 600.9185 663.0784
500.664 603.6996 663.0784
498.4449 600.9185 665.2975
490.4267 603.6996 663.0784
489.8578 600.9185 664.4518
498.1548 603.6996 663.8395
495.5454 600.9185 665.5831
492.9359 603.6996 663.8395
492.6459 600.9185 665.2975
495.5454 603.6996 664.0966
489.2257 606.1374 660.1789
491.1923 606.1374 661.23
493.3262 606.1374 661.8774
495.5454 606.1374 662.0959
497.7646 606.1374 661.8774
499.8984 606.1374 661.23
487.502 606.1374 658.7642
501.865 606.1374 660.1789
486.0874 606.1374 657.0405
503.5888 606.1374 658.7643
485.0362 606.1374 655.0739
505.0034 606.1374 657.0405
484.3889 606.1374 652.94
506.0546 606.1374 655.0739
484.1703 606.1374 650.7209
506.7019 606.1374 652.9401
484.3889 606.1374 648.5017
506.9204 606.1374 650.7209
485.0362 606.1374 646.3678
506.7019 606.1374 648.5017
486.0874 606.1374 644.4012
506.0546 606.1374 646.3678
487.502 606.1374 642.6775
505.0034 606.1374 644.4012
489.2258 606.1374 641.2628
503.5888 606.1374 642.6775
491.1924 606.1374 640.2117
501.865 606.1374 641.2629
493.3262 606.1374 639.5644
499.8984 606.1374 640.2117
495.5454 606.1374 639.3458
497.7646 606.1374 639.5644
490.5801 608.138 643.2897
492.1252 608.138 642.4639
493.8018 608.138 641.9553
495.5454 608.138 641.7836
497.289 608.138 641.9553
498.9655 608.138 642.4639
489.2258 608.138 644.4012
500.5107 608.138 643.2897
488.1143 608.138 645.7556
501.865 608.138 644.4012
487.2884 608.138 647.3007
502.9765 608.138 645.7556
486.7798 608.138 648.9773
503.8024 608.138 647.3007
486.6081 608.138 650.7209
504.311 608.138 648.9773
486.7798 608.138 652.4645
504.4827 608.138 650.7209
487.2884 608.138 654.1411
504.311 608.138 652.4645
488.1143 608.138 655.6862
503.8024 608.138 654.1411
489.2257 608.138 657.0405
502.9765 608.138 655.6862
490.5801 608.138 658.152
501.865 608.138 657.0405
492.1252 608.138 658.9779
500.5107 608.138 658.152
493.8018 608.138 659.4865
498.9655 608.138 658.9779
495.5454 608.138 659.6582
497.289 608.138 659.4865
493.1895 609.6246 656.4084
494.3444 609.6246 656.7587
495.5454 609.6246 656.877
496.7464 609.6246 656.7587
497.9012 609.6246 656.4084
498.9655 609.6246 655.8395
492.1252 609.6246 655.8395
499.8984 609.6246 655.0739
491.1923 609.6246 655.0739
500.664 609.6246 654.1411
490.4267 609.6246 654.1411
501.2329 609.6246 653.0767
489.8578 609.6246 653.0767
501.5832 609.6246 651.9219
489.5075 609.6246 651.9219
501.7015 609.6246 650.7209
489.3893 609.6246 650.7209
501.5832 609.6246 649.5199
489.5075 609.6246 649.5198
501.2329 609.6246 648.3651
489.8578 609.6246 648.365
500.664 609.6246 647.3007
490.4268 609.6246 647.3007
499.8984 609.6246 646.3678
491.1924 609.6246 646.3678
498.9655 609.6246 645.6022
492.1252 609.6246 645.6022
497.9012 609.6246 645.0333
493.1895 609.6246 645.0333
496.7464 609.6246 644.683
494.3444 609.6246 644.683
495.5454 609.6246 644.5648
493.3262 610.54 648.5017
493.8018 610.54 648.1114
495.5454 610.8491 650.7209
492.9359 610.54 648.9773
494.3444 610.54 647.8214
492.6459 610.54 649.5198
494.9331 610.54 647.6428
492.4673 610.54 650.1086
495.5454 610.54 647.5825
492.407 610.54 650.7209
496.1577 610.54 647.6428
492.4673 610.54 651.3331
496.7464 610.54 647.8214
492.6459 610.54 651.9219
497.289 610.54 648.1114
492.9359 610.54 652.4645
497.7646 610.54 648.5017
493.3262 610.54 652.9401
498.1548 610.54 648.9773
493.8018 610.54 653.3303
498.4449 610.54 649.5199
494.3444 610.54 653.6204
498.6234 610.54 650.1086
494.9331 610.54 653.799
498.6837 610.54 650.7209
495.5454 610.54 653.8593
498.6234 610.54 651.3331
496.1577 610.54 653.799
498.4449 610.54 651.9219
496.7464 610.54 653.6204
498.1548 610.54 652.4645
497.289 610.54 653.3303
497.7646 610.54 652.9401
2
-0.004627999 0.9988847 0.04698799
0.004627999 0.9988847 0.04698799
0 1 0
-0.004627999 0.9988847 -0.04698799
0 1 0
0.004627999 0.9988847 -0.04698799
0 0.4216389 -0.9067638
0.1769009 0.4216388 -0.8893406
0.1769009 0.4216388 -0.8893406
0 0.4216389 -0.9067638
-0.1769 0.4216389 -0.8893408
-0.1769 0.4216389 -0.8893408
-0.347002 0.421639 -0.8377411
-0.347002 0.421639 -0.8377411
-0.5037701 0.4216391 -0.7539471
-0.5037701 0.4216391 -0.7539471
-0.6411778 0.4216389 -0.6411798
-0.6411783 0.4216392 -0.6411793
-0.7539463 0.4216392 -0.5037712
-0.7539463 0.4216392 -0.5037712
-0.8377407 0.4216388 -0.3470029
-0.8377407 0.4216388 -0.3470029
-0.8893408 0.4216389 -0.1769
-0.8893408 0.4216389 -0.1769
-0.9067638 0.4216389 0
-0.9067638 0.4216389 0
-0.8893408 0.4216389 0.1769
-0.8893408 0.4216389 0.1769
-0.8377411 0.421639 0.347002
-0.8377411 0.421639 0.347002
-0.7539471 0.4216391 0.5037701
-0.7539471 0.4216391 0.5037701
-0.6411798 0.4216389 0.6411778
-0.6411793 0.4216392 0.6411783
-0.503772 0.4216389 0.7539459
-0.503772 0.4216389 0.7539459
-0.3470041 0.4216391 0.8377402
-0.3470041 0.4216391 0.8377402
-0.1769019 0.4216388 0.8893405
-0.1769021 0.4216391 0.8893403
0 0.4216389 0.9067638
0 0.4216389 0.9067638
0.1769009 0.4216388 0.8893406
0.1769009 0.4216388 0.8893406
0.3470041 0.4216391 0.8377402
0.3470041 0.4216391 0.8377402
0.5037712 0.4216392 0.7539463
0.5037708 0.4216388 0.7539467
0.6411788 0.4216389 0.6411788
0.6411788 0.4216389 0.6411788
0.7539459 0.4216389 0.503772
0.7539459 0.4216389 0.503772
0.8377399 0.4216389 0.347005
0.8377399 0.4216389 0.347005
0.8893403 0.4216391 0.1769021
0.8893403 0.4216391 0.1769021
0.9067638 0.4216389 0
0.9067638 0.4216389 0
0.8893408 0.4216389 -0.1769
0.8893408 0.4216389 -0.1769
0.8377407 0.4216388 -0.3470029
0.8377407 0.4216388 -0.3470029
0.7539471 0.4216391 -0.5037701
0.7539471 0.4216391 -0.5037701
0.6411788 0.4216389 -0.6411788
0.6411788 0.4216389 -0.6411788
0.5037712 0.4216392 -0.7539463
0.5037712 0.4216392 -0.7539463
0.3470029 0.4216388 -0.8377407
0.3470029 0.4216388 -0.8377407
0.1769009 0.4216388 -0.8893406
0.1769009 0.4216388 -0.8893406
-0.195 0.030434 0.9803309
-0.195 0.030434 0.9803309
0 0.03043399 0.9995368
0 0.03043399 0.9995368
0.194999 0.030435 0.9803311
0.195 0.030435 0.9803309
0.3825059 0.03043499 0.9234517
0.382505 0.030435 0.9234521
0.5542312 0.03043401 0.8318062
0.5552081 0.030581 0.831149
0.7068604 0.03070102 0.7066864
0.70686 0.0307 0.706687
0.8317378 0.03057799 0.5543259
0.8310843 0.03043401 0.5553132
0.9234517 0.03043399 0.3825059
0.9234517 0.03043399 0.3825059
0.9803309 0.030434 0.195
0.9803309 0.030434 0.195
0.9995368 0.03043399 0
0.9995368 0.03043399 0
0.9803311 0.030435 -0.194999
0.9803311 0.030435 -0.194999
0.9234517 0.03043499 -0.3825059
0.9234521 0.030435 -0.382505
0.8318062 0.03043401 -0.5542312
0.831149 0.030581 -0.5552081
0.706687 0.030701 -0.70686
0.706688 0.0307 -0.706859
0.5543259 0.03057799 -0.8317378
0.5553138 0.03043399 -0.8310838
0.3825071 0.030434 -0.9234511
0.3825071 0.030434 -0.9234511
0.195001 0.03043399 -0.9803308
0.195001 0.03043399 -0.9803308
0 0.03043399 -0.9995368
0 0.03043399 -0.9995368
-0.195 0.030434 -0.9803309
-0.195 0.030434 -0.9803309
-0.3825059 0.03043399 -0.9234517
-0.3825059 0.03043399 -0.9234517
-0.5553132 0.03043401 -0.8310843
-0.5553132 0.03043501 -0.8310843
-0.7067787 0.03043499 -0.7067797
-0.7067792 0.03043501 -0.7067792
-0.8310843 0.03043501 -0.5553132
-0.8310843 0.03043501 -0.5553132
-0.9234511 0.030435 -0.3825071
-0.9234511 0.030435 -0.3825071
-0.9800765 0.03043401 -0.1962751
-0.9803025 0.03058098 -0.1951199
-0.9995286 0.03069999 0.000123
-0.9995286 0.03069999 0.000122
-0.9800951 0.030578 0.196159
-0.9803311 0.030434 0.194999
-0.9234517 0.03043399 0.3825059
-0.9234521 0.030434 0.382505
-0.8310851 0.030434 0.555312
-0.8310851 0.030434 0.555312
-0.7067797 0.03043398 0.7067787
-0.7067797 0.03043398 0.7067787
-0.5553127 0.03043398 0.8310846
-0.5553132 0.03043401 0.8310843
-0.3825063 0.03043402 0.9234515
-0.3825059 0.03043399 0.9234517
-0.195 0.030434 0.9803309
-0.195 0.030434 0.9803309
0 -1 0
0 -1 0
0 -1 0
0 -1 0
0 -1 0
0 -1 0
0 -1 0
0 -1 0
0 -1 0
0 -1 0
0 -1 0
0 -1 0
0 -1 0
0 -1 0
0 -1 0
0 -1 0
0 -1 0
0 -1 0
0 -1 0
0 -1 0
0 -1 0
0 -1 0
0 -1 0
0 -1 0
0 -1 0
0 -1 0
0 -1 0
0 -1 0
0 -1 0
0 -1 0
0 -1 0
0 -1 0
-0.06914897 0.9975115 -0.01375399
-0.05862097 0.9975115 -0.03916998
-0.06513697 0.9975115 -0.02697999
-0.03916998 0.9975115 -0.05862097
-0.04985298 0.9975116 -0.04985298
-0.04985298 0.9975116 0.04985298
-0.06513697 0.9975115 0.02697999
-0.05862098 0.9975116 0.03916898
-0.06914897 0.9975115 0.01375399
-0.04698799 0.9988847 -0.004627999
-0.04698799 0.9988847 0.004627999
-0.004627999 0.9988847 0.04698799
-0.02698099 0.9975115 0.06513697
-0.03916998 0.9975115 0.05862097
-0.01375499 0.9975115 0.06914897
-0.01375499 0.9975115 -0.06914897
-0.02697999 0.9975115 -0.06513697
0 1 0
0 1 0
-0.004627999 0.9988847 -0.04698799
0.004627999 0.9988847 -0.04698799
0.01375399 0.9975115 -0.06914897
0.03916998 0.9975115 -0.05862097
0.02697999 0.9975115 -0.06513697
0.04985298 0.9975116 0.04985298
0.02698099 0.9975115 0.06513697
0.03916998 0.9975115 0.05862097
0.01375499 0.9975115 0.06914897
0.004627999 0.9988847 0.04698799
0.06914897 0.9975115 -0.01375499
0.06513697 0.9975115 0.02697999
0.05862098 0.9975116 0.03916898
0.06914897 0.9975115 0.01375399
0.04698799 0.9988847 0.004627999
0.04698799 0.9988847 -0.004627999
0.05862097 0.9975115 -0.03916998
0.04985298 0.9975116 -0.04985298
0.06513697 0.9975115 -0.02697999
-0.072994 0.927366 -0.366966
-0.02925302 0.9544255 -0.2970122
-0.03682599 0.9267369 -0.373902
-0.05796901 0.9548341 -0.29143
-0.143183 0.9273662 -0.3456741
-0.03368999 0.9849765 -0.1693699
-0.017006 0.9848341 -0.172663
-0.004627999 0.9988847 -0.04698799
-0.01375499 0.9975115 -0.06914897
-0.06608497 0.9849765 -0.1595429
-0.02697999 0.9975115 -0.06513697
-0.11371 0.9548341 -0.274521
-0.2078691 0.9273664 -0.3110981
-0.09593995 0.9849765 -0.1435849
-0.03916998 0.9975115 -0.05862097
-0.165082 0.9548342 -0.2470621
-0.2645681 0.9273662 -0.264567
-0.1221089 0.9849765 -0.1221089
-0.04985298 0.9975116 -0.04985298
-0.210109 0.9548342 -0.210109
-0.311099 0.9273661 -0.207869
-0.1435849 0.9849765 -0.09593995
-0.05862097 0.9975115 -0.03916998
-0.247063 0.9548339 -0.165082
-0.3456741 0.9273662 -0.143183
-0.1595429 0.9849765 -0.06608497
-0.06513697 0.9975115 -0.02697999
-0.274521 0.9548341 -0.11371
-0.366966 0.927366 -0.072994
-0.1693699 0.9849765 -0.03368999
-0.06914897 0.9975115 -0.01375399
-0.29143 0.9548341 -0.05796901
-0.3739011 0.9267372 -0.03682601
-0.2970131 0.9544252 -0.02925301
-0.172663 0.9848341 -0.017006
-0.04698799 0.9988847 -0.004627999
-0.366966 0.927366 0.072994
-0.2970122 0.9544255 0.02925302
-0.373902 0.9267369 0.03682599
-0.29143 0.9548341 0.05796901
-0.3456741 0.9273663 0.143182
-0.1693699 0.9849765 0.03368999
-0.172663 0.9848341 0.017006
-0.04698799 0.9988847 0.004627999
-0.06914897 0.9975115 0.01375399
-0.1595429 0.9849765 0.06608497
-0.06513697 0.9975115 0.02697999
-0.274521 0.9548341 0.11371
-0.311099 0.9273661 0.207869
-0.1435849 0.9849765 0.09593995
-0.05862098 0.9975116 0.03916898
-0.247063 0.9548339 0.165082
-0.2645681 0.9273662 0.264567
-0.1221089 0.9849765 0.1221089
-0.04985298 0.9975116 0.04985298
-0.21011 0.954834 0.210109
-0.2078701 0.9273662 0.3110981
-0.09593995 0.9849765 0.1435849
-0.03916998 0.9975115 0.05862097
-0.165082 0.9548342 0.2470621
-0.143183 0.9273662 0.3456741
-0.06608497 0.9849765 0.1595429
-0.02698099 0.9975115 0.06513697
-0.113711 0.954834 0.274521
-0.072994 0.927366 0.366966
-0.03368999 0.9849765 0.1693699
-0.01375499 0.9975115 0.06914897
-0.05796901 0.9548341 0.29143
-0.03682601 0.9267372 0.3739011
-0.02925302 0.9544255 0.2970122
-0.017006 0.9848341 0.172663
-0.004627999 0.9988847 0.04698799
-0.072994 -0.927366 -0.366966
-0.03682599 -0.9267369 -0.373902
-0.02925302 -0.9544255 -0.2970122
-0.05796901 -0.9548341 -0.29143
-0.143183 -0.9273662 -0.3456741
-0.03368999 -0.9849765 -0.1693699
-0.017006 -0.9848341 -0.172663
-0.013045 -0.9911042 -0.132447
-0.02584099 -0.9911885 -0.1299129
-0.06608497 -0.9849765 -0.1595429
-0.05068998 -0.9911886 -0.122375
-0.11371 -0.9548341 -0.274521
-0.2078691 -0.9273664 -0.3110981
-0.09593995 -0.9849765 -0.1435849
-0.07358997 -0.9911885 -0.1101349
-0.165082 -0.9548342 -0.2470621
-0.2645681 -0.9273662 -0.264567
-0.1221089 -0.9849765 -0.1221089
-0.09366196 -0.9911885 -0.09366196
-0.210109 -0.9548342 -0.210109
-0.311099 -0.9273661 -0.207869
-0.1435849 -0.9849765 -0.09593995
-0.1101349 -0.9911885 -0.07358997
-0.247063 -0.9548339 -0.165082
-0.3456741 -0.9273662 -0.143183
-0.1595429 -0.9849765 -0.06608497
-0.122375 -0.9911886 -0.05068899
-0.274521 -0.9548341 -0.11371
-0.366966 -0.927366 -0.072994
-0.1693699 -0.9849765 -0.03368999
-0.1299129 -0.9911885 -0.02584099
-0.29143 -0.9548341 -0.05796901
-0.3739011 -0.9267372 -0.03682601
-0.2970122 -0.9544255 -0.02925302
-0.172663 -0.9848341 -0.017006
-0.132447 -0.9911042 -0.013045
-0.366966 -0.927366 0.072994
-0.373902 -0.9267369 0.03682599
-0.2970122 -0.9544255 0.02925302
-0.29143 -0.9548341 0.05796901
-0.3456741 -0.9273663 0.143182
-0.1693699 -0.9849765 0.03368999
-0.172663 -0.9848341 0.017006
-0.132447 -0.9911042 0.013045
-0.1299129 -0.9911885 0.02584099
-0.1595429 -0.9849765 0.06608497
-0.122375 -0.9911886 0.05068899
-0.274521 -0.9548341 0.11371
-0.311099 -0.9273661 0.207869
-0.1435849 -0.9849765 0.09593995
-0.1101349 -0.9911885 0.07358997
-0.247063 -0.9548339 0.165082
-0.2645681 -0.9273662 0.264567
-0.1221089 -0.9849765 0.1221089
-0.09366196 -0.9911885 0.09366196
-0.21011 -0.954834 0.210109
-0.2078701 -0.9273662 0.3110981
-0.09593995 -0.9849765 0.1435849
-0.07358997 -0.9911885 0.1101349
-0.165082 -0.9548342 0.2470621
-0.143183 -0.9273662 0.3456741
-0.06608497 -0.9849765 0.1595429
-0.05068998 -0.9911886 0.122375
-0.113711 -0.954834 0.274521
-0.072994 -0.927366 0.366966
-0.03368999 -0.9849765 0.1693699
-0.02584099 -0.9911885 0.1299129
-0.05796901 -0.9548341 0.29143
-0.03682601 -0.9267372 0.3739011
-0.02925302 -0.9544255 0.2970122
-0.017006 -0.9848341 0.172663
-0.013045 -0.9911042 0.132447
0.072994 0.927366 -0.366966
0.03682599 0.9267369 -0.373902
0.02925302 0.9544255 -0.2970122
0.05796901 0.9548341 -0.29143
0.143183 0.9273662 -0.3456741
0.03368999 0.9849765 -0.1693699
0.017006 0.9848341 -0.172663
0.004627999 0.9988847 -0.04698799
0.01375399 0.9975115 -0.06914897
0.06608497 0.9849765 -0.1595429
0.02697999 0.9975115 -0.06513697
0.11371 0.9548341 -0.274521
0.207869 0.9273661 -0.311099
0.09593995 0.9849765 -0.1435849
0.03916998 0.9975115 -0.05862097
0.165082 0.9548339 -0.247063
0.264567 0.9273662 -0.2645681
0.1221089 0.9849765 -0.1221089
0.04985298 0.9975116 -0.04985298
0.210109 0.9548342 -0.210109
0.311099 0.9273661 -0.207869
0.1435849 0.9849765 -0.09593995
0.05862097 0.9975115 -0.03916998
0.2470621 0.9548342 -0.165082
0.3456741 0.9273662 -0.143183
0.1595429 0.9849765 -0.06608497
0.06513697 0.9975115 -0.02697999
0.274521 0.9548341 -0.11371
0.366966 0.927366 -0.072994
0.1693699 0.9849765 -0.03368999
0.06914897 0.9975115 -0.01375499
0.29143 0.9548341 -0.05796901
0.3739011 0.9267372 -0.03682601
0.2970131 0.9544252 -0.02925301
0.172663 0.9848341 -0.017006
0.04698799 0.9988847 -0.004627999
0.3669661 0.9273661 0.07299301
0.373902 0.9267369 0.036825
0.2970122 0.9544255 0.02925302
0.29143 0.9548341 0.05796901
0.3456741 0.9273663 0.143182
0.1693699 0.9849765 0.03368999
0.172663 0.9848342 0.017005
0.04698799 0.9988847 0.004627999
0.06914897 0.9975115 0.01375399
0.1595429 0.9849765 0.06608497
0.06513697 0.9975115 0.02697999
0.274521 0.9548341 0.11371
0.311099 0.9273661 0.207869
0.1435849 0.9849765 0.09593995
0.05862098 0.9975116 0.03916898
0.247063 0.9548341 0.165081
0.2645681 0.9273662 0.264567
0.1221089 0.9849765 0.1221089
0.04985298 0.9975116 0.04985298
0.21011 0.954834 0.210109
0.2078701 0.9273662 0.3110981
0.09593995 0.9849765 0.1435849
0.03916998 0.9975115 0.05862097
0.165082 0.9548342 0.2470621
0.143183 0.9273662 0.3456741
0.06608497 0.9849765 0.1595429
0.02698099 0.9975115 0.06513697
0.113711 0.954834 0.274521
0.07299403 0.9273664 0.3669651
0.03368999 0.9849765 0.1693699
0.01375499 0.9975115 0.06914897
0.05796901 0.9548341 0.29143
0.03682601 0.9267372 0.3739011
0.02925302 0.9544255 0.2970122
0.017006 0.9848341 0.172663
0.004627999 0.9988847 0.04698799
0.072994 -0.927366 -0.366966
0.02925302 -0.9544255 -0.2970122
0.03682599 -0.9267369 -0.373902
0.05796901 -0.9548341 -0.29143
0.143183 -0.9273662 -0.3456741
0.03368999 -0.9849765 -0.1693699
0.017006 -0.9848341 -0.172663
0.013045 -0.9911042 -0.132447
0.02584099 -0.9911885 -0.1299129
0.06608497 -0.9849765 -0.1595429
0.05068899 -0.9911886 -0.122375
0.11371 -0.9548341 -0.274521
0.207869 -0.9273661 -0.311099
0.09593995 -0.9849765 -0.1435849
0.07358997 -0.9911885 -0.1101349
0.165082 -0.9548339 -0.247063
0.264567 -0.9273662 -0.2645681
0.1221089 -0.9849765 -0.1221089
0.09366196 -0.9911885 -0.09366196
0.210109 -0.9548342 -0.210109
0.311099 -0.9273661 -0.207869
0.1435849 -0.9849765 -0.09593995
0.1101349 -0.9911885 -0.07358997
0.2470621 -0.9548342 -0.165082
0.3456741 -0.9273662 -0.143183
0.1595429 -0.9849765 -0.06608497
0.122375 -0.9911886 -0.05068899
0.274521 -0.9548341 -0.11371
0.366966 -0.927366 -0.072994
0.1693699 -0.9849765 -0.03368999
0.1299129 -0.9911885 -0.02584099
0.29143 -0.9548341 -0.05796901
0.3739011 -0.9267372 -0.03682601
0.2970122 -0.9544255 -0.02925302
0.172663 -0.9848341 -0.017006
0.132447 -0.9911042 -0.013045
0.3669661 -0.9273661 0.07299301
0.2970122 -0.9544255 0.02925302
0.373902 -0.9267369 0.03682599
0.29143 -0.9548341 0.05796901
0.3456741 -0.9273663 0.143182
0.1693699 -0.9849765 0.03368999
0.172663 -0.9848342 0.017005
0.132447 -0.9911042 0.013045
0.1299129 -0.9911885 0.02584099
0.1595429 -0.9849765 0.06608497
0.1223759 -0.9911885 0.05068898
0.274521 -0.9548341 0.11371
0.311099 -0.9273661 0.207869
0.1435849 -0.9849765 0.09593995
0.1101349 -0.9911885 0.07358997
0.247063 -0.9548341 0.165081
0.2645681 -0.9273662 0.264567
0.1221089 -0.9849765 0.1221089
0.09366196 -0.9911885 0.09366196
0.21011 -0.954834 0.210109
0.2078701 -0.9273662 0.3110981
0.09593995 -0.9849765 0.1435849
0.07358997 -0.9911885 0.1101349
0.165082 -0.9548342 0.2470621
0.143184 -0.927366 0.345674
0.06608497 -0.9849765 0.1595429
0.05068998 -0.9911886 0.122375
0.113711 -0.954834 0.274521
0.07299403 -0.9273664 0.3669651
0.03368999 -0.9849765 0.1693699
0.02584099 -0.9911885 0.1299129
0.05796901 -0.9548341 0.29143
0.03682601 -0.9267372 0.3739011
0.02925302 -0.9544255 0.2970122
0.017006 -0.9848341 0.172663
0.013045 -0.9911042 0.132447
-0.36379 0.931481 0
-0.286742 0.9580079 0
-0.36379 0.931481 0
-0.2867429 0.9580076 0
-0.1702181 0.9854064 0
-0.1702181 0.9854064 0
-0.132396 0.9911969 0
-0.132396 0.9911969 0
0 0.9854064 -0.1702181
0 0.9911969 -0.132396
0 0.9911969 -0.132396
0 0.9854064 -0.1702181
0 0.9580079 -0.286742
0 0.9580076 -0.2867429
0 0.931481 -0.36379
0 0.931481 -0.36379
-0.2867429 -0.9580076 0
-0.363793 -0.9314799 5.999999E-05
-0.363793 -0.9314799 5.699999E-05
-0.2867401 -0.9580084 0
-0.1702181 -0.9854064 0
-0.1702169 -0.9854066 0
-0.132396 -0.9911969 0
-0.132396 -0.9911969 0
0 -0.9911969 -0.132396
0 -0.9854064 -0.1702181
0 -0.9911969 -0.132396
0 -0.9854064 -0.1702181
0 -0.9580076 -0.2867429
0 -0.9580076 -0.2867429
0 -0.931481 -0.36379
0 -0.931481 -0.36379
0 0.9580079 0.286742
0 0.931481 0.36379
0 0.931481 0.36379
0 0.9580079 0.286742
0 0.9854064 0.1702181
0 0.9854064 0.1702181
0 0.9911969 0.132396
0 0.9911969 0.132396
0 -0.931481 0.36379
0 -0.9580079 0.286742
0 -0.931481 0.36379
0 -0.9580079 0.286742
0 -0.9854064 0.1702181
0 -0.9854064 0.1702181
0 -0.9911969 0.132396
0 -0.9911969 0.132396
0.2867429 0.9580076 0
0.36379 0.931481 0
0.36379 0.931481 0
0.286742 0.9580079 0
0.1702181 0.9854064 0
0.1702181 0.9854064 0
0.132396 0.9911969 0
0.132396 0.9911969 0
0.3637879 -0.9314818 5.599999E-05
0.286742 -0.9580079 0
0.3637871 -0.9314822 6.000001E-05
0.286745 -0.958007 0
0.1702181 -0.9854064 0
0.1702181 -0.9854064 0
0.132396 -0.9911969 0
0.132396 -0.9911969 0
0 -1 0
0 -1 0
0 -1 0
0 -1 0
0 -0.4801039 0.8772117
0.1711371 -0.4801032 0.8603564
0.1711371 -0.4801032 0.8603564
0 -0.4801039 0.8772117
-0.171136 -0.480104 0.860356
-0.1711361 -0.4801032 0.8603565
-0.3356951 -0.480103 0.8104381
-0.3356949 -0.4801038 0.8104377
-0.4873528 -0.4801038 0.7293747
-0.4873532 -0.4801042 0.7293743
-0.6202828 -0.4801039 0.6202818
-0.6202828 -0.4801039 0.6202818
-0.7293755 -0.4801037 0.4873517
-0.729376 -0.480103 0.487352
-0.8104387 -0.4801028 0.3356939
-0.8104383 -0.4801032 0.3356941
-0.8603569 -0.4801029 0.171135
-0.860357 -0.480103 0.171134
-0.877212 -0.480103 0
-0.877212 -0.480103 0
-0.8603569 -0.4801029 -0.171135
-0.8603569 -0.4801029 -0.171135
-0.8104383 -0.4801032 -0.3356941
-0.8104379 -0.480104 -0.335694
-0.7293751 -0.4801041 -0.4873521
-0.7293751 -0.4801041 -0.4873521
-0.6202831 -0.480103 -0.6202821
-0.6202831 -0.480103 -0.6202821
-0.4873528 -0.4801038 -0.7293747
-0.4873528 -0.4801038 -0.7293747
-0.3356951 -0.480103 -0.8104381
-0.3356951 -0.480103 -0.8104381
-0.1711361 -0.4801032 -0.8603565
-0.1711361 -0.4801032 -0.8603565
0 -0.480103 -0.877212
0 -0.480103 -0.877212
0.1711349 -0.4801037 -0.8603565
0.171135 -0.4801029 -0.8603569
0.3356941 -0.4801032 -0.8104383
0.3356941 -0.4801032 -0.8104383
0.4873531 -0.4801031 -0.7293751
0.4873528 -0.4801038 -0.7293747
0.6202822 -0.4801041 -0.6202822
0.6202822 -0.4801041 -0.6202822
0.7293747 -0.4801038 -0.4873528
0.7293751 -0.4801031 -0.4873531
0.8104381 -0.480103 -0.3356951
0.8104381 -0.480103 -0.3356951
0.8603565 -0.4801032 -0.1711361
0.860356 -0.480104 -0.171136
0.8772117 -0.4801039 0
0.8772117 -0.4801039 0
0.8603566 -0.4801038 0.1711339
0.8603566 -0.4801038 0.1711339
0.8104386 -0.4801038 0.3356929
0.8104386 -0.4801038 0.3356929
0.729376 -0.480104 0.4873509
0.729376 -0.480104 0.4873509
0.6202832 -0.4801042 0.6202812
0.6202832 -0.4801042 0.6202812
0.487354 -0.4801039 0.7293739
0.4873532 -0.4801042 0.7293743
0.335696 -0.4801041 0.8104371
0.335696 -0.4801041 0.8104371
0.1711371 -0.4801032 0.8603564
0.1711371 -0.4801032 0.8603564
0 0 -1
-0.195091 0 -0.9807851
-0.195091 0 -0.9807851
0 0 -1
0.195091 0 -0.9807851
0.195091 0 -0.9807851
0.3826841 0 -0.9238793
0.3826841 0 -0.9238793
0.5555711 0 -0.8314691
0.5555711 0 -0.8314691
0.7071072 0 -0.7071062
0.7071072 0 -0.7071062
0.8314703 0 -0.5555692
0.8314703 0 -0.5555692
0.9238797 0 -0.3826829
0.9238797 0 -0.3826829
0.9807855 0 -0.1950891
0.9807855 0 -0.1950891
1 0 0
1 0 0
0.9807854 0 0.1950901
0.9807854 0 0.1950901
0.9238797 0 0.3826829
0.9238797 0 0.3826829
0.8314699 0 0.5555699
0.8314699 0 0.5555699
0.7071068 0 0.7071068
0.7071068 0 0.7071068
0.5555699 0 0.8314699
0.5555699 0 0.8314699
0.3826841 0 0.9238793
0.3826838 0 0.9238794
0.195091 0 0.9807851
0.195091 0 0.9807851
0 0 1
0 0 1
-0.1950901 0 0.9807854
-0.1950901 0 0.9807854
-0.3826829 0 0.9238797
-0.3826829 0 0.9238797
-0.5555699 0 0.8314699
-0.5555699 0 0.8314699
-0.7071068 0 0.7071068
-0.7071062 0 0.7071072
-0.8314695 0 0.5555704
-0.8314695 0 0.5555704
-0.9238797 0 0.3826829
-0.9238797 0 0.3826829
-0.9807851 0 0.195091
-0.9807851 0 0.195091
-1 0 0
-1 0 0
-0.9807855 0 -0.1950889
-0.9807855 0 -0.1950889
-0.9238801 0 -0.3826821
-0.9238801 0 -0.3826821
-0.8314706 0 -0.5555687
-0.8314706 0 -0.5555687
-0.7071083 0 -0.7071052
-0.7071083 0 -0.7071052
-0.5555711 0 -0.8314691
-0.5555711 0 -0.8314691
-0.382685 0 -0.9238789
-0.382685 0 -0.9238789
-0.195091 0 -0.9807851
-0.195091 0 -0.9807851
-0.8603569 -0.4801029 -0.171135
-0.8880857 -0.4596778 0
-0.961401 -0.27146 -0.044918
-0.877212 -0.480103 0
-0.9614007 -0.2714609 0.04491599
-0.8603569 -0.4801029 -0.171135
-0.8603569 -0.4801029 0.171135
-0.8104383 -0.4801032 -0.3356941
-0.8603569 -0.4801029 0.171135
-0.8104383 -0.4801032 -0.3356941
-0.8104383 -0.4801032 0.3356941
-0.7293751 -0.4801031 -0.4873531
-0.8104383 -0.4801032 0.3356941
-0.7293751 -0.4801031 -0.4873531
-0.7293755 -0.4801033 0.4873523
-0.6202831 -0.480103 -0.6202821
-0.7293751 -0.4801041 0.4873521
-0.6202831 -0.480103 -0.6202821
-0.6202828 -0.4801039 0.6202818
-0.4873531 -0.4801031 -0.7293751
-0.6202828 -0.4801039 0.6202818
-0.4873531 -0.4801031 -0.7293751
-0.487354 -0.4801039 0.7293739
-0.3356951 -0.480103 -0.8104381
-0.487354 -0.4801039 0.7293739
-0.3356951 -0.480103 -0.8104381
-0.3356949 -0.4801038 0.8104377
-0.1711361 -0.4801032 -0.8603565
-0.3356949 -0.4801038 0.8104377
-0.171136 -0.4801028 -0.8603567
-0.171136 -0.480104 0.860356
-0.04491799 -0.2714609 -0.9614007
0 -0.480103 -0.877212
-0.171136 -0.480104 0.860356
0 -0.4596771 -0.8880862
0.1711349 -0.4801037 -0.8603565
0 -0.4801039 0.8772117
0.171135 -0.4801029 -0.8603569
0.044917 -0.27146 -0.961401
0.335694 -0.480104 -0.8104379
0.3356941 -0.4801032 -0.8104383
0.4873523 -0.4801033 -0.7293755
0.4873523 -0.4801033 -0.7293755
0.6202821 -0.480103 -0.6202831
0.6202821 -0.480103 -0.6202831
0.7293747 -0.4801038 -0.4873528
0.7293747 -0.4801038 -0.4873528
0.8104381 -0.480103 -0.3356951
0.8104383 -0.4801032 -0.3356941
0 -0.4596771 0.8880862
-0.04491701 -0.2714591 0.9614013
0.04491799 -0.2714609 0.9614007
0.171136 -0.480104 0.860356
0.171136 -0.480104 0.860356
0.335696 -0.4801041 0.8104371
0.335696 -0.4801041 0.8104371
0.487354 -0.4801039 0.7293739
0.487354 -0.4801039 0.7293739
0.6202832 -0.4801042 0.6202812
0.6202828 -0.4801039 0.6202818
0.729376 -0.480103 0.487352
0.729376 -0.480103 0.487352
0.8104389 -0.480103 0.335693
0.8104389 -0.480103 0.335693
0.860357 -0.480103 0.171134
0.860357 -0.480103 0.171134
0.8880857 -0.4596778 0
0.9614006 -0.2714619 0.04491498
0.877212 -0.480103 0
0.9614004 -0.2714618 -0.04491897
0.8603567 -0.4801028 -0.171136
0.8603567 -0.4801028 -0.171136
0.8104383 -0.4801032 -0.3356941
0.8104381 -0.480103 -0.3356951
-0.8314695 0 0.5555704
-0.9238793 0 0.3826841
-0.9238793 0 0.3826841
-0.8314695 0 0.5555704
-0.7071068 0 0.7071068
-0.7071068 0 0.7071068
-0.5555699 0 0.8314699
-0.5555699 0 0.8314699
-0.3826829 0 0.9238797
-0.3826829 0 0.9238797
-0.1950901 0 0.9807854
-0.1950901 0 0.9807854
0 0 1
0 0 1
0.195091 0 0.9807851
0.195091 0 0.9807851
0.3826841 0 0.9238793
0.3826841 0 0.9238793
0.5555699 0 0.8314699
0.5555699 0 0.8314699
0.7071068 0 0.7071068
0.7071068 0 0.7071068
0.8314699 0 0.5555699
0.8314699 0 0.5555699
0.9238797 0 0.3826829
0.9238797 0 0.3826829
0.9807854 0 0.1950901
0.9807854 0 0.1950901
1 0 0
1 0 0
0.9807855 0 -0.1950891
0.9807855 0 -0.1950891
0.9238797 0 -0.3826829
0.9238801 0 -0.3826821
0.8314699 0 -0.5555699
0.8314699 0 -0.5555699
0.7071072 0 -0.7071062
0.7071072 0 -0.7071062
0.5555711 0 -0.8314691
0.5555711 0 -0.8314691
0.382685 0 -0.9238789
0.382685 0 -0.9238789
0.195091 0 -0.9807851
0.195091 0 -0.9807851
0 0 -1
0 0 -1
-0.195092 0 -0.9807849
-0.195092 0 -0.9807849
-0.382685 0 -0.9238789
-0.382685 0 -0.9238789
-0.5555711 0 -0.8314691
-0.5555711 0 -0.8314691
-0.7071078 0 -0.7071058
-0.7071078 0 -0.7071058
-0.8314703 0 -0.5555692
-0.8314703 0 -0.5555692
-0.9238801 0 -0.3826821
-0.9238801 0 -0.3826821
-0.9807855 0 -0.1950889
-0.9807855 0 -0.1950889
-1 0 0
-1 0 0
-0.9807854 0 0.1950901
-0.9807854 0 0.1950901
-0.9238793 0 0.3826841
-0.9238793 0 0.3826841
-0.961401 -0.27146 -0.044918
-0.8880857 -0.4596778 0
-0.9614007 -0.2714609 0.04491599
-0.9911886 0.132458 0
-0.9911884 0.1324589 0
-0.04491799 -0.2714609 -0.9614007
0.044917 -0.27146 -0.961401
0 -0.4596771 -0.8880862
0 0.132457 -0.9911888
0 0.132457 -0.9911888
0.9614004 -0.2714618 -0.04491897
0.9614006 -0.2714619 0.04491498
0.8880857 -0.4596778 0
0.9911888 0.132457 0
0.9911888 0.132457 0
-0.04491701 -0.2714591 0.9614013
0 -0.4596771 0.8880862
0.04491799 -0.2714609 0.9614007
0 0.1324589 0.9911884
0 0.1324589 0.9911884
-0.9911886 -0.132458 0
-0.9911888 -0.132457 0
-0.9911886 -0.132458 0
-0.9911884 -0.1324589 0
0 -0.132457 -0.9911888
0 -0.132457 -0.9911888
0 -0.132457 -0.9911888
0 -0.132457 -0.9911888
0 -0.1324589 0.9911884
0 -0.1324589 0.9911884
0 -0.1324589 0.9911884
0 -0.1324589 0.9911884
0.9911888 -0.132457 0
0.9911888 -0.132457 0
0.9911888 -0.132457 0
0.9911888 -0.132457 0
0 0 -1
0 0 -1
0 0 -1
0 0 -1
0 0 -1
0 0 -1
0 0 -1
0 0 -1
0 0 1
0 0 1
0 0 1
0 0 1
0 0 1
0 0 1
0 0 1
0 0 1
1 0 0
1 0 0
1 0 0
1 0 0
1 0 0
1 0 0
1 0 0
1 0 0
-1 0 0
-1 0 0
-1 0 0
-1 0 0
-1 0 0
-1 0 0
-1 0 0
-1 0 0
-1 0 0
-1 0 0
-1 0 0
-1 0 0
-1 0 0
-1 0 0
-1 0 0
-1 0 0
1 0 0
1 0 0
1 0 0
1 0 0
1 0 0
1 0 0
1 0 0
1 0 0
0 0 1
0 0 1
0 0 1
0 0 1
0 0 1
0 0 1
0 0 1
0 0 1
0 0 -1
0 0 -1
0 0 -1
0 0 -1
0 0 -1
0 0 -1
0 0 -1
0 0 -1
0 0 -1
0 0 -1
0 0 -1
0 0 -1
0 0 -1
0 0 -1
0 0 -1
0 0 -1
0 0 1
0 0 1
0 0 1
0 0 1
0 0 1
0 0 1
0 0 1
0 0 1
1 0 0
1 0 0
1 0 0
1 0 0
1 0 0
1 0 0
1 0 0
1 0 0
-1 0 0
-1 0 0
-1 0 0
-1 0 0
-1 0 0
-1 0 0
-1 0 0
-1 0 0
1 0 0
1 0 0
1 0 0
1 0 0
1 0 0
1 0 0
1 0 0
1 0 0
-1 0 0
-1 0 0
-1 0 0
-1 0 0
-1 0 0
-1 0 0
-1 0 0
-1 0 0
0 0 -1
0 0 -1
0 0 -1
0 0 -1
0 0 -1
0 0 -1
0 0 -1
0 0 -1
0 0 1
0 0 1
0 0 1
0 0 1
0 0 1
0 0 1
0 0 1
0 0 1
0 -1 0
0 -1 0
0 -1 0
0 -1 0
0 -1 0
0 -1 0
0 -1 0
0 -1 0
0 -1 0
0 -1 0
0 -1 0
0 -1 0
0 -1 0
0 -1 0
0 -1 0
0 -1 0
0 -1 0
0 -1 0
0 -1 0
0 -1 0
0 -1 0
0 -1 0
0 -1 0
0 -1 0
0 -1 0
0 -1 0
0 -1 0
0 -1 0
0 -1 0
0 -1 0
0 -1 0
0 -1 0
0 -1 0
0 -1 0
0 -1 0
0 -1 0
0 -1 0
0 -1 0
0 -1 0
0 -1 0
0 -1 0
0 -1 0
0 -1 0
0 -1 0
0 -1 0
0 -1 0
0 -1 0
0 -1 0
0 -1 0
0 -1 0
0 -1 0
0 -1 0
0 -1 0
0 -1 0
0 -1 0
0 -1 0
0 -1 0
0 -1 0
0 -1 0
0 -1 0
0 -1 0
0 -1 0
0 -1 0
0 -1 0
0 1 0
0 1 0
0 1 0
0 1 0
0 1 0
0 1 0
0 1 0
0 1 0
0 1 0
0 1 0
0 1 0
0 1 0
0 1 0
0 1 0
-0.0006439998 0.9999756 0.006969997
0 1 0
0.006788999 0.9998908 0.01313
0 1 0
0.005332999 0.9998869 0.014065
0 1 0
0.006706 0.9999771 -0.0009120001
0 1 0
0.005881 0.999944 -0.008801
0 1 0
0 1 0
0.002065 0.999944 0.010382
0 1 0
-0.004097001 0.9999771 0.005387
0 1 0
-0.013717 0.9998869 -0.006174
0 1 0
-0.014085 0.9998908 -0.004483999
0 1 0
-0.004472998 0.9999756 -0.005383998
0 1 0
0 1 0
0 1 0
0 1 0
0 1 0
0 1 0
0 1 0
0 1 0
0 1 0
0 1 0
0 1 0
0 1 0
0.006969997 0.9999756 0.0006439998
0 1 0
0.01313 0.9998908 -0.006788999
0 1 0
0.014065 0.9998869 -0.005332999
0 1 0
-0.0009120001 0.9999771 -0.006706
0 1 0
-0.008801 0.999944 -0.005881
0 1 0
0 1 0
0 1 0
0 1 0
0 1 0
0 1 0
0 1 0
0 1 0
0 1 0
0 -1 0
0 -1 0
0 -1 0
0 -1 0
0 -1 0
0 -1 0
0 -1 0
0 -1 0
0 -1 0
0 -1 0
0 -1 0
0 -1 0
0 -1 0
0 -1 0
0 -1 0
0 -1 0
0 -1 0
0 -1 0
0 -1 0
0 -1 0
0 -1 0
0 -1 0
0 -1 0
0 -1 0
0 -1 0
0 -1 0
0 -1 0
0 -1 0
0 -1 0
0 -1 0
0 -1 0
0 -1 0
0 -1 0
0 -1 0
0 -1 0
0 -1 0
0 -1 0
0 -1 0
0 -1 0
0 -1 0
0 -1 0
0 -1 0
0 -1 0
0 -1 0
0 -1 0
0 -1 0
0 -1 0
0 -1 0
0 -1 0
0 -1 0
0 -1 0
0 -1 0
0 -1 0
0 -1 0
0 -1 0
0 -1 0
0 -1 0
0 -1 0
0 -1 0
0 -1 0
0 -1 0
0 -1 0
0 -1 0
0 -1 0
-0.07176898 0.9298759 0.3608049
0 0.9298757 0.3678739
0 0.9298757 0.3678739
-0.07176898 0.9298759 0.3608049
0.07176799 0.9298759 0.3608049
-0.140779 0.9298759 0.3398709
0.07176799 0.9298759 0.3608049
-0.140779 0.9298759 0.3398709
0.140779 0.9298759 0.3398709
-0.2043799 0.9298757 0.3058759
0.140779 0.9298759 0.3398709
-0.2043799 0.9298757 0.3058759
0.193607 0.9297979 0.313037
-0.2601259 0.9298759 0.2601259
0.195967 0.9293839 0.312798
-0.2601259 0.9298759 0.2601259
0.260192 0.9303901 0.258214
-0.305876 0.929876 0.204379
0.2600139 0.9303137 0.2586679
-0.305876 0.929876 0.204379
0.313334 0.929296 0.195527
-0.3398709 0.9298759 0.140779
0.311365 0.92983 0.196133
-0.3398709 0.9298759 0.140779
0.3398709 0.9298759 0.140779
-0.358855 0.9298301 0.081481
0.3398709 0.9298759 0.140779
-0.359819 0.929296 0.08330199
0.3608049 0.9298759 0.07176898
-0.3667639 0.9303136 0.0009509996
0.3608049 0.9298759 0.07176898
-0.3665681 0.9303902 0.001399
0.3678739 0.9298757 0
-0.359751 0.929384 -0.082612
0.3678739 0.9298757 0
-0.358251 0.929798 -0.08445
0.3608049 0.9298759 -0.07176799
-0.3398709 0.9298759 -0.140779
0.3608049 0.9298759 -0.07176799
-0.3398709 0.9298759 -0.140779
0.3398709 0.9298759 -0.140779
-0.3058759 0.9298757 -0.2043799
0.3398709 0.9298759 -0.140779
-0.3058759 0.9298757 -0.2043799
0.313037 0.9297979 -0.193607
-0.2601259 0.9298759 -0.2601259
0.312798 0.9293839 -0.195967
-0.2601259 0.9298759 -0.2601259
0.258214 0.9303901 -0.260192
-0.2043799 0.9298757 -0.3058759
0.2586679 0.9303137 -0.2600139
-0.2043799 0.9298757 -0.3058759
0.195527 0.929296 -0.313334
-0.140779 0.9298759 -0.3398709
0.196133 0.92983 -0.311365
-0.140779 0.9298759 -0.3398709
0.140779 0.9298759 -0.3398709
-0.07176898 0.9298759 -0.3608049
0.140779 0.9298759 -0.3398709
-0.07176898 0.9298759 -0.3608049
0.07176898 0.9298759 -0.3608049
0 0.9298757 -0.3678739
0.07176898 0.9298759 -0.3608049
0 0.9298757 -0.3678739
-0.09801599 0 -0.9951848
-0.09801599 0 -0.9951848
-0.1950901 0 -0.9807854
-0.1950901 0 -0.9807854
-0.3826841 0 -0.9238793
-0.3826841 0 -0.9238793
-0.5555699 0 -0.8314699
-0.5555699 0 -0.8314699
-0.7071068 0 -0.7071068
-0.7071068 0 -0.7071068
-0.8314699 0 -0.5555699
-0.8314699 0 -0.5555699
-0.9238797 0 -0.3826829
-0.9238797 0 -0.3826829
-0.9807854 0 -0.1950901
-0.9807854 0 -0.1950901
-0.9951847 0 -0.09801698
-0.9951847 0 -0.09801698
-0.09801599 0 0.9951848
-0.1950901 0 0.9807854
-0.09801599 0 0.9951848
-0.1950901 0 0.9807854
-0.382685 0 0.9238789
-0.382685 0 0.9238789
-0.5555711 0 0.8314691
-0.5555711 0 0.8314691
-0.7071072 0 0.7071062
-0.7071072 0 0.7071062
-0.8314703 0 0.5555692
-0.8314703 0 0.5555692
-0.9238801 0 0.3826821
-0.9238801 0 0.3826821
-0.9807855 0 0.1950889
-0.9807855 0 0.1950889
-0.9951848 0 0.09801599
-0.9951848 0 0.09801599
0.09801599 0 -0.9951848
0.1950901 0 -0.9807854
0.09801599 0 -0.9951848
0.1950901 0 -0.9807854
0.3826829 0 -0.9238797
0.3826829 0 -0.9238797
0.5555699 0 -0.8314699
0.5555699 0 -0.8314699
0.7071068 0 -0.7071068
0.7071068 0 -0.7071068
0.8314695 0 -0.5555704
0.8314695 0 -0.5555704
0.9238797 0 -0.3826829
0.9238797 0 -0.3826829
0.9807854 0 -0.1950901
0.9807854 0 -0.1950901
0.9951847 0 -0.09801698
0.9951847 0 -0.09801698
0.09801698 0 0.9951847
0.09801698 0 0.9951847
0.195091 0 0.9807851
0.195091 0 0.9807851
0.382685 0 0.9238789
0.382685 0 0.9238789
0.5555711 0 0.8314691
0.5555711 0 0.8314691
0.7071078 0 0.7071058
0.7071078 0 0.7071058
0.8314706 0 0.5555687
0.8314706 0 0.5555687
0.9238801 0 0.3826821
0.9238801 0 0.3826821
0.9807855 0 0.1950889
0.9807855 0 0.1950889
0.995185 0 0.098015
0.995185 0 0.098015
-1 0 -1.8E-05
-1 -2E-05 -5.5E-05
-1 0 -3.6E-05
-1 1.3E-05 0
0 0 -1
0 0 -1
0 0 -1
0 0 -1
0 0 1
0 0 1
0 0 1
0 0 1
1 0 -3.7E-05
1 -2E-05 0
1 0 -1.9E-05
1 1.3E-05 -5.5E-05
0 0 -1
0 0 -1
0 0 -1
0 0 -1
0 0 1
0 0 1
0 0 1
0 0 1
1 0 0
1 0 0
1 0 0
1 0 0
-1 0 0
-1 0 0
-1 0 0
-1 0 0
-1 0 0
-1 0 0
-1 0 0
-1 0 0
1 0 0
1 0 0
1 0 0
1 0 0
0 0 1
0 0 1
0 0 1
0 0 1
0 0 -1
0 0 -1
0 0 -1
0 0 -1
0.172054 0.4713959 -0.8649759
0 0.4713963 -0.8819215
0 0.5527609 -0.8333399
0.1625761 0.5527613 -0.8173273
0.3374969 0.4713969 -0.8147888
-0.162575 0.5527609 -0.8173278
-0.1720529 0.4713968 -0.8649756
0.3189049 0.5527609 -0.7699059
0.4899689 0.4713969 -0.7332909
-0.3189041 0.5527611 -0.7699061
-0.3374949 0.4713969 -0.8147897
0.4629789 0.5527609 -0.6928968
0.6236126 0.4713967 -0.6236126
-0.4629781 0.5527611 -0.6928971
-0.4899678 0.4713968 -0.7332917
0.5892602 0.5527612 -0.5892602
0.7332911 0.4713961 -0.4899691
-0.5892592 0.5527612 -0.5892612
-0.6236109 0.471397 -0.623614
0.6928962 0.5527612 -0.4629792
0.8147888 0.4713969 -0.3374969
-0.6928959 0.552761 -0.4629799
-0.7332897 0.4713968 -0.4899708
0.7699054 0.5527614 -0.3189052
0.8649755 0.4713967 -0.1720539
-0.769905 0.552761 -0.318907
-0.8147885 0.4713967 -0.3374978
0.8173273 0.5527613 -0.1625761
0.8819215 0.4713963 0
-0.8173271 0.5527611 -0.162578
-0.8649749 0.471397 -0.172056
0.8333399 0.5527609 0
0.8649755 0.4713963 0.1720551
-0.8333399 0.5527609 0
-0.8819215 0.4713963 0
0.8173273 0.5527612 0.162577
0.8147892 0.4713961 0.3374971
-0.8173275 0.5527614 0.1625751
-0.8649756 0.4713968 0.1720529
0.7699051 0.5527611 0.3189061
0.7332911 0.4713961 0.4899691
-0.7699061 0.5527611 0.3189041
-0.8147898 0.4713959 0.3374959
0.6928962 0.5527612 0.4629792
0.6236119 0.471397 0.6236129
-0.6928971 0.5527611 0.4629781
-0.7332915 0.4713964 0.4899684
0.5892602 0.5527612 0.5892602
0.4899689 0.4713969 0.7332909
-0.5892612 0.5527612 0.5892592
-0.6236132 0.4713962 0.6236122
0.4629781 0.5527611 0.6928971
0.337496 0.4713971 0.8147891
-0.4629792 0.5527612 0.6928962
-0.4899702 0.4713962 0.7332904
0.3189049 0.5527609 0.7699059
0.1720539 0.4713967 0.8649755
-0.3189061 0.5527611 0.7699051
-0.3374971 0.4713961 0.8147892
0.1625761 0.5527613 0.8173273
0 0.471397 0.8819211
-0.162577 0.5527612 0.8173273
-0.172055 0.471397 0.8649751
0 0.5527609 0.8333399
-0.3945339 0.7040589 0.5904609
-0.27176 0.7040589 0.656085
-0.138542 0.7040592 0.6964962
0 0.7040592 0.7101412
0.138541 0.7040592 0.6964962
0.2717591 0.7040592 0.6560852
-0.5021462 0.7040592 0.5021452
0.3945331 0.7040592 0.5904611
-0.5904611 0.7040592 0.3945331
0.5021459 0.7040589 0.5021459
-0.6560854 0.7040594 0.2717581
0.5904609 0.7040589 0.3945339
-0.6964962 0.7040592 0.138541
0.656085 0.7040589 0.27176
-0.7101412 0.7040592 0
0.6964962 0.7040592 0.138542
-0.6964961 0.7040591 -0.138543
0.7101412 0.7040592 0
-0.656085 0.7040589 -0.27176
0.6964962 0.7040592 -0.138542
-0.5904603 0.7040594 -0.3945342
0.6560852 0.7040592 -0.2717591
-0.5021449 0.7040589 -0.502147
0.5904609 0.7040589 -0.3945339
-0.394532 0.704059 -0.590462
0.5021459 0.7040589 -0.5021459
-0.2717579 0.7040589 -0.6560859
0.3945331 0.7040592 -0.5904611
-0.138541 0.7040592 -0.6964962
0.2717591 0.7040592 -0.6560852
0 0.7040592 -0.7101412
0.138542 0.7040592 -0.6964962
-0.3109938 0.8286445 -0.4654367
-0.2142159 0.8286447 -0.5171648
-0.109206 0.8286449 -0.5490189
0 0.8286448 -0.5597749
0.109207 0.8286448 -0.5490188
0.2142169 0.8286445 -0.5171647
-0.3958199 0.8286449 -0.3958209
0.3109939 0.8286448 -0.4654359
-0.465435 0.8286449 -0.310995
0.3958208 0.8286445 -0.3958208
-0.5171639 0.8286449 -0.214218
0.4654359 0.8286448 -0.3109939
-0.5490187 0.8286447 -0.109208
0.5171647 0.8286445 -0.2142169
-0.5597749 0.8286448 0
0.5490188 0.8286448 -0.109207
-0.5490189 0.8286449 0.109206
0.5597749 0.8286448 0
-0.5171648 0.8286447 0.2142159
0.5490188 0.8286448 0.109207
-0.4654359 0.8286448 0.3109939
0.5171647 0.8286445 0.2142169
-0.3958209 0.8286449 0.3958199
0.4654357 0.8286445 0.3109948
-0.3109948 0.8286445 0.4654357
0.3958208 0.8286445 0.3958208
-0.214217 0.8286449 0.5171639
0.3109939 0.8286448 0.4654359
-0.109207 0.8286448 0.5490188
0.2142159 0.8286447 0.5171648
0 0.8286448 0.5597749
0.109206 0.8286449 0.5490189
-0.148438 0.9217069 0.358361
-0.075673 0.921707 0.380434
0 0.921707 0.387887
0.075673 0.921707 0.380434
0.148438 0.9217069 0.358361
0.215498 0.921707 0.322516
-0.215499 0.921707 0.322516
0.274277 0.921707 0.274278
-0.274278 0.921707 0.274277
0.322516 0.921707 0.215499
-0.322516 0.921707 0.215498
0.358361 0.9217069 0.148438
-0.358361 0.921707 0.148437
0.380434 0.921707 0.075673
-0.380434 0.921707 0.075672
0.387887 0.921707 0
-0.387887 0.921707 0
0.380434 0.921707 -0.075673
-0.3804339 0.9217069 -0.07567399
0.358361 0.9217069 -0.148438
-0.3583601 0.9217072 -0.148438
0.322516 0.921707 -0.215498
-0.322516 0.921707 -0.215499
0.2742771 0.9217072 -0.2742771
-0.274277 0.921707 -0.274278
0.215498 0.921707 -0.322516
-0.215498 0.9217069 -0.322517
0.148438 0.9217069 -0.358361
-0.148437 0.921707 -0.358361
0.075673 0.921707 -0.380434
-0.075672 0.921707 -0.380434
0 0.921707 -0.387887
-0.1421059 0.9795976 -0.142107
-0.111652 0.9795976 -0.1670999
0 1 0
-0.1670989 0.9795976 -0.111653
-0.07690697 0.9795976 -0.1856709
-0.1856709 0.9795976 -0.07690797
-0.03920699 0.9795976 -0.1971069
-0.1971069 0.9795976 -0.03920699
0 0.9795976 -0.2009689
-0.2009689 0.9795976 0
0.03920699 0.9795976 -0.1971069
-0.1971069 0.9795976 0.03920699
0.07690697 0.9795976 -0.1856709
-0.1856709 0.9795976 0.07690697
0.111652 0.9795976 -0.1670999
-0.1670999 0.9795976 0.111652
0.142106 0.9795977 -0.142106
-0.142107 0.9795976 0.1421059
0.167099 0.9795977 -0.111652
-0.111653 0.9795976 0.1670989
0.1856709 0.9795976 -0.07690697
-0.07690797 0.9795976 0.1856709
0.1971069 0.9795976 -0.03920699
-0.03920699 0.9795976 0.1971069
0.2009689 0.9795976 0
0 0.9795976 0.2009689
0.1971069 0.9795976 0.03920699
0.03920699 0.9795976 0.1971069
0.1856709 0.9795976 0.07690797
0.07690697 0.9795976 0.1856709
0.167099 0.9795977 0.111652
0.111652 0.9795976 0.1670999
0.1421059 0.9795976 0.142107
4
-494.1985 -572.5734 -651.3467 -1
-494.1981 -572.5734 -651.3467 -1
-494.1983 -572.6204 -651.3478 -1
-494.1981 -572.6674 -651.3467 -1
-494.1983 -572.6204 -651.3478 -1
-494.1985 -572.6674 -651.3467 -1
-493.1983 -572.6204 -650.3478 -1
-493.2149 -572.658 -650.1701 -1
-493.2149 -572.658 -650.1701 -1
-493.1983 -572.6204 -650.3478 -1
-493.2175 -572.6204 -650.5429 -1
-493.2175 -572.6204 -650.5429 -1
-493.2744 -572.6204 -650.7305 -1
-493.2744 -572.6204 -650.7305 -1
-493.3668 -572.6204 -650.9034 -1
-493.3668 -572.6204 -650.9034 -1
-493.4912 -572.6204 -651.0549 -1
-493.4912 -572.6204 -651.0549 -1
-493.6427 -572.6204 -651.1793 -1
-493.6427 -572.6204 -651.1793 -1
-493.8156 -572.6204 -651.2717 -1
-493.8156 -572.6204 -651.2717 -1
-494.0032 -572.6204 -651.3286 -1
-494.0032 -572.6204 -651.3286 -1
-494.1983 -572.6204 -651.3478 -1
-494.1983 -572.6204 -651.3478 -1
-494.3934 -572.6204 -651.3286 -1
-494.3934 -572.6204 -651.3286 -1
-494.581 -572.6204 -651.2717 -1
-494.581 -572.6204 -651.2717 -1
-494.7539 -572.6204 -651.1793 -1
-494.7539 -572.6204 -651.1793 -1
-494.9054 -572.6204 -651.0549 -1
-494.9054 -572.6204 -651.0549 -1
-495.0298 -572.6204 -650.9034 -1
-495.0298 -572.6204 -650.9034 -1
-495.1222 -572.6204 -650.7305 -1
-495.1222 -572.6204 -650.7305 -1
-495.1791 -572.6204 -650.5429 -1
-495.1791 -572.6204 -650.5429 -1
-495.1983 -572.6204 -650.3478 -1
-495.1983 -572.6204 -650.3478 -1
-495.1791 -572.6204 -650.1528 -1
-495.1791 -572.6204 -650.1528 -1
-495.1222 -572.6204 -649.9651 -1
-495.1222 -572.6204 -649.9651 -1
-495.0298 -572.6204 -649.7923 -1
-495.0298 -572.6204 -649.7923 -1
-494.9054 -572.6204 -649.6407 -1
-494.9054 -572.6204 -649.6407 -1
-494.7539 -572.6204 -649.5164 -1
-494.7539 -572.6204 -649.5164 -1
-494.581 -572.6204 -649.424 -1
-494.581 -572.6204 -649.424 -1
-494.3934 -572.6204 -649.3671 -1
-494.3934 -572.6204 -649.3671 -1
-494.1983 -572.6204 -649.3478 -1
-494.1983 -572.6204 -649.3478 -1
-494.0032 -572.6204 -649.3671 -1
-494.0032 -572.6204 -649.3671 -1
-493.8156 -572.6204 -649.424 -1
-493.8156 -572.6204 -649.424 -1
-493.6427 -572.6204 -649.5164 -1
-493.6427 -572.6204 -649.5164 -1
-493.4912 -572.6204 -649.6407 -1
-493.4912 -572.6204 -649.6407 -1
-493.3668 -572.6204 -649.7923 -1
-493.3668 -572.6204 -649.7923 -1
-493.2744 -572.6204 -649.9651 -1
-493.2744 -572.6204 -649.9651 -1
-493.2218 -572.5828 -650.1357 -1
-493.2218 -572.5828 -650.1357 -1
495.1791 572.6234 650.5428 1
495.1791 572.6234 650.5428 1
495.1983 572.6204 650.3478 1
495.1983 572.6204 650.3478 1
495.1791 572.6204 650.1528 1
495.1791 572.6204 650.1528 1
495.1222 572.6204 649.9651 1
495.1222 572.6204 649.9651 1
495.0305 572.6204 649.7933 1
495.0298 572.6204 649.7924 1
494.9053 572.6204 649.6406 1
494.9053 572.6204 649.6406 1
494.7529 572.6204 649.5157 1
494.7539 572.6204 649.5164 1
494.581 572.6204 649.424 1
494.581 572.6204 649.424 1
494.3934 572.6204 649.3671 1
494.3934 572.6204 649.3671 1
494.1983 572.6204 649.3478 1
494.1983 572.6204 649.3478 1
494.0032 572.6204 649.3671 1
494.0032 572.6204 649.3671 1
493.8156 572.6204 649.424 1
493.8156 572.6204 649.424 1
493.6438 572.6204 649.5156 1
493.6428 572.6204 649.5163 1
493.4911 572.6204 649.6408 1
493.4911 572.6204 649.6408 1
493.3662 572.6204 649.7933 1
493.3668 572.6204 649.7923 1
493.2744 572.6204 649.9651 1
493.2744 572.6204 649.9651 1
493.2175 572.6204 650.1528 1
493.2175 572.6204 650.1528 1
493.1983 572.6204 650.3478 1
493.1983 572.6204 650.3478 1
493.2175 572.6204 650.5429 1
493.2175 572.6204 650.5429 1
493.2744 572.6204 650.7305 1
493.2744 572.6204 650.7305 1
493.3668 572.6204 650.9034 1
493.3668 572.6204 650.9034 1
493.4912 572.6204 651.0549 1
493.4912 572.6204 651.0549 1
493.6427 572.6204 651.1793 1
493.6427 572.6204 651.1793 1
493.8156 572.6204 651.2717 1
493.8156 572.6204 651.2717 1
494.0019 572.6204 651.3284 1
494.0031 572.6204 651.3286 1
494.1984 572.6204 651.3478 1
494.1984 572.6204 651.3478 1
494.3946 572.6204 651.3284 1
494.3934 572.6204 651.3286 1
494.581 572.6204 651.2717 1
494.581 572.6204 651.2717 1
494.7539 572.6204 651.1793 1
494.7539 572.6204 651.1793 1
494.9054 572.6204 651.0549 1
494.9054 572.6204 651.0549 1
495.0298 572.6204 650.9034 1
495.0298 572.6204 650.9034 1
495.1222 572.6204 650.7305 1
495.1222 572.6204 650.7305 1
495.1791 572.6174 650.543 1
495.1791 572.6174 650.543 1
-495.1983 -572.6204 -650.3478 -1
-495.1983 -572.6204 -650.3478 -1
-495.1983 -572.6204 -650.3479 -1
-495.1983 -572.6204 -650.3478 -1
-495.1983 -572.6204 -650.3479 -1
-495.1983 -572.6204 -650.3478 -1
-495.1983 -572.6204 -650.3478 -1
-495.1983 -572.6204 -650.3478 -1
-495.1983 -572.6204 -650.3478 -1
-495.1983 -572.6204 -650.3478 -1
-495.1983 -572.6204 -650.3478 -1
-495.1983 -572.6204 -650.3478 -1
-495.1983 -572.6204 -650.3479 -1
-495.1983 -572.6204 -650.3479 -1
-495.1983 -572.6204 -650.3476 -1
-495.1983 -572.6204 -650.3475 -1
-495.1983 -572.6204 -650.3477 -1
-495.1983 -572.6204 -650.3478 -1
-495.1983 -572.6204 -650.3478 -1
-495.1983 -572.6204 -650.3478 -1
-495.1983 -572.6204 -650.3478 -1
-495.1983 -572.6204 -650.3478 -1
-495.1983 -572.6204 -650.3479 -1
-495.1983 -572.6204 -650.3478 -1
-495.1983 -572.6204 -650.3478 -1
-495.1983 -572.6204 -650.3478 -1
-495.1983 -572.6204 -650.3481 -1
-495.1983 -572.6204 -650.3482 -1
-495.1983 -572.6204 -650.348 -1
-495.1983 -572.6204 -650.3478 -1
-495.1983 -572.6204 -650.3478 -1
-495.1983 -572.6204 -650.3478 -1
-493.2159 -572.5499 -650.1747 -1
-493.2152 -572.5559 -650.1764 -1
-493.2156 -572.5516 -650.1757 -1
-493.2142 -572.5717 -650.1769 -1
-493.2147 -572.5627 -650.1769 -1
-493.2147 -572.5801 -650.1721 -1
-493.2156 -572.561 -650.1723 -1
-493.2152 -572.5696 -650.1718 -1
-493.2159 -572.5547 -650.1729 -1
-493.2146 -572.5734 -650.1741 -1
-493.2149 -572.575 -650.1724 -1
-493.2135 -572.624 -650.1743 -1
-493.2138 -572.6052 -650.1732 -1
-493.2142 -572.5921 -650.1723 -1
-493.2135 -572.6189 -650.1741 -1
-493.2135 -572.5949 -650.1759 -1
-493.2138 -572.5826 -650.1766 -1
-493.2135 -572.6204 -650.1742 -1
-493.2135 -572.6204 -650.1741 -1
-493.2135 -572.6077 -650.1749 -1
-493.2135 -572.6168 -650.1743 -1
-493.2135 -572.6219 -650.1741 -1
-493.2142 -572.6487 -650.1725 -1
-493.2138 -572.6356 -650.1732 -1
-493.2147 -572.6781 -650.1768 -1
-493.2138 -572.6583 -650.1765 -1
-493.2142 -572.6691 -650.177 -1
-493.2135 -572.6459 -650.1758 -1
-493.2135 -572.6331 -650.1747 -1
-493.2159 -572.6861 -650.1729 -1
-493.2156 -572.6893 -650.1757 -1
-493.2152 -572.6849 -650.1763 -1
-493.2159 -572.6909 -650.1748 -1
-493.2146 -572.6675 -650.1741 -1
-493.2144 -572.6659 -650.1749 -1
-493.2152 -572.6713 -650.1719 -1
-493.2147 -572.6608 -650.172 -1
-493.2156 -572.6799 -650.1724 -1
-495.1953 -572.6779 -650.2947 -1
-495.1968 -572.6345 -650.2947 -1
-495.1967 -572.6387 -650.2947 -1
-495.1959 -572.6648 -650.2948 -1
-495.188 -572.7535 -650.2951 -1
-495.1966 -572.6454 -650.2947 -1
-495.1969 -572.6284 -650.2947 -1
-495.1969 -572.6226 -650.2948 -1
-495.1969 -572.6306 -650.2953 -1
-495.1952 -572.6787 -650.2947 -1
-495.1967 -572.644 -650.2961 -1
-495.1916 -572.7236 -650.2951 -1
-495.1764 -572.8221 -650.2957 -1
-495.1929 -572.7096 -650.2949 -1
-495.1964 -572.6566 -650.2966 -1
-495.1845 -572.7774 -650.2955 -1
-495.1624 -572.8808 -650.2964 -1
-495.1901 -572.7368 -650.295 -1
-495.1959 -572.6677 -650.2969 -1
-495.176 -572.8242 -650.296 -1
-495.1485 -572.9279 -650.2972 -1
-495.1872 -572.7595 -650.2952 -1
-495.1954 -572.677 -650.2969 -1
-495.1673 -572.8622 -650.2963 -1
-495.1367 -572.9625 -650.2979 -1
-495.1846 -572.7767 -650.2953 -1
-495.1949 -572.6841 -650.2964 -1
-495.1597 -572.8907 -650.2967 -1
-495.1283 -572.9846 -650.2983 -1
-495.1828 -572.7879 -650.2954 -1
-495.1946 -572.6888 -650.2958 -1
-495.1544 -572.9091 -650.2969 -1
-495.1252 -572.9924 -650.2985 -1
-495.1523 -572.9158 -650.297 -1
-495.1821 -572.792 -650.2955 -1
-495.1958 -572.6671 -650.2953 -1
-495.1257 -572.9913 -650.2985 -1
-495.1515 -572.9186 -650.2971 -1
-495.1239 -572.9958 -650.2985 -1
-495.1526 -572.9148 -650.297 -1
-495.1316 -572.976 -650.2982 -1
-495.1822 -572.7914 -650.2955 -1
-495.1818 -572.7938 -650.2955 -1
-495.1958 -572.6676 -650.2946 -1
-495.1944 -572.6902 -650.2942 -1
-495.1835 -572.7835 -650.2953 -1
-495.1946 -572.687 -650.2934 -1
-495.1565 -572.902 -650.2968 -1
-495.1417 -572.9482 -650.2976 -1
-495.1857 -572.7695 -650.2952 -1
-495.1949 -572.6812 -650.2928 -1
-495.1629 -572.8789 -650.2964 -1
-495.1548 -572.9078 -650.2969 -1
-495.1885 -572.7497 -650.2951 -1
-495.1954 -572.673 -650.2925 -1
-495.1712 -572.8459 -650.2959 -1
-495.1689 -572.8553 -650.2962 -1
-495.1914 -572.7249 -650.2949 -1
-495.1959 -572.6628 -650.2926 -1
-495.18 -572.8037 -650.2953 -1
-495.1821 -572.7918 -650.2955 -1
-495.194 -572.6958 -650.2948 -1
-495.1963 -572.651 -650.293 -1
-495.188 -572.7535 -650.2949 -1
-495.192 -572.7195 -650.295 -1
-495.196 -572.6637 -650.2947 -1
-495.1967 -572.6379 -650.2936 -1
-495.1939 -572.6971 -650.2947 -1
-495.195 -572.6815 -650.2947 -1
-495.1958 -572.6675 -650.2946 -1
-495.1965 -572.647 -650.2947 -1
-495.1968 -572.6276 -650.2941 -1
-493.2017 -572.7021 -650.3395 -1
-493.1993 -572.6635 -650.3394 -1
-493.1989 -572.6537 -650.3393 -1
-493.2003 -572.6836 -650.3393 -1
-493.2105 -572.776 -650.3396 -1
-493.199 -572.6561 -650.3394 -1
-493.1985 -572.6392 -650.3394 -1
-493.1984 -572.6347 -650.3395 -1
-493.1987 -572.6476 -650.3394 -1
-493.2007 -572.6887 -650.3394 -1
-493.1997 -572.6725 -650.3394 -1
-493.2057 -572.7411 -650.3393 -1
-493.2231 -572.8417 -650.3397 -1
-493.2032 -572.7186 -650.3394 -1
-493.2011 -572.6954 -650.3394 -1
-493.2133 -572.7929 -650.3394 -1
-493.2373 -572.8969 -650.3398 -1
-493.2061 -572.7444 -650.3395 -1
-493.2029 -572.7153 -650.3395 -1
-493.2221 -572.8371 -650.3395 -1
-493.2508 -572.9401 -650.3399 -1
-493.2089 -572.7654 -650.3395 -1
-493.2045 -572.7314 -650.3395 -1
-493.2306 -572.8723 -650.3396 -1
-493.2617 -572.9708 -650.34 -1
-493.2113 -572.7809 -650.3395 -1
-493.2059 -572.7433 -650.3395 -1
-493.2375 -572.8976 -650.3397 -1
-493.2687 -572.9889 -650.34 -1
-493.2129 -572.7902 -650.3395 -1
-493.2068 -572.7506 -650.3395 -1
-493.242 -572.9128 -650.3398 -1
-493.2711 -572.9948 -650.34 -1
-493.2436 -572.9178 -650.3398 -1
-493.2134 -572.7932 -650.3395 -1
-493.2072 -572.753 -650.3395 -1
-493.2683 -572.9879 -650.34 -1
-493.2708 -572.9943 -650.34 -1
-493.2434 -572.9173 -650.3398 -1
-493.2418 -572.9119 -650.3398 -1
-493.2609 -572.9686 -650.34 -1
-493.2128 -572.7896 -650.3395 -1
-493.2133 -572.793 -650.3395 -1
-493.2071 -572.7527 -650.3395 -1
-493.2068 -572.7502 -650.3395 -1
-493.2111 -572.7798 -650.3395 -1
-493.2058 -572.7426 -650.3395 -1
-493.237 -572.8958 -650.3398 -1
-493.2497 -572.9368 -650.3398 -1
-493.2087 -572.7639 -650.3395 -1
-493.2044 -572.7302 -650.3395 -1
-493.2299 -572.8696 -650.3398 -1
-493.2361 -572.8926 -650.3397 -1
-493.2058 -572.7424 -650.3395 -1
-493.2027 -572.7137 -650.3395 -1
-493.2213 -572.8336 -650.3398 -1
-493.222 -572.8365 -650.3395 -1
-493.2029 -572.7161 -650.3394 -1
-493.201 -572.6935 -650.3394 -1
-493.2126 -572.7888 -650.3397 -1
-493.2096 -572.77 -650.3394 -1
-493.2005 -572.686 -650.3394 -1
-493.1996 -572.6705 -650.3394 -1
-493.2051 -572.7363 -650.3397 -1
-493.2012 -572.6956 -650.3394 -1
-493.1989 -572.6531 -650.3394 -1
-493.1986 -572.6454 -650.3394 -1
-493.2 -572.6785 -650.3395 -1
-493.199 -572.6567 -650.3394 -1
-493.1987 -572.6484 -650.3395 -1
-493.1985 -572.6362 -650.3394 -1
-493.1984 -572.6324 -650.3394 -1
-495.192 -572.5213 -650.295 -1
-495.195 -572.5594 -650.2947 -1
-495.1958 -572.5733 -650.2946 -1
-495.1939 -572.5438 -650.2947 -1
-495.1821 -572.449 -650.2955 -1
-495.196 -572.5771 -650.2947 -1
-495.1965 -572.5939 -650.2947 -1
-495.1968 -572.6133 -650.294 -1
-495.1967 -572.6029 -650.2936 -1
-495.194 -572.545 -650.2948 -1
-495.1963 -572.5898 -650.293 -1
-495.188 -572.4874 -650.2949 -1
-495.1689 -572.3856 -650.2962 -1
-495.1914 -572.516 -650.2949 -1
-495.1959 -572.578 -650.2926 -1
-495.18 -572.4371 -650.2953 -1
-495.1548 -572.333 -650.2969 -1
-495.1885 -572.4911 -650.2951 -1
-495.1954 -572.5678 -650.2925 -1
-495.1712 -572.3949 -650.2959 -1
-495.1417 -572.2927 -650.2976 -1
-495.1857 -572.4714 -650.2952 -1
-495.1949 -572.5597 -650.2928 -1
-495.1629 -572.3619 -650.2964 -1
-495.1316 -572.2648 -650.2982 -1
-495.1835 -572.4573 -650.2953 -1
-495.1946 -572.5539 -650.2934 -1
-495.1565 -572.3389 -650.2968 -1
-495.1257 -572.2496 -650.2985 -1
-495.1822 -572.4495 -650.2954 -1
-495.1944 -572.5507 -650.2941 -1
-495.1526 -572.326 -650.297 -1
-495.1239 -572.2451 -650.2985 -1
-495.1515 -572.3223 -650.2971 -1
-495.1818 -572.4471 -650.2955 -1
-495.1958 -572.5732 -650.2945 -1
-495.1283 -572.2563 -650.2983 -1
-495.1252 -572.2484 -650.2985 -1
-495.1523 -572.3251 -650.2971 -1
-495.1544 -572.3317 -650.2969 -1
-495.1367 -572.2784 -650.2979 -1
-495.1828 -572.4529 -650.2954 -1
-495.1821 -572.4489 -650.2954 -1
-495.1958 -572.5737 -650.2953 -1
-495.1946 -572.5521 -650.2958 -1
-495.1846 -572.4642 -650.2953 -1
-495.1949 -572.5567 -650.2965 -1
-495.1597 -572.3501 -650.2967 -1
-495.1485 -572.313 -650.2972 -1
-495.1872 -572.4814 -650.2952 -1
-495.1954 -572.5638 -650.2969 -1
-495.1673 -572.3786 -650.2963 -1
-495.1624 -572.36 -650.2964 -1
-495.1901 -572.504 -650.295 -1
-495.1959 -572.5731 -650.2969 -1
-495.176 -572.4167 -650.2959 -1
-495.1764 -572.4187 -650.2957 -1
-495.1929 -572.5313 -650.2949 -1
-495.1964 -572.5842 -650.2966 -1
-495.1845 -572.4634 -650.2955 -1
-495.188 -572.4873 -650.295 -1
-495.1952 -572.5621 -650.2947 -1
-495.1967 -572.5968 -650.296 -1
-495.1916 -572.5173 -650.2951 -1
-495.1953 -572.563 -650.2947 -1
-495.1966 -572.5954 -650.2947 -1
-495.1969 -572.6103 -650.2953 -1
-495.1959 -572.576 -650.2948 -1
-495.1967 -572.6022 -650.2947 -1
-495.1968 -572.6064 -650.2947 -1
-495.1969 -572.6125 -650.2947 -1
-495.1969 -572.6183 -650.2949 -1
-493.2012 -572.5453 -650.3394 -1
-493.1987 -572.5924 -650.3395 -1
-493.199 -572.5841 -650.3394 -1
-493.2 -572.5623 -650.3395 -1
-493.2096 -572.4709 -650.3394 -1
-493.1989 -572.5877 -650.3394 -1
-493.1985 -572.6046 -650.3394 -1
-493.1984 -572.6084 -650.3394 -1
-493.1986 -572.5955 -650.3394 -1
-493.2005 -572.5548 -650.3394 -1
-493.1996 -572.5704 -650.3394 -1
-493.2051 -572.5045 -650.3397 -1
-493.222 -572.4044 -650.3395 -1
-493.2029 -572.5247 -650.3394 -1
-493.201 -572.5473 -650.3394 -1
-493.2126 -572.4521 -650.3397 -1
-493.2361 -572.3483 -650.3397 -1
-493.2058 -572.4984 -650.3395 -1
-493.2027 -572.5272 -650.3394 -1
-493.2213 -572.4072 -650.3398 -1
-493.2497 -572.304 -650.3398 -1
-493.2087 -572.477 -650.3395 -1
-493.2044 -572.5106 -650.3395 -1
-493.2299 -572.3712 -650.3398 -1
-493.2609 -572.2722 -650.3399 -1
-493.2111 -572.4611 -650.3395 -1
-493.2058 -572.4983 -650.3395 -1
-493.237 -572.345 -650.3398 -1
-493.2683 -572.253 -650.34 -1
-493.2128 -572.4512 -650.3395 -1
-493.2068 -572.4907 -650.3395 -1
-493.2418 -572.329 -650.3398 -1
-493.2708 -572.2465 -650.34 -1
-493.2434 -572.3235 -650.3398 -1
-493.2133 -572.4479 -650.3395 -1
-493.2071 -572.4881 -650.3395 -1
-493.2687 -572.252 -650.34 -1
-493.2436 -572.3231 -650.3398 -1
-493.2711 -572.246 -650.34 -1
-493.242 -572.3281 -650.3398 -1
-493.2617 -572.2701 -650.34 -1
-493.2129 -572.4507 -650.3395 -1
-493.2134 -572.4476 -650.3395 -1
-493.2072 -572.4879 -650.3395 -1
-493.2068 -572.4902 -650.3395 -1
-493.2113 -572.46 -650.3395 -1
-493.2059 -572.4975 -650.3395 -1
-493.2375 -572.3432 -650.3397 -1
-493.2508 -572.3008 -650.3399 -1
-493.2089 -572.4754 -650.3395 -1
-493.2045 -572.5094 -650.3395 -1
-493.2306 -572.3686 -650.3396 -1
-493.2373 -572.3439 -650.3398 -1
-493.2061 -572.4964 -650.3395 -1
-493.2029 -572.5256 -650.3394 -1
-493.2221 -572.4037 -650.3395 -1
-493.2231 -572.3991 -650.3397 -1
-493.2032 -572.5223 -650.3394 -1
-493.2011 -572.5455 -650.3394 -1
-493.2133 -572.4479 -650.3394 -1
-493.2105 -572.4648 -650.3396 -1
-493.2007 -572.5521 -650.3394 -1
-493.1997 -572.5683 -650.3394 -1
-493.2057 -572.4998 -650.3393 -1
-493.2017 -572.5387 -650.3395 -1
-493.199 -572.5848 -650.3394 -1
-493.1987 -572.5933 -650.3394 -1
-493.2003 -572.5573 -650.3393 -1
-493.1993 -572.5773 -650.3394 -1
-493.1989 -572.5872 -650.3394 -1
-493.1985 -572.6017 -650.3394 -1
-493.1985 -572.6061 -650.3394 -1
-493.2668 -572.2567 -650.3478 -1
-493.2403 -572.3337 -650.3478 -1
-493.2668 -572.2567 -650.3478 -1
-493.2403 -572.3337 -650.3478 -1
-493.2129 -572.4502 -650.3478 -1
-493.2129 -572.4502 -650.3478 -1
-493.2071 -572.488 -650.3478 -1
-493.2071 -572.488 -650.3478 -1
-494.1983 -572.7906 -651.3333 -1
-494.1983 -572.7528 -651.3391 -1
-494.1983 -572.7528 -651.3391 -1
-494.1983 -572.7906 -651.3333 -1
-494.1983 -572.9072 -651.3058 -1
-494.1983 -572.9072 -651.3058 -1
-494.1983 -572.9842 -651.2793 -1
-494.1983 -572.9842 -651.2793 -1
-493.2403 -572.9072 -650.3478 -1
-493.2668 -572.9842 -650.3478 -1
-493.2668 -572.9842 -650.3478 -1
-493.2403 -572.9072 -650.3478 -1
-493.2129 -572.7906 -650.3478 -1
-493.2129 -572.7906 -650.3478 -1
-493.2071 -572.7528 -650.3478 -1
-493.2071 -572.7528 -650.3478 -1
-494.1983 -572.7528 -649.3566 -1
-494.1983 -572.7906 -649.3624 -1
-494.1983 -572.7528 -649.3566 -1
-494.1983 -572.7906 -649.3624 -1
-494.1983 -572.9072 -649.3898 -1
-494.1983 -572.9072 -649.3898 -1
-494.1983 -572.9842 -649.4164 -1
-494.1983 -572.9842 -649.4164 -1
-494.1983 -572.3337 -651.3058 -1
-494.1983 -572.2567 -651.2793 -1
-494.1983 -572.2567 -651.2793 -1
-494.1983 -572.3337 -651.3058 -1
-494.1983 -572.4502 -651.3333 -1
-494.1983 -572.4502 -651.3333 -1
-494.1983 -572.488 -651.3391 -1
-494.1983 -572.488 -651.3391 -1
-494.1983 -572.2567 -649.4164 -1
-494.1983 -572.3337 -649.3898 -1
-494.1983 -572.2567 -649.4164 -1
-494.1983 -572.3337 -649.3898 -1
-494.1983 -572.4502 -649.3624 -1
-494.1983 -572.4502 -649.3624 -1
-494.1983 -572.488 -649.3566 -1
-494.1983 -572.488 -649.3566 -1
-493.2403 -572.9072 -650.3478 -1
-493.2668 -572.9842 -650.3478 -1
-493.2668 -572.9842 -650.3478 -1
-493.2403 -572.9072 -650.3478 -1
-493.2129 -572.7906 -650.3478 -1
-493.2129 -572.7906 -650.3478 -1
-493.2071 -572.7528 -650.3478 -1
-493.2071 -572.7528 -650.3478 -1
-493.2668 -572.2567 -650.3478 -1
-493.2403 -572.3337 -650.3478 -1
-493.2668 -572.2567 -650.3478 -1
-493.2403 -572.3337 -650.3478 -1
-493.2129 -572.4502 -650.3478 -1
-493.2129 -572.4502 -650.3478 -1
-493.2071 -572.488 -650.3478 -1
-493.2071 -572.488 -650.3478 -1
494.1808 572.6204 651.3477 1
494.1808 572.6204 651.3477 1
-493.1983 -572.6204 -650.3478 -1
494.1808 572.6204 651.3477 1
-493.1983 -572.6204 -650.3478 -1
-493.2142 -572.579 -650.5204 -1
-493.2142 -572.579 -650.5204 -1
-493.1983 -572.6204 -650.3478 -1
-493.2175 -572.6204 -650.1528 -1
-493.2175 -572.6204 -650.1528 -1
-493.2744 -572.6204 -649.9651 -1
-493.2744 -572.6204 -649.9651 -1
-493.3668 -572.6204 -649.7923 -1
-493.3668 -572.6204 -649.7923 -1
-493.4912 -572.6204 -649.6407 -1
-493.4912 -572.6204 -649.6407 -1
-493.6427 -572.6204 -649.5164 -1
-493.6427 -572.6204 -649.5164 -1
-493.8156 -572.6204 -649.424 -1
-493.8156 -572.6204 -649.424 -1
-494.0032 -572.6204 -649.3671 -1
-494.0032 -572.6204 -649.3671 -1
-494.1983 -572.6204 -649.3478 -1
-494.1983 -572.6204 -649.3478 -1
-494.3934 -572.6204 -649.3671 -1
-494.3934 -572.6204 -649.3671 -1
-494.581 -572.6204 -649.424 -1
-494.581 -572.6204 -649.424 -1
-494.7539 -572.6204 -649.5164 -1
-494.7539 -572.6204 -649.5164 -1
-494.9054 -572.6204 -649.6407 -1
-494.9054 -572.6204 -649.6407 -1
-495.0298 -572.6204 -649.7923 -1
-495.0298 -572.6204 -649.7923 -1
-495.1222 -572.6204 -649.9651 -1
-495.1222 -572.6204 -649.9651 -1
-495.1791 -572.6204 -650.1528 -1
-495.1791 -572.6204 -650.1528 -1
-495.1983 -572.6204 -650.3478 -1
-495.1983 -572.6204 -650.3478 -1
-495.1791 -572.6204 -650.5429 -1
-495.1791 -572.6204 -650.5429 -1
-495.1222 -572.6204 -650.7305 -1
-495.1222 -572.6204 -650.7305 -1
-495.0298 -572.6204 -650.9034 -1
-495.0298 -572.6204 -650.9034 -1
-494.9054 -572.6204 -651.0549 -1
-494.9054 -572.6204 -651.0549 -1
-494.7539 -572.6204 -651.1793 -1
-494.7539 -572.6204 -651.1793 -1
-494.581 -572.6204 -651.2717 -1
-494.581 -572.6204 -651.2717 -1
-494.3934 -572.6204 -651.3286 -1
-494.3934 -572.6204 -651.3286 -1
-494.1983 -572.6204 -651.3478 -1
-494.1983 -572.6204 -651.3478 -1
-494.0032 -572.6204 -651.3286 -1
-494.0032 -572.6204 -651.3286 -1
-493.8156 -572.6204 -651.2717 -1
-493.8156 -572.6204 -651.2717 -1
-493.6427 -572.6204 -651.1793 -1
-493.6427 -572.6204 -651.1793 -1
-493.4912 -572.6204 -651.0549 -1
-493.4912 -572.6204 -651.0549 -1
-493.3668 -572.6204 -650.9034 -1
-493.3668 -572.6204 -650.9034 -1
-493.2744 -572.6204 -650.7305 -1
-493.2744 -572.6204 -650.7305 -1
-493.223 -572.6619 -650.5649 -1
-493.223 -572.6619 -650.5649 -1
495.1983 572.6204 650.3478 1
495.1791 572.6204 650.1528 1
495.1791 572.6204 650.1528 1
495.1983 572.6204 650.3478 1
495.1791 572.6204 650.5429 1
495.1791 572.6204 650.5429 1
495.1222 572.6204 650.7305 1
495.1222 572.6204 650.7305 1
495.0298 572.6204 650.9034 1
495.0298 572.6204 650.9034 1
494.9054 572.6204 651.0549 1
494.9054 572.6204 651.0549 1
494.7539 572.6204 651.1793 1
494.7539 572.6204 651.1793 1
494.581 572.6204 651.2717 1
494.581 572.6204 651.2717 1
494.3934 572.6204 651.3286 1
494.3934 572.6204 651.3286 1
494.1983 572.6204 651.3478 1
494.1983 572.6204 651.3478 1
494.0032 572.6204 651.3286 1
494.0032 572.6204 651.3286 1
493.8156 572.6204 651.2717 1
493.8156 572.6204 651.2717 1
493.6427 572.6204 651.1793 1
493.6427 572.6204 651.1793 1
493.4912 572.6204 651.0549 1
493.4912 572.6204 651.0549 1
493.3668 572.6204 650.9034 1
493.3668 572.6204 650.9034 1
493.2744 572.6204 650.7305 1
493.2744 572.6204 650.7305 1
493.2175 572.6204 650.5429 1
493.2175 572.6204 650.5429 1
493.1983 572.6204 650.3478 1
493.1983 572.6204 650.3478 1
493.2175 572.6204 650.1528 1
493.2175 572.6204 650.1528 1
493.2744 572.6204 649.9651 1
493.2744 572.6204 649.9651 1
493.3668 572.6204 649.7923 1
493.3668 572.6204 649.7923 1
493.4912 572.6204 649.6407 1
493.4912 572.6204 649.6407 1
493.6427 572.6204 649.5164 1
493.6427 572.6204 649.5164 1
493.8156 572.6204 649.424 1
493.8156 572.6204 649.424 1
494.0032 572.6204 649.3671 1
494.0032 572.6204 649.3671 1
494.1983 572.6204 649.3478 1
494.1983 572.6204 649.3478 1
494.3934 572.6204 649.3671 1
494.3934 572.6204 649.3671 1
494.581 572.6204 649.424 1
494.581 572.6204 649.424 1
494.7539 572.6204 649.5164 1
494.7539 572.6204 649.5164 1
494.9054 572.6204 649.6407 1
494.9054 572.6204 649.6407 1
495.0298 572.6204 649.7923 1
495.0298 572.6204 649.7923 1
495.1222 572.6204 649.9651 1
495.1222 572.6204 649.9651 1
495.1791 572.6204 650.1528 1
495.1791 572.6204 650.1528 1
-494.3934 -572.6204 -649.3671 -1
-494.1983 -572.6204 -649.3478 -1
-494.2487 -572.6069 -649.3492 -1
-494.1983 -572.6204 -649.3478 -1
-494.1479 -572.6339 -649.3492 -1
-494.3934 -572.6204 -649.3671 -1
-494.0032 -572.6204 -649.3671 -1
-494.581 -572.6204 -649.424 -1
-494.0032 -572.6204 -649.3671 -1
-494.581 -572.6204 -649.424 -1
-493.8156 -572.6204 -649.424 -1
-494.7539 -572.6204 -649.5164 -1
-493.8156 -572.6204 -649.424 -1
-494.7539 -572.6204 -649.5164 -1
-493.6427 -572.6204 -649.5164 -1
-494.9054 -572.6204 -649.6407 -1
-493.6427 -572.6204 -649.5164 -1
-494.9054 -572.6204 -649.6407 -1
-493.4912 -572.6204 -649.6407 -1
-495.0298 -572.6204 -649.7923 -1
-493.4912 -572.6204 -649.6407 -1
-495.0298 -572.6204 -649.7923 -1
-493.3668 -572.6204 -649.7923 -1
-495.1222 -572.6204 -649.9651 -1
-493.3668 -572.6204 -649.7923 -1
-495.1222 -572.6204 -649.9651 -1
-493.2744 -572.6204 -649.9651 -1
-495.1791 -572.6204 -650.1528 -1
-493.2744 -572.6204 -649.9651 -1
-495.1791 -572.6204 -650.1528 -1
-493.2175 -572.6204 -650.1528 -1
-495.1969 -572.6339 -650.2974 -1
-495.1983 -572.6204 -650.3478 -1
-493.2175 -572.6204 -650.1528 -1
-495.1983 -572.6204 -650.3478 -1
-495.1791 -572.6204 -650.5429 -1
-493.1983 -572.6204 -650.3478 -1
-495.1791 -572.6204 -650.5429 -1
-495.1969 -572.6069 -650.3983 -1
-495.1222 -572.6204 -650.7305 -1
-495.1222 -572.6204 -650.7305 -1
-495.0298 -572.6204 -650.9034 -1
-495.0298 -572.6204 -650.9034 -1
-494.9054 -572.6204 -651.0549 -1
-494.9054 -572.6204 -651.0549 -1
-494.7539 -572.6204 -651.1793 -1
-494.7539 -572.6204 -651.1793 -1
-494.6015 -572.6619 -651.262 -1
-494.6015 -572.6619 -651.262 -1
-493.1983 -572.6204 -650.3478 -1
-493.1997 -572.6069 -650.2974 -1
-493.1997 -572.6339 -650.3983 -1
-493.2175 -572.6204 -650.5429 -1
-493.2175 -572.6204 -650.5429 -1
-493.2744 -572.6204 -650.7305 -1
-493.2744 -572.6204 -650.7305 -1
-493.3668 -572.6204 -650.9034 -1
-493.3668 -572.6204 -650.9034 -1
-493.4912 -572.6204 -651.0549 -1
-493.4912 -572.6204 -651.0549 -1
-493.6427 -572.6204 -651.1793 -1
-493.6427 -572.6204 -651.1793 -1
-493.8156 -572.6204 -651.2717 -1
-493.8156 -572.6204 -651.2717 -1
-494.0032 -572.6204 -651.3286 -1
-494.0032 -572.6204 -651.3286 -1
-494.1983 -572.6204 -651.3478 -1
-494.1479 -572.6069 -651.3465 -1
-494.1983 -572.6204 -651.3478 -1
-494.2487 -572.6339 -651.3465 -1
-494.3934 -572.6204 -651.3286 -1
-494.3934 -572.6204 -651.3286 -1
-494.5596 -572.579 -651.2794 -1
-494.5596 -572.579 -651.2794 -1
493.6427 572.6204 649.5164 1
493.8156 572.6204 649.424 1
493.8156 572.6204 649.424 1
493.6427 572.6204 649.5164 1
493.4912 572.6204 649.6407 1
493.4912 572.6204 649.6407 1
493.3668 572.6204 649.7923 1
493.3668 572.6204 649.7923 1
493.2744 572.6204 649.9651 1
493.2744 572.6204 649.9651 1
493.2175 572.6204 650.1528 1
493.2175 572.6204 650.1528 1
493.1983 572.6204 650.3478 1
493.1983 572.6204 650.3478 1
493.2175 572.6204 650.5429 1
493.2175 572.6204 650.5429 1
493.2744 572.6204 650.7305 1
493.2744 572.6204 650.7305 1
493.3668 572.6204 650.9034 1
493.3668 572.6204 650.9034 1
493.4912 572.6204 651.0549 1
493.4912 572.6204 651.0549 1
493.6427 572.6204 651.1793 1
493.6427 572.6204 651.1793 1
493.8156 572.6204 651.2717 1
493.8156 572.6204 651.2717 1
494.0032 572.6204 651.3286 1
494.0032 572.6204 651.3286 1
494.1983 572.6204 651.3478 1
494.1983 572.6204 651.3478 1
494.3934 572.6204 651.3286 1
494.3934 572.6204 651.3286 1
494.581 572.6204 651.2717 1
494.581 572.6204 651.2717 1
494.7539 572.6204 651.1793 1
494.7539 572.6204 651.1793 1
494.9054 572.6204 651.0549 1
494.9054 572.6204 651.0549 1
495.0298 572.6204 650.9034 1
495.0298 572.6204 650.9034 1
495.1222 572.6204 650.7305 1
495.1222 572.6204 650.7305 1
495.1791 572.6204 650.5429 1
495.1791 572.6204 650.5429 1
495.1983 572.6204 650.3478 1
495.1983 572.6204 650.3478 1
495.1791 572.6204 650.1528 1
495.1791 572.6204 650.1528 1
495.1222 572.6204 649.9651 1
495.1222 572.6204 649.9651 1
495.0298 572.6204 649.7923 1
495.0298 572.6204 649.7923 1
494.9054 572.6204 649.6407 1
494.9054 572.6204 649.6407 1
494.7539 572.6204 649.5164 1
494.7539 572.6204 649.5164 1
494.581 572.6204 649.424 1
494.581 572.6204 649.424 1
494.3934 572.6204 649.3671 1
494.3934 572.6204 649.3671 1
494.1983 572.6204 649.3478 1
494.1983 572.6204 649.3478 1
494.0032 572.6204 649.3671 1
494.0032 572.6204 649.3671 1
493.8156 572.6204 649.424 1
493.8156 572.6204 649.424 1
-494.4695 -571.658 -650.3589 -1
-494.658 -571.7324 -650.3476 -1
-494.4695 -571.658 -650.3367 -1
-494.0659 -571.6292 -650.3478 -1
-494.0659 -571.6292 -650.3478 -1
-494.2095 -571.658 -650.6191 -1
-494.1873 -571.658 -650.6191 -1
-494.1985 -571.7324 -650.8075 -1
-494.1983 -571.6292 -650.2154 -1
-494.1983 -571.6292 -650.2154 -1
-493.9271 -571.658 -650.3589 -1
-493.9271 -571.658 -650.3367 -1
-493.7386 -571.7324 -650.3478 -1
-494.3307 -571.6292 -650.3478 -1
-494.3307 -571.6292 -650.3478 -1
-494.2095 -571.658 -650.0766 -1
-494.1985 -571.7324 -649.8882 -1
-494.1873 -571.658 -650.0766 -1
-494.1983 -571.6292 -650.4803 -1
-494.1983 -571.6292 -650.4803 -1
-494.1983 -572.6204 -649.3478 -1
-494.1983 -572.6204 -649.3478 -1
-494.1983 -572.6204 -649.3478 -1
-494.1983 -572.6204 -649.3478 -1
-495.1983 -572.6204 -650.3478 -1
-495.1983 -572.6204 -650.3478 -1
-495.1983 -572.6204 -650.3478 -1
-495.1983 -572.6204 -650.3478 -1
-493.1983 -572.6204 -650.3478 -1
-493.1983 -572.6204 -650.3478 -1
-493.1983 -572.6204 -650.3478 -1
-493.1983 -572.6204 -650.3478 -1
-494.1983 -572.6204 -651.3478 -1
-494.1983 -572.6204 -651.3478 -1
-494.1983 -572.6204 -651.3478 -1
-494.1983 -572.6204 -651.3478 -1
-495.1624 -572.3547 -650.3478 -1
-495.1624 -572.3547 -650.3478 -1
-495.1624 -572.3547 -650.3478 -1
-495.1624 -572.3547 -650.3478 -1
-495.1624 -572.3547 -650.3478 -1
-495.1624 -572.3547 -650.3478 -1
-495.1624 -572.3547 -650.3478 -1
-495.1624 -572.3547 -650.3478 -1
-493.2448 -572.9219 -650.3478 -1
-493.2448 -572.9219 -650.3478 -1
-493.2448 -572.922 -650.3478 -1
-493.2448 -572.922 -650.3478 -1
-493.2448 -572.922 -650.3478 -1
-493.2448 -572.922 -650.3478 -1
-493.2448 -572.922 -650.3478 -1
-493.2448 -572.922 -650.3478 -1
-494.1983 -572.3547 -651.3119 -1
-494.1983 -572.3547 -651.3119 -1
-494.1983 -572.3547 -651.3119 -1
-494.1983 -572.3547 -651.3119 -1
-494.1983 -572.3547 -651.3119 -1
-494.1983 -572.3547 -651.3119 -1
-494.1983 -572.3547 -651.3119 -1
-494.1983 -572.3547 -651.3119 -1
-494.1983 -572.922 -649.3944 -1
-494.1983 -572.922 -649.3944 -1
-494.1983 -572.922 -649.3944 -1
-494.1983 -572.922 -649.3944 -1
-494.1983 -572.922 -649.3944 -1
-494.1983 -572.922 -649.3944 -1
-494.1983 -572.9219 -649.3944 -1
-494.1983 -572.9219 -649.3944 -1
-494.1983 -572.3547 -649.3838 -1
-494.1983 -572.3547 -649.3838 -1
-494.1983 -572.3547 -649.3838 -1
-494.1983 -572.3547 -649.3838 -1
-494.1983 -572.3547 -649.3838 -1
-494.1983 -572.3547 -649.3838 -1
-494.1983 -572.3547 -649.3838 -1
-494.1983 -572.3547 -649.3838 -1
-494.1983 -572.922 -651.3013 -1
-494.1983 -572.922 -651.3013 -1
-494.1983 -572.922 -651.3013 -1
-494.1983 -572.922 -651.3013 -1
-494.1983 -572.922 -651.3013 -1
-494.1983 -572.922 -651.3013 -1
-494.1983 -572.9219 -651.3013 -1
-494.1983 -572.9219 -651.3013 -1
-493.2343 -572.3547 -650.3478 -1
-493.2343 -572.3547 -650.3478 -1
-493.2343 -572.3547 -650.3478 -1
-493.2343 -572.3547 -650.3478 -1
-493.2343 -572.3547 -650.3478 -1
-493.2343 -572.3547 -650.3478 -1
-493.2343 -572.3547 -650.3478 -1
-493.2343 -572.3547 -650.3478 -1
-495.1518 -572.9219 -650.3478 -1
-495.1518 -572.9219 -650.3478 -1
-495.1518 -572.922 -650.3478 -1
-495.1518 -572.922 -650.3478 -1
-495.1518 -572.922 -650.3478 -1
-495.1518 -572.922 -650.3478 -1
-495.1518 -572.922 -650.3478 -1
-495.1518 -572.922 -650.3478 -1
-495.172 -572.8481 -650.3478 -1
-495.172 -572.8481 -650.3478 -1
-495.172 -572.8481 -650.3478 -1
-495.172 -572.8481 -650.3478 -1
-495.172 -572.8481 -650.3478 -1
-495.172 -572.8481 -650.3478 -1
-495.172 -572.8481 -650.3478 -1
-495.172 -572.8481 -650.3478 -1
-493.2343 -572.3547 -650.3478 -1
-493.2343 -572.3547 -650.3478 -1
-493.2343 -572.3547 -650.3478 -1
-493.2343 -572.3547 -650.3478 -1
-493.2343 -572.3547 -650.3478 -1
-493.2343 -572.3547 -650.3478 -1
-493.2343 -572.3547 -650.3478 -1
-493.2343 -572.3547 -650.3478 -1
-494.1983 -572.8481 -651.3216 -1
-494.1983 -572.8481 -651.3216 -1
-494.1983 -572.8481 -651.3216 -1
-494.1983 -572.8481 -651.3216 -1
-494.1983 -572.8481 -651.3216 -1
-494.1983 -572.8481 -651.3216 -1
-494.1983 -572.8481 -651.3215 -1
-494.1983 -572.8481 -651.3215 -1
-494.1983 -572.3547 -649.3838 -1
-494.1983 -572.3547 -649.3838 -1
-494.1983 -572.3547 -649.3838 -1
-494.1983 -572.3547 -649.3838 -1
-494.1983 -572.3547 -649.3838 -1
-494.1983 -572.3547 -649.3838 -1
-494.1983 -572.3547 -649.3838 -1
-494.1983 -572.3547 -649.3838 -1
-494.1983 -572.3547 -651.3119 -1
-494.1983 -572.3547 -651.3119 -1
-494.1983 -572.3547 -651.3119 -1
-494.1983 -572.3547 -651.3119 -1
-494.1983 -572.3547 -651.3119 -1
-494.1983 -572.3547 -651.3119 -1
-494.1983 -572.3547 -651.3119 -1
-494.1983 -572.3547 -651.3119 -1
-494.1983 -572.8481 -649.3741 -1
-494.1983 -572.8481 -649.3741 -1
-494.1983 -572.8481 -649.3741 -1
-494.1983 -572.8481 -649.3741 -1
-494.1983 -572.8481 -649.3741 -1
-494.1983 -572.8481 -649.3741 -1
-494.1983 -572.8481 -649.3741 -1
-494.1983 -572.8481 -649.3741 -1
-495.1624 -572.3547 -650.3478 -1
-495.1624 -572.3547 -650.3478 -1
-495.1624 -572.3547 -650.3478 -1
-495.1624 -572.3547 -650.3478 -1
-495.1624 -572.3547 -650.3478 -1
-495.1624 -572.3547 -650.3478 -1
-495.1624 -572.3547 -650.3478 -1
-495.1624 -572.3547 -650.3478 -1
-493.2246 -572.8481 -650.3478 -1
-493.2246 -572.8481 -650.3478 -1
-493.2246 -572.8481 -650.3478 -1
-493.2246 -572.8481 -650.3478 -1
-493.2246 -572.8481 -650.3478 -1
-493.2246 -572.8481 -650.3478 -1
-493.2246 -572.8481 -650.3478 -1
-493.2246 -572.8481 -650.3478 -1
-495.1983 -572.6204 -650.3478 -1
-495.1983 -572.6204 -650.3478 -1
-495.1983 -572.6204 -650.3478 -1
-495.1983 -572.6204 -650.3478 -1
-495.1983 -572.6204 -650.3478 -1
-495.1983 -572.6204 -650.3478 -1
-495.1983 -572.6204 -650.3478 -1
-495.1983 -572.6204 -650.3478 -1
-495.1983 -572.6204 -650.3478 -1
-495.1983 -572.6204 -650.3478 -1
-495.1983 -572.6204 -650.3478 -1
-495.1983 -572.6204 -650.3478 -1
-495.1983 -572.6204 -650.3478 -1
-495.1983 -572.6204 -650.3478 -1
-495.1983 -572.6204 -650.3478 -1
-495.1983 -572.6204 -650.3478 -1
-495.1983 -572.6204 -650.3478 -1
-495.1983 -572.6204 -650.3478 -1
-495.1983 -572.6204 -650.3478 -1
-495.1983 -572.6204 -650.3478 -1
-495.1983 -572.6204 -650.3478 -1
-495.1983 -572.6204 -650.3478 -1
-495.1983 -572.6204 -650.3478 -1
-495.1983 -572.6204 -650.3478 -1
-495.1983 -572.6204 -650.3478 -1
-495.1983 -572.6204 -650.3478 -1
-495.1983 -572.6204 -650.3478 -1
-495.1983 -572.6204 -650.3478 -1
-495.1983 -572.6204 -650.3478 -1
-495.1983 -572.6204 -650.3478 -1
-495.1983 -572.6204 -650.3478 -1
-495.1983 -572.6204 -650.3478 -1
-495.1983 -572.6204 -650.3478 -1
-495.1983 -572.6204 -650.3478 -1
-495.1983 -572.6204 -650.3478 -1
-495.1983 -572.6204 -650.3478 -1
-495.1983 -572.6204 -650.3478 -1
-495.1983 -572.6204 -650.3478 -1
-495.1983 -572.6204 -650.3478 -1
-495.1983 -572.6204 -650.3478 -1
-495.1983 -572.6204 -650.3478 -1
-495.1983 -572.6204 -650.3478 -1
-495.1983 -572.6204 -650.3478 -1
-495.1983 -572.6204 -650.3478 -1
-495.1983 -572.6204 -650.3478 -1
-495.1983 -572.6204 -650.3478 -1
-495.1983 -572.6204 -650.3478 -1
-495.1983 -572.6204 -650.3478 -1
-495.1983 -572.6204 -650.3478 -1
-495.1983 -572.6204 -650.3478 -1
-495.1983 -572.6204 -650.3478 -1
-495.1983 -572.6204 -650.3478 -1
-495.1983 -572.6204 -650.3478 -1
-495.1983 -572.6204 -650.3478 -1
-495.1983 -572.6204 -650.3478 -1
-495.1983 -572.6204 -650.3478 -1
-495.1983 -572.6204 -650.3478 -1
-495.1983 -572.6204 -650.3478 -1
-495.1983 -572.6204 -650.3478 -1
-495.1983 -572.6204 -650.3478 -1
-495.1983 -572.6204 -650.3478 -1
-495.1983 -572.6204 -650.3478 -1
-495.1983 -572.6204 -650.3478 -1
-495.1983 -572.6204 -650.3478 -1
-494.0557 -572.6204 -649.358 -1
-494.0557 -572.6204 -649.358 -1
-494.0557 -572.6204 -649.358 -1
-494.0557 -572.6204 -649.358 -1
-494.0557 -572.6204 -649.358 -1
-494.0557 -572.6204 -649.358 -1
-494.0557 -572.6204 -649.358 -1
-494.0557 -572.6204 -649.358 -1
-494.0557 -572.6204 -649.358 -1
-494.0557 -572.6204 -649.358 -1
-494.0558 -572.6204 -649.358 -1
-494.0557 -572.6204 -649.358 -1
-494.0557 -572.6204 -649.358 -1
-494.0557 -572.6204 -649.358 -1
-494.0557 -572.6273 -649.3581 -1
-494.0557 -572.6204 -649.358 -1
-494.0558 -572.6344 -649.3582 -1
-494.0557 -572.6204 -649.358 -1
-494.0558 -572.6351 -649.3582 -1
-494.0557 -572.6204 -649.358 -1
-494.0557 -572.6205 -649.358 -1
-494.0557 -572.6204 -649.358 -1
-494.0557 -572.6125 -649.3581 -1
-494.0557 -572.6204 -649.358 -1
-494.0557 -572.6204 -649.358 -1
-494.0557 -572.631 -649.3581 -1
-494.0557 -572.6204 -649.358 -1
-494.0557 -572.6252 -649.3581 -1
-494.0557 -572.6204 -649.358 -1
-494.0558 -572.6124 -649.3581 -1
-494.0557 -572.6204 -649.358 -1
-494.0558 -572.614 -649.3581 -1
-494.0557 -572.6204 -649.358 -1
-494.0557 -572.6144 -649.3581 -1
-494.0557 -572.6204 -649.358 -1
-494.0557 -572.6204 -649.358 -1
-494.0557 -572.6204 -649.358 -1
-494.0557 -572.6204 -649.358 -1
-494.0557 -572.6204 -649.358 -1
-494.0557 -572.6204 -649.358 -1
-494.0557 -572.6204 -649.358 -1
-494.0558 -572.6204 -649.358 -1
-494.0557 -572.6204 -649.358 -1
-494.0558 -572.6204 -649.358 -1
-494.0557 -572.6204 -649.358 -1
-494.0558 -572.6204 -649.358 -1
-494.0557 -572.6221 -649.358 -1
-494.0558 -572.6204 -649.358 -1
-494.0557 -572.6156 -649.3581 -1
-494.0557 -572.6204 -649.358 -1
-494.0557 -572.6171 -649.358 -1
-494.0557 -572.6204 -649.358 -1
-494.0557 -572.6136 -649.3581 -1
-494.0557 -572.6204 -649.358 -1
-494.0557 -572.6133 -649.3581 -1
-494.0557 -572.6204 -649.358 -1
-494.0557 -572.6204 -649.358 -1
-494.0557 -572.6204 -649.358 -1
-494.0557 -572.6204 -649.358 -1
-494.0557 -572.6204 -649.358 -1
-494.0557 -572.6204 -649.358 -1
-494.0557 -572.6204 -649.358 -1
-494.0557 -572.6204 -649.358 -1
-494.0557 -572.6204 -649.358 -1
-495.1983 -572.6204 -650.3478 -1
-495.1983 -572.6204 -650.3478 -1
-495.1983 -572.6204 -650.3478 -1
-495.1983 -572.6204 -650.3478 -1
-495.1983 -572.6204 -650.3478 -1
-495.1983 -572.6204 -650.3478 -1
-495.1983 -572.6204 -650.3478 -1
-495.1983 -572.6204 -650.3478 -1
-495.1983 -572.6204 -650.3478 -1
-495.1983 -572.6204 -650.3478 -1
-495.1983 -572.6204 -650.3478 -1
-495.1983 -572.6204 -650.3478 -1
-495.1983 -572.6204 -650.3478 -1
-495.1983 -572.6204 -650.3478 -1
-495.1983 -572.6204 -650.3478 -1
-495.1983 -572.6204 -650.3478 -1
-495.1983 -572.6204 -650.3478 -1
-495.1983 -572.6204 -650.3478 -1
-495.1983 -572.6204 -650.3478 -1
-495.1983 -572.6204 -650.3478 -1
-495.1983 -572.6204 -650.3478 -1
-495.1983 -572.6204 -650.3478 -1
-495.1983 -572.6204 -650.3478 -1
-495.1983 -572.6204 -650.3478 -1
-495.1983 -572.6204 -650.3478 -1
-495.1983 -572.6204 -650.3478 -1
-495.1983 -572.6204 -650.3478 -1
-495.1983 -572.6204 -650.3478 -1
-495.1983 -572.6204 -650.3478 -1
-495.1983 -572.6204 -650.3478 -1
-495.1983 -572.6204 -650.3478 -1
-495.1983 -572.6204 -650.3478 -1
-495.1983 -572.6204 -650.3478 -1
-495.1983 -572.6204 -650.3478 -1
-495.1983 -572.6204 -650.3478 -1
-495.1983 -572.6204 -650.3478 -1
-495.1983 -572.6204 -650.3478 -1
-495.1983 -572.6204 -650.3478 -1
-495.1983 -572.6204 -650.3478 -1
-495.1983 -572.6204 -650.3478 -1
-495.1983 -572.6204 -650.3478 -1
-495.1983 -572.6204 -650.3478 -1
-495.1983 -572.6204 -650.3478 -1
-495.1983 -572.6204 -650.3478 -1
-495.1983 -572.6204 -650.3478 -1
-495.1983 -572.6204 -650.3478 -1
-495.1983 -572.6204 -650.3478 -1
-495.1983 -572.6204 -650.3478 -1
-495.1983 -572.6204 -650.3478 -1
-495.1983 -572.6204 -650.3478 -1
-495.1983 -572.6204 -650.3478 -1
-495.1983 -572.6204 -650.3478 -1
-495.1983 -572.6204 -650.3478 -1
-495.1983 -572.6204 -650.3478 -1
-495.1983 -572.6204 -650.3478 -1
-495.1983 -572.6204 -650.3478 -1
-495.1983 -572.6204 -650.3478 -1
-495.1983 -572.6204 -650.3478 -1
-495.1983 -572.6204 -650.3478 -1
-495.1983 -572.6204 -650.3478 -1
-495.1983 -572.6204 -650.3478 -1
-495.1983 -572.6204 -650.3478 -1
-495.1983 -572.6204 -650.3478 -1
-495.1983 -572.6204 -650.3478 -1
-494.0648 -572.97 -649.4205 -1
-494.0656 -572.985 -649.4262 -1
-494.0656 -572.985 -649.4262 -1
-494.0648 -572.97 -649.4205 -1
-494.0657 -572.9879 -649.4273 -1
-494.0634 -572.9425 -649.4108 -1
-494.0657 -572.9879 -649.4273 -1
-494.0634 -572.9425 -649.4108 -1
-494.0652 -572.9784 -649.4236 -1
-494.0615 -572.9027 -649.3983 -1
-494.0652 -572.9784 -649.4236 -1
-494.0615 -572.9027 -649.3983 -1
-494.0643 -572.9615 -649.4174 -1
-494.0595 -572.851 -649.3848 -1
-494.0643 -572.9618 -649.4175 -1
-494.0595 -572.851 -649.3848 -1
-494.0624 -572.9205 -649.4036 -1
-494.0577 -572.7886 -649.3722 -1
-494.0624 -572.9209 -649.4037 -1
-494.0577 -572.7886 -649.3722 -1
-494.0602 -572.8687 -649.389 -1
-494.0564 -572.7177 -649.3627 -1
-494.0603 -572.8689 -649.3891 -1
-494.0564 -572.7177 -649.3627 -1
-494.0586 -572.8184 -649.3776 -1
-494.0558 -572.6521 -649.3586 -1
-494.0587 -572.8184 -649.3776 -1
-494.0558 -572.6539 -649.3586 -1
-494.057 -572.751 -649.3665 -1
-494.0558 -572.5652 -649.3596 -1
-494.057 -572.751 -649.3665 -1
-494.0555 -572.5656 -649.3596 -1
-494.056 -572.6768 -649.3596 -1
-494.0576 -572.4789 -649.368 -1
-494.056 -572.6768 -649.3596 -1
-494.0575 -572.4772 -649.3682 -1
-494.0558 -572.5994 -649.3583 -1
-494.0586 -572.4225 -649.3776 -1
-494.0558 -572.5994 -649.3583 -1
-494.0586 -572.4225 -649.3776 -1
-494.0563 -572.5232 -649.3627 -1
-494.0605 -572.3647 -649.3909 -1
-494.0564 -572.5232 -649.3627 -1
-494.0605 -572.3647 -649.3909 -1
-494.0581 -572.4641 -649.3701 -1
-494.0624 -572.3184 -649.4042 -1
-494.0576 -572.4617 -649.3706 -1
-494.0624 -572.3184 -649.4042 -1
-494.0593 -572.3896 -649.3848 -1
-494.064 -572.2842 -649.4156 -1
-494.059 -572.39 -649.3848 -1
-494.064 -572.2842 -649.4156 -1
-494.0618 -572.3298 -649.4008 -1
-494.0651 -572.2625 -649.4236 -1
-494.0617 -572.3319 -649.4001 -1
-494.0651 -572.2625 -649.4236 -1
-494.0633 -572.2984 -649.4108 -1
-494.0657 -572.253 -649.4273 -1
-494.0633 -572.2984 -649.4108 -1
-494.0657 -572.253 -649.4273 -1
-494.0647 -572.2709 -649.4205 -1
-494.0655 -572.2558 -649.4262 -1
-494.0647 -572.2709 -649.4205 -1
-494.0655 -572.2558 -649.4262 -1
-495.1935 -572.6204 -650.2498 -1
-495.1935 -572.6204 -650.2498 -1
-495.1791 -572.6204 -650.1528 -1
-495.1791 -572.6204 -650.1528 -1
-495.1222 -572.6204 -649.9651 -1
-495.1222 -572.6204 -649.9651 -1
-495.0298 -572.6204 -649.7923 -1
-495.0298 -572.6204 -649.7923 -1
-494.9054 -572.6204 -649.6407 -1
-494.9054 -572.6204 -649.6407 -1
-494.7539 -572.6204 -649.5164 -1
-494.7539 -572.6204 -649.5164 -1
-494.581 -572.6204 -649.424 -1
-494.581 -572.6204 -649.424 -1
-494.3934 -572.6204 -649.3671 -1
-494.3934 -572.6204 -649.3671 -1
-494.2963 -572.6204 -649.3527 -1
-494.2963 -572.6204 -649.3527 -1
-493.2031 -572.6204 -650.2498 -1
-493.2175 -572.6204 -650.1528 -1
-493.2031 -572.6204 -650.2498 -1
-493.2175 -572.6204 -650.1528 -1
-493.2744 -572.6204 -649.9651 -1
-493.2744 -572.6204 -649.9651 -1
-493.3668 -572.6204 -649.7923 -1
-493.3668 -572.6204 -649.7923 -1
-493.4912 -572.6204 -649.6407 -1
-493.4912 -572.6204 -649.6407 -1
-493.6427 -572.6204 -649.5164 -1
-493.6427 -572.6204 -649.5164 -1
-493.8156 -572.6204 -649.424 -1
-493.8156 -572.6204 -649.424 -1
-494.0032 -572.6204 -649.3671 -1
-494.0032 -572.6204 -649.3671 -1
-494.1003 -572.6204 -649.3527 -1
-494.1003 -572.6204 -649.3527 -1
-495.1935 -572.6204 -650.4459 -1
-495.1791 -572.6204 -650.5429 -1
-495.1935 -572.6204 -650.4459 -1
-495.1791 -572.6204 -650.5429 -1
-495.1222 -572.6204 -650.7305 -1
-495.1222 -572.6204 -650.7305 -1
-495.0298 -572.6204 -650.9034 -1
-495.0298 -572.6204 -650.9034 -1
-494.9054 -572.6204 -651.0549 -1
-494.9054 -572.6204 -651.0549 -1
-494.7539 -572.6204 -651.1793 -1
-494.7539 -572.6204 -651.1793 -1
-494.581 -572.6204 -651.2717 -1
-494.581 -572.6204 -651.2717 -1
-494.3934 -572.6204 -651.3286 -1
-494.3934 -572.6204 -651.3286 -1
-494.2963 -572.6204 -651.343 -1
-494.2963 -572.6204 -651.343 -1
-493.2031 -572.6204 -650.4459 -1
-493.2031 -572.6204 -650.4459 -1
-493.2175 -572.6204 -650.5429 -1
-493.2175 -572.6204 -650.5429 -1
-493.2744 -572.6204 -650.7305 -1
-493.2744 -572.6204 -650.7305 -1
-493.3668 -572.6204 -650.9034 -1
-493.3668 -572.6204 -650.9034 -1
-493.4912 -572.6204 -651.0549 -1
-493.4912 -572.6204 -651.0549 -1
-493.6427 -572.6204 -651.1793 -1
-493.6427 -572.6204 -651.1793 -1
-493.8156 -572.6204 -651.2717 -1
-493.8156 -572.6204 -651.2717 -1
-494.0032 -572.6204 -651.3286 -1
-494.0032 -572.6204 -651.3286 -1
-494.1003 -572.6204 -651.343 -1
-494.1003 -572.6204 -651.343 -1
-494.1983 -572.6205 -649.3478 -1
-494.1984 -572.6205 -649.3478 -1
-494.1983 -572.6205 -649.3478 -1
-494.1983 -572.6204 -649.3478 -1
-495.1983 -572.6204 -650.3478 -1
-495.1983 -572.6204 -650.3478 -1
-495.1983 -572.6204 -650.3478 -1
-495.1983 -572.6204 -650.3478 -1
-493.1983 -572.6204 -650.3478 -1
-493.1983 -572.6204 -650.3478 -1
-493.1983 -572.6204 -650.3478 -1
-493.1983 -572.6204 -650.3478 -1
-494.1983 -572.6203 -651.3478 -1
-494.1983 -572.6204 -651.3478 -1
-494.1983 -572.6204 -651.3478 -1
-494.1984 -572.6204 -651.3478 -1
495.129 572.9861 650.3478 1
495.0026 573.2147 650.3478 1
495.1681 572.3764 650.3478 1
495.1349 572.2699 650.3478 1
493.2676 572.9861 650.3478 1
493.394 573.2147 650.3478 1
493.2285 572.3766 650.3478 1
493.2617 572.2701 650.3478 1
494.1983 572.9862 651.2785 1
494.1983 573.2148 651.152 1
494.1983 572.3765 651.3176 1
494.1983 572.27 651.2844 1
494.1983 572.9862 649.4172 1
494.1983 573.2148 649.5436 1
494.1983 572.3765 649.3781 1
494.1983 572.27 649.4113 1
494.1983 572.9861 649.4171 1
494.1983 573.2147 649.5436 1
494.1983 572.3765 649.3781 1
494.1983 572.27 649.4113 1
494.1983 572.9709 651.2844 1
494.1983 572.8644 651.3176 1
494.1983 572.0262 651.1521 1
494.1983 572.2548 651.2786 1
493.2617 572.9708 650.3478 1
493.2285 572.8643 650.3478 1
493.394 572.0262 650.3478 1
493.2676 572.2547 650.3478 1
495.1349 572.9709 650.3478 1
495.1681 572.8644 650.3478 1
495.0026 572.0261 650.3478 1
495.129 572.2548 650.3478 1
-493.2253 -572.8389 -650.2734 -1
-493.1984 -572.6302 -650.3531 -1
-493.1984 -572.629 -650.3535 -1
-493.2195 -572.8155 -650.2851 -1
-493.2964 -573.0301 -650.2112 -1
-493.2172 -572.442 -650.4224 -1
-493.2219 -572.4227 -650.4343 -1
-493.2758 -572.9878 -650.2295 -1
-493.3946 -573.1904 -650.1772 -1
-493.2718 -572.2675 -650.4782 -1
-493.2888 -572.2338 -650.5009 -1
-493.3551 -573.136 -650.1957 -1
-493.4999 -573.3148 -650.1744 -1
-493.3504 -572.1164 -650.5123 -1
-493.383 -572.0748 -650.5419 -1
-493.4425 -573.2554 -650.1877 -1
-493.5953 -573.4043 -650.1996 -1
-493.4381 -571.994 -650.5204 -1
-493.4857 -571.9496 -650.5533 -1
-493.5244 -573.3452 -650.2045 -1
-493.669 -573.4628 -650.2465 -1
-493.5208 -571.9016 -650.5035 -1
-493.5811 -571.8567 -650.5368 -1
-493.5898 -573.4068 -650.2418 -1
-493.712 -573.4925 -650.2924 -1
-493.5874 -571.8375 -650.4658 -1
-493.6575 -571.7926 -650.4971 -1
-493.6322 -573.4434 -650.3001 -1
-493.7269 -573.5023 -650.3569 -1
-493.6304 -571.7999 -650.4133 -1
-493.7077 -571.754 -650.4406 -1
-493.6456 -573.4537 -650.3575 -1
-493.7077 -573.4868 -650.4406 -1
-493.6456 -571.7871 -650.3575 -1
-493.7269 -571.7385 -650.3569 -1
-493.6304 -573.4409 -650.4133 -1
-493.6576 -573.4482 -650.4971 -1
-493.6322 -571.7974 -650.3001 -1
-493.712 -571.7484 -650.2924 -1
-493.5874 -573.4033 -650.4658 -1
-493.5811 -573.3842 -650.5367 -1
-493.5898 -571.834 -650.2418 -1
-493.669 -571.7781 -650.2465 -1
-493.5208 -573.3393 -650.5035 -1
-493.4857 -573.2913 -650.5533 -1
-493.5244 -571.8957 -650.2045 -1
-493.5953 -571.8365 -650.1996 -1
-493.4381 -573.2468 -650.5204 -1
-493.383 -573.166 -650.5419 -1
-493.4425 -571.9855 -650.1877 -1
-493.4999 -571.926 -650.1744 -1
-493.3504 -573.1245 -650.5123 -1
-493.2888 -573.0071 -650.5009 -1
-493.3551 -572.1048 -650.1957 -1
-493.3946 -572.0504 -650.1772 -1
-493.2718 -572.9733 -650.4782 -1
-493.2219 -572.8181 -650.4343 -1
-493.2758 -572.2531 -650.2295 -1
-493.2964 -572.2108 -650.2112 -1
-493.2172 -572.7988 -650.4224 -1
-493.1984 -572.6106 -650.3531 -1
-493.2195 -572.4254 -650.2851 -1
-493.2253 -572.4019 -650.2734 -1
-493.1984 -572.6119 -650.3535 -1
-493.2984 -572.1944 -650.2545 -1
-493.2473 -572.3195 -650.2769 -1
-493.2116 -572.4617 -650.312 -1
-493.1984 -572.6133 -650.3549 -1
-493.2101 -572.765 -650.3983 -1
-493.2446 -572.9089 -650.4333 -1
-493.356 -572.0907 -650.2483 -1
-493.2952 -573.0361 -650.4556 -1
-493.4111 -572.0103 -650.2585 -1
-493.3528 -573.142 -650.462 -1
-493.456 -571.9535 -650.2834 -1
-493.4082 -573.2244 -650.4525 -1
-493.4855 -571.9193 -650.3274 -1
-493.4537 -573.283 -650.4291 -1
-493.4944 -571.9104 -650.3652 -1
-493.4835 -573.3181 -650.3957 -1
-493.4835 -571.9227 -650.3957 -1
-493.4944 -573.3304 -650.3651 -1
-493.4537 -571.9579 -650.4291 -1
-493.4855 -573.3215 -650.3274 -1
-493.4082 -572.0164 -650.4525 -1
-493.456 -573.2874 -650.2834 -1
-493.3528 -572.0988 -650.462 -1
-493.4111 -573.2306 -650.2585 -1
-493.2952 -572.2048 -650.4556 -1
-493.356 -573.1501 -650.2483 -1
-493.2446 -572.332 -650.4333 -1
-493.2984 -573.0464 -650.2545 -1
-493.2101 -572.4758 -650.3983 -1
-493.2473 -572.9214 -650.2769 -1
-493.1984 -572.6275 -650.3549 -1
-493.2116 -572.7792 -650.312 -1
-493.2524 -572.3027 -650.4142 -1
-493.224 -572.4014 -650.4005 -1
-493.2049 -572.5107 -650.3799 -1
-493.1983 -572.6253 -650.355 -1
-493.2057 -572.7405 -650.3317 -1
-493.2256 -572.8496 -650.3121 -1
-493.2855 -572.2183 -650.4188 -1
-493.2543 -572.9467 -650.2979 -1
-493.3178 -572.1511 -650.4151 -1
-493.2874 -573.0294 -650.293 -1
-493.3448 -572.1024 -650.4042 -1
-493.3196 -573.0953 -650.298 -1
-493.363 -572.072 -650.386 -1
-493.3464 -573.1429 -650.3124 -1
-493.3698 -572.0607 -650.3621 -1
-493.364 -573.1716 -650.3354 -1
-493.364 -572.0693 -650.3354 -1
-493.3698 -573.1801 -650.362 -1
-493.3464 -572.0979 -650.3124 -1
-493.363 -573.1688 -650.386 -1
-493.3196 -572.1456 -650.298 -1
-493.3448 -573.1385 -650.4042 -1
-493.2874 -572.2115 -650.293 -1
-493.3178 -573.0897 -650.4151 -1
-493.2543 -572.2942 -650.2979 -1
-493.2855 -573.0226 -650.4188 -1
-493.2256 -572.3912 -650.3122 -1
-493.2524 -572.9381 -650.4142 -1
-493.2057 -572.5003 -650.3317 -1
-493.224 -572.8395 -650.4005 -1
-493.1983 -572.6155 -650.355 -1
-493.2049 -572.7302 -650.3798 -1
-493.2104 -572.4655 -650.3372 -1
-493.2015 -572.5403 -650.3436 -1
-493.1983 -572.619 -650.3513 -1
-493.2013 -572.6966 -650.3616 -1
-493.2098 -572.7692 -650.3748 -1
-493.2225 -572.8359 -650.3841 -1
-493.2234 -572.3986 -650.3305 -1
-493.2376 -572.8958 -650.3832 -1
-493.2383 -572.3411 -650.3265 -1
-493.2527 -572.9442 -650.3782 -1
-493.2531 -572.2947 -650.3265 -1
-493.2652 -572.9791 -650.3738 -1
-493.2655 -572.2604 -650.3315 -1
-493.2736 -573.0006 -650.3657 -1
-493.2738 -572.2394 -650.3408 -1
-493.2766 -573.0083 -650.353 -1
-493.2766 -572.2325 -650.353 -1
-493.2738 -573.0015 -650.3408 -1
-493.2736 -572.2402 -650.3657 -1
-493.2655 -572.9805 -650.3316 -1
-493.2652 -572.2618 -650.3738 -1
-493.2531 -572.9462 -650.3265 -1
-493.2527 -572.2966 -650.3783 -1
-493.2383 -572.8997 -650.3265 -1
-493.2376 -572.3451 -650.3833 -1
-493.2234 -572.8423 -650.3305 -1
-493.2225 -572.405 -650.3842 -1
-493.2104 -572.7754 -650.3372 -1
-493.2098 -572.4717 -650.3747 -1
-493.2015 -572.7005 -650.3435 -1
-493.2013 -572.5443 -650.3617 -1
-493.1983 -572.6219 -650.3514 -1
-493.2085 -572.4804 -650.3727 -1
-493.2046 -572.5098 -650.3632 -1
-493.1983 -572.6204 -650.3512 -1
-493.2124 -572.455 -650.3719 -1
-493.2013 -572.5436 -650.3553 -1
-493.2157 -572.4352 -650.3608 -1
-493.1991 -572.5815 -650.353 -1
-493.2179 -572.4234 -650.354 -1
-493.1983 -572.621 -650.3508 -1
-493.2187 -572.4194 -650.3514 -1
-493.1991 -572.6597 -650.3445 -1
-493.218 -572.4231 -650.3492 -1
-493.2013 -572.6972 -650.3399 -1
-493.2158 -572.4343 -650.3464 -1
-493.2046 -572.7321 -650.3381 -1
-493.2125 -572.4528 -650.3429 -1
-493.2085 -572.7628 -650.3395 -1
-493.2085 -572.478 -650.3395 -1
-493.2125 -572.788 -650.3428 -1
-493.2046 -572.5088 -650.3381 -1
-493.2158 -572.8065 -650.3464 -1
-493.2013 -572.5436 -650.3399 -1
-493.218 -572.8177 -650.3492 -1
-493.1991 -572.5811 -650.3444 -1
-493.2187 -572.8214 -650.3515 -1
-493.1983 -572.6198 -650.351 -1
-493.2179 -572.8174 -650.3539 -1
-493.1991 -572.6594 -650.353 -1
-493.2157 -572.8057 -650.3608 -1
-493.2013 -572.6973 -650.3552 -1
-493.2124 -572.7859 -650.3718 -1
-493.2046 -572.731 -650.3633 -1
-493.2085 -572.7604 -650.3727 -1
16
0.01 0.25204
0.01 0.256554
0.012046 0.254297
0.204952 0.25204
0.202906 0.254297
0.204952 0.256554
0.988159 0.81071
0.998718 0.836246
0.998718 0.81071
0.988159 0.836246
0.977599 0.81071
0.977599 0.836246
0.96704 0.81071
0.96704 0.836246
0.95648 0.81071
0.95648 0.836246
0.945921 0.81071
0.945921 0.836246
0.935362 0.81071
0.935362 0.836246
0.924802 0.81071
0.924802 0.836246
0.914243 0.81071
0.914243 0.836246
0.903683 0.81071
0.903683 0.836246
0.893124 0.81071
0.893124 0.836246
0.882565 0.81071
0.882565 0.836246
0.872005 0.81071
0.872005 0.836246
0.861446 0.81071
0.861446 0.836246
0.850886 0.81071
0.850886 0.836246
0.840327 0.81071
0.840327 0.836246
0.829768 0.81071
0.829768 0.836246
0.819208 0.81071
0.819208 0.836246
0.808649 0.81071
0.808649 0.836246
0.798089 0.81071
0.798089 0.836246
0.78753 0.81071
0.78753 0.836246
0.77697 0.81071
0.77697 0.836246
0.766411 0.81071
0.766411 0.836246
0.755852 0.81071
0.755852 0.836246
0.745292 0.81071
0.745292 0.836246
0.734733 0.81071
0.734733 0.836246
0.724173 0.81071
0.724173 0.836246
0.713614 0.81071
0.713614 0.836246
0.703055 0.81071
0.703055 0.836246
0.692495 0.81071
0.692495 0.836246
0.681936 0.81071
0.681936 0.836246
0.671376 0.81071
0.671376 0.836246
0.660817 0.81071
0.660817 0.836246
0.991382 0.837973
0.991382 0.857428
0.980823 0.857428
0.980823 0.837973
0.970263 0.857428
0.970263 0.837973
0.959704 0.857428
0.959704 0.837973
0.949145 0.857428
0.949145 0.837973
0.938585 0.857167
0.938585 0.837973
0.928026 0.857428
0.928026 0.837973
0.917466 0.857428
0.917466 0.837973
0.906907 0.857428
0.906907 0.837973
0.896348 0.857428
0.896348 0.837973
0.885788 0.857428
0.885788 0.837973
0.875229 0.857428
0.875229 0.837973
0.864669 0.857428
0.864669 0.837973
0.85411 0.857167
0.85411 0.837973
0.843551 0.857428
0.843551 0.837973
0.832991 0.857428
0.832991 0.837973
0.822432 0.857428
0.822432 0.837973
0.811872 0.857428
0.811872 0.837973
0.801313 0.857428
0.801313 0.837973
0.790754 0.857428
0.790754 0.837973
0.780194 0.857428
0.780194 0.837973
0.769635 0.857428
0.769635 0.837973
0.759075 0.857428
0.759075 0.837973
0.748516 0.857428
0.748516 0.837973
0.737957 0.857428
0.737957 0.837973
0.727397 0.857167
0.727397 0.837973
0.716838 0.857428
0.716838 0.837973
0.706278 0.857428
0.706278 0.837973
0.695719 0.857428
0.695719 0.837973
0.68516 0.857428
0.68516 0.837973
0.6746 0.857428
0.6746 0.837973
0.664041 0.857428
0.664041 0.837973
0.653481 0.857428
0.653481 0.837973
0.672439 0.726047
0.660115 0.755799
0.667742 0.74153
0.637344 0.77857
0.649851 0.768306
0.649851 0.651584
0.59149 0.627411
0.607592 0.790894
0.59149 0.79248
0.623075 0.786197
0.575389 0.790894
0.545637 0.77857
0.559906 0.786197
0.667742 0.678361
0.660115 0.664091
0.672439 0.693843
0.674025 0.709945
0.623075 0.633693
0.637344 0.64132
0.607592 0.628996
0.53313 0.651584
0.559906 0.633693
0.575389 0.628996
0.545637 0.64132
0.510542 0.726047
0.515238 0.678361
0.522865 0.664091
0.510542 0.693843
0.508956 0.709945
0.522865 0.755799
0.53313 0.768306
0.515238 0.74153
0.144188 0.590431
0.152542 0.552748
0.14651 0.571178
0.174681 0.521131
0.162055 0.535849
0.186348 0.673622
0.159657 0.64574
0.171629 0.660996
0.150891 0.628442
0.145492 0.607477
0.146286 0.611979
0.257976 0.690185
0.221677 0.689167
0.203247 0.683135
0.24093 0.691489
0.207234 0.500392
0.189937 0.509158
0.226309 0.497431
0.259867 0.687748
0.223698 0.495787
0.2282 0.494994
0.245246 0.493689
0.282929 0.502044
0.264499 0.496011
0.324121 0.649329
0.296239 0.67602
0.311495 0.664048
0.278942 0.684786
0.262477 0.689391
0.335285 0.556736
0.339666 0.614
0.333634 0.63243
0.341988 0.594747
0.340683 0.577701
0.33989 0.5732
0.314547 0.524182
0.299828 0.511556
0.326519 0.539438
0.278955 0.827164
0.237694 0.7802
0.235088 0.829138
0.271964 0.778658
0.323946 0.816091
0.265718 0.735317
0.240023 0.736473
0.242111 0.697276
0.260118 0.696466
0.293044 0.728592
0.279973 0.691579
0.307626 0.769882
0.365912 0.796454
0.318534 0.716665
0.298493 0.682913
0.340891 0.754316
0.40324 0.769008
0.341206 0.699994
0.314966 0.670801
0.370479 0.73256
0.434497 0.734806
0.360191 0.67922
0.32876 0.655708
0.395255 0.70545
0.458481 0.695163
0.374758 0.655142
0.339344 0.638213
0.414266 0.674027
0.47427 0.651603
0.384348 0.628684
0.346312 0.61899
0.426781 0.639499
0.480892 0.608194
0.431954 0.605587
0.388227 0.603258
0.34903 0.60117
0.479174 0.559514
0.432211 0.600774
0.481148 0.603381
0.430669 0.566505
0.468102 0.514523
0.387328 0.572751
0.388484 0.598445
0.349286 0.596358
0.348476 0.578351
0.380602 0.545425
0.34359 0.558496
0.421892 0.530843
0.448465 0.472557
0.368675 0.519935
0.334924 0.539976
0.406327 0.497578
0.421018 0.435229
0.352004 0.497262
0.322811 0.523503
0.384571 0.46799
0.386816 0.403972
0.331231 0.478278
0.307718 0.509709
0.357461 0.443214
0.347174 0.379988
0.307153 0.46371
0.290224 0.499125
0.326038 0.424203
0.303614 0.364199
0.280695 0.45412
0.271 0.492157
0.29151 0.411688
0.260204 0.357577
0.257598 0.406514
0.255269 0.450241
0.253181 0.489439
0.601885 0.582398
0.634155 0.585852
0.63446 0.549633
0.60925 0.546935
0.5692 0.572182
0.615831 0.515247
0.634733 0.51727
0.634978 0.488259
0.621731 0.486842
0.595979 0.509042
0.607307 0.482333
0.583343 0.538837
0.539136 0.555785
0.577719 0.499083
0.59404 0.475097
0.559513 0.52584
0.512849 0.533839
0.561753 0.485753
0.582439 0.465412
0.538676 0.508444
0.491349 0.507185
0.548694 0.469564
0.572951 0.45365
0.521634 0.487317
0.475462 0.47685
0.539044 0.451139
0.56594 0.440263
0.50904 0.463271
0.465798 0.443997
0.533174 0.431185
0.561675 0.425765
0.50138 0.437231
0.462889 0.411673
0.499108 0.411979
0.531471 0.412251
0.560481 0.412496
0.466372 0.375841
0.462919 0.408111
0.499138 0.408417
0.501836 0.383207
0.476588 0.343157
0.533523 0.389788
0.531501 0.408689
0.560511 0.408934
0.561929 0.395687
0.539729 0.369936
0.566437 0.381263
0.509934 0.357299
0.492985 0.313093
0.549688 0.351676
0.573673 0.367996
0.522931 0.333469
0.514932 0.286806
0.563018 0.335709
0.583358 0.356396
0.540327 0.312632
0.541585 0.265305
0.579206 0.32265
0.59512 0.346907
0.561453 0.29559
0.571921 0.249418
0.597632 0.313001
0.608508 0.339896
0.585499 0.282997
0.604773 0.239754
0.617586 0.307131
0.623006 0.335631
0.61154 0.275337
0.637097 0.236845
0.636792 0.273064
0.636519 0.305427
0.636274 0.334437
0.186866 0.822259
0.230275 0.828881
0.232882 0.779944
0.198969 0.77477
0.143306 0.80647
0.209784 0.732338
0.235211 0.736217
0.237298 0.69702
0.219479 0.694301
0.183327 0.722748
0.200256 0.687333
0.164441 0.762255
0.103663 0.782487
0.159249 0.708181
0.182761 0.676749
0.133018 0.743245
0.069461 0.75123
0.138475 0.689196
0.167668 0.662956
0.105908 0.718469
0.042014 0.713901
0.121804 0.666523
0.155555 0.646482
0.084152 0.68888
0.022377 0.671935
0.109877 0.641034
0.146889 0.627962
0.068587 0.655616
0.011305 0.626945
0.103152 0.613707
0.142003 0.608108
0.05981 0.619954
0.009331 0.583077
0.058268 0.585684
0.101996 0.588013
0.141193 0.590101
0.016209 0.534855
0.009587 0.578265
0.058525 0.580871
0.063698 0.546959
0.031998 0.491296
0.106131 0.557774
0.102252 0.5832
0.141449 0.585288
0.144167 0.567469
0.115721 0.531317
0.151135 0.548245
0.076213 0.512431
0.055982 0.451653
0.130288 0.507238
0.161719 0.530751
0.095224 0.481008
0.087239 0.417451
0.149273 0.486465
0.175513 0.515657
0.12 0.453898
0.124567 0.390004
0.171945 0.469794
0.191986 0.503545
0.149588 0.432142
0.166533 0.370367
0.197435 0.457867
0.210506 0.494879
0.182853 0.416577
0.211524 0.359294
0.224761 0.451141
0.230361 0.489993
0.218515 0.4078
0.255391 0.35732
0.252785 0.406258
0.250456 0.449985
0.248368 0.489182
0.670041 0.582973
0.638022 0.549663
0.637717 0.585882
0.663274 0.54739
0.702893 0.573309
0.657228 0.515596
0.638295 0.5173
0.63854 0.488289
0.651809 0.487095
0.677182 0.509726
0.666306 0.482831
0.689315 0.53973
0.733229 0.557422
0.695608 0.500076
0.679694 0.475819
0.713361 0.527137
0.759882 0.535921
0.711797 0.487018
0.691456 0.466331
0.734488 0.510094
0.781829 0.509634
0.725127 0.471051
0.701141 0.454731
0.751884 0.489258
0.798226 0.47957
0.735085 0.452791
0.708377 0.441463
0.76488 0.465428
0.808442 0.446886
0.741291 0.432939
0.712885 0.42704
0.772979 0.43952
0.811895 0.414615
0.775676 0.41431
0.743313 0.414037
0.714303 0.413793
0.809017 0.37873
0.775706 0.410748
0.811925 0.411053
0.773434 0.385496
0.799353 0.345877
0.74164 0.391542
0.743343 0.410475
0.714333 0.410231
0.713139 0.396962
0.73577 0.371588
0.708874 0.382464
0.765774 0.359456
0.783465 0.315542
0.72612 0.353163
0.701863 0.369077
0.753181 0.33541
0.761965 0.288888
0.713061 0.336974
0.692375 0.357315
0.736138 0.314283
0.735678 0.266941
0.697095 0.323644
0.680774 0.347629
0.715302 0.296887
0.705614 0.250545
0.678835 0.313685
0.667507 0.340393
0.691472 0.28389
0.67293 0.240328
0.658983 0.30748
0.653083 0.335885
0.665564 0.275792
0.640659 0.236875
0.640354 0.273094
0.640081 0.305457
0.639836 0.334467
0.144797 0.070253
0.189003 0.065738
0.144797 0.065738
0.189003 0.070253
0.229634 0.065738
0.229634 0.070253
0.266281 0.065738
0.266281 0.070253
0.181347 0.137047
0.1447 0.137047
0.1447 0.141561
0.181347 0.141561
0.221978 0.137047
0.221978 0.141561
0.266184 0.137047
0.266184 0.141561
0.189003 0.028579
0.144797 0.028579
0.144798 0.033094
0.189003 0.033094
0.229634 0.028579
0.229634 0.033094
0.266282 0.028579
0.266282 0.033094
0.266184 0.11947
0.229536 0.123985
0.266184 0.123985
0.229536 0.11947
0.188905 0.123985
0.188905 0.11947
0.144699 0.123985
0.144699 0.11947
0.188905 0.101894
0.144699 0.101894
0.144699 0.106408
0.188905 0.106408
0.229536 0.101894
0.229536 0.106408
0.266184 0.101894
0.266184 0.106408
0.266184 0.084318
0.221978 0.088832
0.266184 0.088832
0.221978 0.084318
0.181347 0.088832
0.181347 0.084318
0.144699 0.088832
0.144699 0.084318
0.222076 0.051673
0.266282 0.051673
0.266282 0.047159
0.222076 0.047159
0.181445 0.051673
0.181445 0.047159
0.144797 0.051673
0.144797 0.047159
0.266282 0.01
0.222075 0.014514
0.266281 0.014514
0.222076 0.01
0.181445 0.014514
0.181445 0.01
0.144797 0.014514
0.144797 0.01
0.484451 -0.355877
0.452677 -0.355878
0.452677 -0.355878
0.484451 -0.355878
0.897937 0.936282
0.92549 0.980076
0.92549 0.936282
0.897937 0.980076
0.870384 0.936282
0.870384 0.980076
0.842832 0.936282
0.842832 0.980076
0.815279 0.936282
0.815279 0.980076
0.787727 0.936282
0.787727 0.980076
0.760174 0.936282
0.760174 0.980076
0.732622 0.936282
0.732622 0.980076
0.705069 0.936282
0.705069 0.980076
0.677517 0.936282
0.677517 0.980076
0.649965 0.936282
0.649965 0.980076
0.622412 0.936282
0.622412 0.980076
0.59486 0.936282
0.59486 0.980076
0.567307 0.936282
0.567307 0.980076
0.539755 0.936282
0.539755 0.980076
0.512202 0.936282
0.512202 0.980076
0.48465 0.936282
0.48465 0.980076
0.457098 0.936282
0.457098 0.980076
0.429545 0.936282
0.429545 0.980076
0.401992 0.936282
0.401992 0.980076
0.37444 0.936282
0.37444 0.980076
0.346888 0.936282
0.346888 0.980076
0.319335 0.936282
0.319335 0.980076
0.291783 0.936282
0.291783 0.980076
0.26423 0.936282
0.26423 0.980076
0.236678 0.936282
0.236678 0.980076
0.209126 0.936282
0.209126 0.980076
0.181573 0.936282
0.181573 0.980076
0.15402 0.936282
0.15402 0.980076
0.126468 0.936282
0.126468 0.980076
0.098916 0.936282
0.098916 0.980076
0.071363 0.936282
0.071363 0.980076
0.043811 0.936282
0.043811 0.980076
0.903246 0.928125
0.930745 0.86248
0.930745 0.928125
0.903246 0.86248
0.875747 0.928125
0.875747 0.86248
0.848249 0.928125
0.848249 0.86248
0.820751 0.928125
0.820751 0.86248
0.793252 0.928125
0.793252 0.86248
0.765754 0.928125
0.765754 0.86248
0.738255 0.928125
0.738255 0.86248
0.710757 0.928125
0.710757 0.86248
0.683259 0.928125
0.683259 0.86248
0.65576 0.928125
0.65576 0.86248
0.628262 0.928125
0.628262 0.86248
0.600763 0.928125
0.600763 0.86248
0.573265 0.928125
0.573265 0.86248
0.545767 0.928125
0.545767 0.86248
0.518268 0.928125
0.518268 0.86248
0.49077 0.928125
0.49077 0.86248
0.463271 0.928125
0.463271 0.86248
0.435773 0.928125
0.435773 0.86248
0.408275 0.928125
0.408275 0.86248
0.380776 0.928125
0.380776 0.86248
0.353278 0.928125
0.353278 0.86248
0.325779 0.928125
0.325779 0.86248
0.298281 0.928125
0.298281 0.86248
0.270782 0.928125
0.270782 0.86248
0.243284 0.928125
0.243284 0.86248
0.215786 0.928125
0.215786 0.86248
0.188287 0.928125
0.188287 0.86248
0.160789 0.928125
0.160789 0.86248
0.13329 0.928125
0.13329 0.86248
0.105792 0.928125
0.105792 0.86248
0.078294 0.928125
0.078294 0.86248
0.050795 0.928125
0.050795 0.86248
0.182156 0.315382
0.195041 0.317529
0.193522 0.315382
0.195041 0.339795
0.196561 0.315382
0.182156 0.339795
0.207927 0.339795
0.169271 0.315382
0.207927 0.315382
0.169271 0.339795
0.220812 0.339795
0.156386 0.315382
0.220812 0.315382
0.156386 0.339795
0.233697 0.339795
0.143501 0.315382
0.233697 0.315382
0.143501 0.339795
0.246582 0.339795
0.130615 0.315382
0.246582 0.315382
0.130615 0.339795
0.259468 0.339795
0.11773 0.315382
0.259468 0.315382
0.11773 0.339795
0.272353 0.339795
0.104845 0.315382
0.272353 0.315382
0.104845 0.339795
0.285238 0.339795
0.093479 0.315382
0.09196 0.339795
0.285238 0.315382
0.09196 0.317529
0.079074 0.339795
0.298123 0.339795
0.079074 0.315382
0.09044 0.315382
0.066189 0.339795
0.066189 0.315382
0.053304 0.339795
0.053304 0.315382
0.040419 0.339795
0.040419 0.315382
0.027534 0.339795
0.027534 0.315382
0.014648 0.339795
0.014648 0.315382
0.298123 0.317529
0.296604 0.315382
0.299643 0.315382
0.311008 0.315382
0.311008 0.339795
0.323894 0.315382
0.323894 0.339795
0.336779 0.315382
0.336779 0.339795
0.349664 0.315382
0.349664 0.339795
0.362549 0.315382
0.362549 0.339795
0.375435 0.315382
0.375435 0.339795
0.38832 0.315382
0.38832 0.339795
0.401205 0.317529
0.399686 0.315382
0.401205 0.339795
0.402724 0.315382
0.41409 0.315382
0.41409 0.339795
0.426976 0.315382
0.426975 0.339795
0.018217 0.30894
0.01001 0.30894
0.01001 0.279896
0.018217 0.279896
0.026424 0.30894
0.026424 0.279896
0.034632 0.30894
0.034632 0.279896
0.042839 0.30894
0.042839 0.279896
0.051047 0.30894
0.051047 0.279896
0.059254 0.30894
0.059254 0.279896
0.067462 0.279896
0.067462 0.30894
0.075669 0.279896
0.075669 0.30894
0.083876 0.279896
0.083876 0.30894
0.092084 0.279896
0.092084 0.30894
0.100291 0.279896
0.100291 0.30894
0.108499 0.279896
0.108499 0.30894
0.116706 0.279896
0.116706 0.30894
0.124914 0.279896
0.124914 0.30894
0.133121 0.279896
0.133121 0.30894
0.141328 0.279896
0.141328 0.30894
0.149536 0.279896
0.149536 0.30894
0.157743 0.279896
0.157743 0.30894
0.165951 0.279896
0.165951 0.30894
0.174158 0.279896
0.174158 0.30894
0.182366 0.279896
0.182366 0.30894
0.190573 0.279896
0.190573 0.30894
0.198781 0.30894
0.198781 0.279896
0.206988 0.30894
0.206988 0.279896
0.215195 0.30894
0.215195 0.279896
0.223403 0.30894
0.223403 0.279896
0.23161 0.30894
0.23161 0.279896
0.239818 0.30894
0.239818 0.279896
0.248025 0.30894
0.248025 0.279896
0.256233 0.30894
0.256233 0.279896
0.26444 0.30894
0.26444 0.279896
0.272647 0.30894
0.272647 0.279896
0.171466 0.178977
0.169296 0.181235
0.171466 0.183492
0.174173 0.178977
0.174173 0.183492
0.171466 0.171315
0.171466 0.1668
0.169296 0.169058
0.174173 0.1668
0.174173 0.171315
0.171466 0.195669
0.171466 0.191155
0.169296 0.193412
0.174173 0.191155
0.174173 0.195669
0.171466 0.154623
0.169296 0.15688
0.171466 0.159138
0.174173 0.154623
0.174173 0.159138
0.075133 0.139047
0.075133 0.14221
0.079648 0.14221
0.079648 0.139047
0.062765 0.139047
0.062765 0.14221
0.067279 0.14221
0.067279 0.139047
0.068949 0.139047
0.068949 0.14221
0.073463 0.14221
0.073463 0.139047
0.081318 0.139047
0.081318 0.14221
0.085832 0.14221
0.085832 0.139047
0.137785 0.108804
0.135728 0.106401
0.088523 0.111299
0.088611 0.114461
0.04706 0.108823
0.046751 0.111971
0.010429 0.103804
0.01 0.106938
0.139787 0.031695
0.139242 0.028579
0.102824 0.034963
0.10325 0.038097
0.061482 0.038986
0.061513 0.042149
0.014128 0.035855
0.012161 0.038333
0.137785 0.091227
0.135728 0.088825
0.088523 0.093722
0.088611 0.096884
0.04706 0.091247
0.046751 0.094395
0.010429 0.086228
0.01 0.089362
0.139787 0.013115
0.139242 0.01
0.102824 0.016384
0.10325 0.019518
0.061482 0.020406
0.061513 0.023569
0.014127 0.017276
0.012161 0.019753
0.137785 0.143956
0.135728 0.141554
0.088523 0.146451
0.088611 0.149613
0.04706 0.143976
0.046751 0.147124
0.010429 0.138957
0.01 0.142091
0.139787 0.050274
0.139242 0.047159
0.102824 0.053543
0.10325 0.056677
0.061482 0.057565
0.061513 0.060728
0.014127 0.054435
0.012161 0.056912
0.137785 0.12638
0.135727 0.123978
0.088523 0.128875
0.088611 0.132037
0.04706 0.126399
0.046751 0.129547
0.010429 0.121381
0.01 0.124514
0.139787 0.068854
0.139242 0.065738
0.102824 0.072122
0.10325 0.075256
0.061482 0.076145
0.061513 0.079308
0.014127 0.073014
0.012161 0.075492
0.40934 0.15091
0.460514 0.161744
0.462867 0.159206
0.409109 0.154364
0.363463 0.151837
0.363665 0.155292
0.323062 0.155763
0.323396 0.159209
0.323062 0.092444
0.325313 0.095073
0.376968 0.089714
0.376872 0.086254
0.422341 0.092423
0.422678 0.088978
0.462425 0.097915
0.462894 0.094485
0.323062 0.168392
0.323396 0.171837
0.363665 0.167921
0.363463 0.164465
0.409109 0.166992
0.40934 0.163539
0.460514 0.174373
0.462867 0.171834
0.323062 0.118458
0.325313 0.121087
0.376968 0.115728
0.376872 0.112268
0.422341 0.118437
0.422678 0.114992
0.462425 0.123929
0.462894 0.1205
0.323062 0.105451
0.325313 0.10808
0.376968 0.102721
0.376872 0.099261
0.422341 0.10543
0.422678 0.101985
0.462425 0.110922
0.462894 0.107493
0.323062 0.18102
0.323396 0.184465
0.363665 0.180549
0.363463 0.177094
0.409109 0.179621
0.40934 0.176167
0.460514 0.187001
0.462867 0.184462
0.323062 0.131465
0.325313 0.134094
0.376968 0.128735
0.376872 0.125275
0.422341 0.131444
0.422678 0.127999
0.462425 0.136936
0.462894 0.133507
0.323062 0.143135
0.323396 0.14658
0.363665 0.142664
0.363463 0.139208
0.409109 0.141736
0.40934 0.138282
0.460514 0.149116
0.462867 0.146577
0.42592 0.310254
0.399033 0.291
0.399033 0.312902
0.372146 0.310254
0.421647 0.288773
0.376419 0.288773
0.451773 0.302412
0.346293 0.302412
0.443391 0.282177
0.354674 0.282177
0.475599 0.289676
0.322466 0.289676
0.463431 0.271465
0.334634 0.271465
0.496483 0.272537
0.301582 0.272537
0.480996 0.25705
0.317069 0.25705
0.513623 0.251653
0.284443 0.251653
0.495412 0.239485
0.302654 0.239485
0.526358 0.227826
0.271708 0.227826
0.506123 0.219445
0.291942 0.219445
0.534201 0.201973
0.263865 0.201973
0.51272 0.1977
0.285346 0.1977
0.536849 0.175087
0.261217 0.175087
0.514947 0.175087
0.283119 0.175087
0.534201 0.1482
0.263865 0.1482
0.51272 0.152473
0.285346 0.152473
0.526358 0.122347
0.271708 0.122347
0.506123 0.130728
0.291942 0.130728
0.513623 0.09852
0.284443 0.09852
0.495412 0.110688
0.302654 0.110688
0.496483 0.077636
0.301582 0.077636
0.480996 0.093123
0.317069 0.093123
0.475599 0.060497
0.322467 0.060497
0.463431 0.078708
0.334635 0.078708
0.451773 0.047761
0.346293 0.047761
0.443391 0.067996
0.354674 0.067996
0.425919 0.039919
0.372146 0.039919
0.421647 0.0614
0.376419 0.0614
0.399033 0.037271
0.399033 0.059173
0.746441 0.670589
0.766995 0.67355
0.771506 0.655217
0.751924 0.648303
0.745411 0.693516
0.779506 0.638116
0.766148 0.69241
0.761649 0.627515
0.748874 0.716204
0.790689 0.622905
0.768996 0.711073
0.775243 0.609023
0.756696 0.73778
0.804624 0.610167
0.775431 0.728823
0.792184 0.593539
0.768578 0.757416
0.820777 0.600393
0.785205 0.744975
0.811819 0.581658
0.784061 0.774356
0.838526 0.593958
0.797943 0.758911
0.833396 0.573835
0.802553 0.78795
0.85719 0.59111
0.813154 0.770094
0.856084 0.570373
0.823341 0.797676
0.87605 0.591957
0.830255 0.778094
0.879011 0.571402
0.845627 0.803159
0.894383 0.596467
0.848588 0.782605
0.901297 0.576886
0.868554 0.804189
0.911484 0.604468
0.867448 0.783452
0.922085 0.586611
0.891242 0.800726
0.926695 0.615651
0.886112 0.780603
0.940576 0.600205
0.912818 0.792904
0.939432 0.629586
0.903861 0.774168
0.95606 0.617145
0.932454 0.781022
0.949206 0.645739
0.920014 0.764394
0.967942 0.636781
0.949394 0.765538
0.955641 0.663488
0.933949 0.751657
0.975764 0.658358
0.962989 0.747047
0.95849 0.682151
0.945132 0.736446
0.979227 0.681045
0.972714 0.726259
0.957643 0.701012
0.953132 0.719345
0.978197 0.703973
0.706713 0.685369
0.689746 0.709063
0.709047 0.709063
0.687783 0.689135
0.687783 0.728991
0.699802 0.662586
0.706713 0.732757
0.68197 0.669972
0.68197 0.748154
0.688579 0.641588
0.699802 0.75554
0.67253 0.652312
0.67253 0.765814
0.673475 0.623184
0.688579 0.776537
0.659827 0.636832
0.659827 0.781294
0.65507 0.60808
0.673475 0.794942
0.644347 0.624129
0.644347 0.793997
0.634073 0.596857
0.655071 0.810046
0.626687 0.614689
0.626687 0.803437
0.61129 0.589946
0.634073 0.821269
0.607524 0.608876
0.607525 0.80925
0.587596 0.587612
0.61129 0.82818
0.587596 0.606913
0.587596 0.811213
0.563902 0.589946
0.587596 0.830514
0.567668 0.608876
0.567668 0.80925
0.541119 0.596857
0.563902 0.82818
0.548505 0.614689
0.548505 0.803437
0.520122 0.60808
0.541119 0.821269
0.530845 0.624129
0.530845 0.793997
0.501717 0.623184
0.520121 0.810046
0.515365 0.636832
0.515365 0.781294
0.486613 0.641588
0.501717 0.794942
0.502662 0.652312
0.502662 0.765814
0.47539 0.662586
0.486613 0.776537
0.493222 0.669972
0.493222 0.748154
0.468479 0.685369
0.47539 0.75554
0.487409 0.689135
0.487409 0.728991
0.466145 0.709063
0.468479 0.732757
0.485446 0.709063
0.771506 0.655217
0.766995 0.67355
0.790214 0.676893
0.793626 0.663026
0.789573 0.69116
0.779506 0.638116
0.766148 0.69241
0.799677 0.65009
0.791728 0.705277
0.790689 0.622905
0.768996 0.711073
0.808136 0.638584
0.796595 0.718703
0.804624 0.610167
0.775431 0.728823
0.818677 0.628949
0.803988 0.730921
0.820777 0.600393
0.785205 0.744975
0.830896 0.621556
0.813623 0.741462
0.838526 0.593958
0.797943 0.758911
0.844322 0.616688
0.82513 0.749921
0.85719 0.59111
0.813154 0.770094
0.858439 0.614534
0.838065 0.755973
0.87605 0.591957
0.830255 0.778094
0.872706 0.615175
0.851932 0.759385
0.894383 0.596467
0.848588 0.782605
0.886573 0.618586
0.866199 0.760026
0.911484 0.604468
0.867448 0.783452
0.899508 0.624638
0.880316 0.757871
0.926695 0.615651
0.886112 0.780603
0.911015 0.633097
0.893742 0.753004
0.939432 0.629586
0.903861 0.774168
0.920649 0.643638
0.90596 0.74561
0.949206 0.645739
0.920014 0.764394
0.928043 0.655856
0.916502 0.735976
0.955641 0.663488
0.933949 0.751657
0.93291 0.669282
0.924961 0.724469
0.95849 0.682151
0.945132 0.736446
0.935065 0.6834
0.931012 0.711534
0.957643 0.701012
0.953132 0.719345
0.934424 0.697666
0.254196 0.191356
0.254196 0.222225
0.283152 0.222225
0.283152 0.191356
0.313694 0.222225
0.313694 0.191356
0.344237 0.222225
0.344237 0.191356
0.37478 0.191356
0.37478 0.222225
0.405322 0.222225
0.405322 0.191356
0.435865 0.222225
0.435865 0.191356
0.466408 0.191356
0.466408 0.222225
0.495363 0.191356
0.495363 0.222225
0.739705 0.191356
0.710749 0.222225
0.739705 0.222225
0.710749 0.191356
0.680207 0.191356
0.680207 0.222225
0.649664 0.222225
0.649664 0.191356
0.619121 0.191356
0.619121 0.222225
0.588579 0.222225
0.588579 0.191356
0.558036 0.222225
0.558036 0.191356
0.527493 0.222225
0.527493 0.191356
0.498538 0.222225
0.498538 0.191356
0.251021 0.191356
0.222066 0.222225
0.251021 0.222225
0.222066 0.191356
0.191523 0.222225
0.191523 0.191356
0.160981 0.222225
0.160981 0.191356
0.130438 0.191356
0.130438 0.222225
0.099895 0.222225
0.099895 0.191356
0.069353 0.222225
0.069353 0.191356
0.03881 0.191356
0.03881 0.222225
0.009855 0.191356
0.009855 0.222225
0.74288 0.191356
0.74288 0.222225
0.771835 0.222225
0.771835 0.191356
0.802378 0.191356
0.802378 0.222225
0.832921 0.222225
0.832921 0.191356
0.863463 0.191356
0.863463 0.222225
0.894006 0.222225
0.894006 0.191356
0.924549 0.222225
0.924549 0.191356
0.955091 0.222225
0.955091 0.191356
0.984046 0.222225
0.984046 0.191356
0.495344 0.198976
0.495344 0.214605
0.498557 0.214603
0.498557 0.198976
0.254215 0.214604
0.254215 0.198977
0.251002 0.198977
0.251002 0.214604
0.742899 0.214604
0.742899 0.198976
0.739686 0.198976
0.739686 0.214604
0.987241 0.214605
0.987241 0.198976
0.984027 0.198976
0.984027 0.214603
0.498538 0.191356
0.498557 0.198976
0.498557 0.214603
0.498538 0.222225
0.495363 0.222225
0.495344 0.214605
0.495344 0.198976
0.495363 0.191356
0.254196 0.191356
0.254215 0.198977
0.254215 0.214604
0.254196 0.222225
0.251021 0.222225
0.251002 0.214604
0.251002 0.198977
0.251021 0.191356
0.74288 0.191356
0.742899 0.198976
0.742899 0.214604
0.74288 0.222225
0.739705 0.222225
0.739686 0.214604
0.739686 0.198976
0.739705 0.191356
0.009855 0.191356
0.009874 0.198976
0.009874 0.214605
0.009855 0.222225
0.984046 0.222225
0.984027 0.214603
0.984027 0.198976
0.984046 0.191356
0.879329 0.015823
0.851665 0.012806
0.8514 0.037012
0.874354 0.039512
0.905879 0.024172
0.828402 0.039024
0.823943 0.015233
0.896385 0.046438
0.930296 0.037535
0.806238 0.045485
0.797225 0.023021
0.916646 0.057523
0.951643 0.055404
0.785764 0.056147
0.772541 0.035874
0.934358 0.072344
0.969095 0.077098
0.767767 0.0706
0.750842 0.053296
0.948836 0.090337
0.981972 0.101784
0.752937 0.088285
0.732962 0.074613
0.959519 0.110811
0.989775 0.128509
0.741841 0.108518
0.719583 0.099004
0.965991 0.132977
0.992201 0.156235
0.734902 0.130523
0.711216 0.125536
0.967997 0.155971
0.98917 0.183893
0.732388 0.153458
0.708184 0.153194
0.965484 0.178906
0.980802 0.210425
0.734394 0.176452
0.71061 0.18092
0.958544 0.200911
0.967423 0.234816
0.740866 0.198618
0.718413 0.207645
0.947448 0.221145
0.949543 0.256134
0.75155 0.219092
0.73129 0.232332
0.932618 0.238829
0.927845 0.273555
0.766027 0.237085
0.748742 0.254026
0.914622 0.253282
0.90316 0.286408
0.783739 0.251906
0.770089 0.271894
0.894147 0.263944
0.876442 0.294196
0.804 0.262991
0.794506 0.285257
0.871983 0.270405
0.84872 0.296624
0.826031 0.269917
0.821056 0.293606
0.848985 0.272417
0.797131 0.232316
0.81332 0.241166
0.830932 0.246698
0.849265 0.248671
0.867626 0.247077
0.885329 0.241912
0.782982 0.220485
0.901676 0.233392
0.771416 0.206125
0.91604 0.221845
0.762877 0.189781
0.927874 0.207718
0.757696 0.172067
0.936727 0.191559
0.756135 0.153717
0.94226 0.173993
0.758125 0.135436
0.94425 0.155712
0.763658 0.11787
0.942689 0.137362
0.772511 0.101711
0.937508 0.119649
0.784345 0.087585
0.928969 0.103304
0.798709 0.076037
0.917403 0.088944
0.815056 0.067517
0.903254 0.077113
0.83276 0.062352
0.887065 0.068264
0.85112 0.060758
0.869453 0.062731
0.811526 0.095813
0.823759 0.089418
0.837005 0.085538
0.850797 0.084323
0.864604 0.085782
0.877818 0.089942
0.800777 0.104483
0.889952 0.096566
0.791919 0.115089
0.900557 0.105422
0.785294 0.127219
0.909221 0.116161
0.78116 0.140408
0.915614 0.128362
0.779696 0.154166
0.919493 0.141538
0.780893 0.167891
0.920689 0.155264
0.784771 0.181067
0.919225 0.169021
0.791164 0.193268
0.915092 0.18221
0.799828 0.204008
0.908466 0.19434
0.810433 0.212863
0.899608 0.204946
0.822567 0.219488
0.888859 0.213616
0.835781 0.223648
0.876627 0.220011
0.849588 0.225107
0.86338 0.223892
0.831882 0.19786
0.840752 0.200635
0.850005 0.201582
0.859268 0.200694
0.868062 0.198032
0.876128 0.19377
0.823736 0.193419
0.883268 0.187969
0.816661 0.187506
0.889194 0.18081
0.810911 0.18037
0.893543 0.172645
0.806682 0.172297
0.896201 0.16392
0.804111 0.16358
0.897117 0.154888
0.803268 0.154542
0.896274 0.14585
0.804185 0.145509
0.893704 0.137133
0.806842 0.136783
0.889474 0.129059
0.811192 0.128618
0.883724 0.121924
0.817119 0.121459
0.876649 0.116011
0.824257 0.115659
0.868503 0.111569
0.832323 0.111398
0.859633 0.108795
0.841117 0.108735
0.85038 0.107848
0.833746 0.138252
0.837292 0.135382
0.850192 0.154715
0.830876 0.141686
0.841394 0.133225
0.828754 0.145654
0.845798 0.131884
0.827404 0.150038
0.850302 0.131454
0.826932 0.154611
0.854798 0.131912
0.827364 0.159186
0.859128 0.133239
0.828683 0.16358
0.863133 0.135386
0.830834 0.16762
0.866655 0.138278
0.83373 0.171152
0.869551 0.141809
0.837252 0.174043
0.871702 0.145849
0.841257 0.176191
0.873021 0.150243
0.845587 0.177517
0.873453 0.154819
0.850084 0.177975
0.872981 0.159392
0.854587 0.177546
0.87163 0.163776
0.858991 0.176205
0.869508 0.167744
0.863094 0.174047
0.866639 0.171179
256
0 1 2
3 4 5
6 7 8
6 9 7
10 9 6
10 11 9
12 11 10
12 13 11
14 13 12
14 15 13
16 15 14
16 17 15
18 17 16
18 19 17
20 19 18
20 21 19
22 21 20
22 23 21
24 23 22
24 25 23
26 25 24
26 27 25
28 27 26
28 29 27
30 29 28
30 31 29
32 31 30
32 33 31
34 33 32
34 35 33
36 35 34
36 37 35
38 37 36
38 39 37
40 39 38
40 41 39
42 41 40
42 43 41
44 43 42
44 45 43
46 45 44
46 47 45
48 47 46
48 49 47
50 49 48
50 51 49
52 51 50
52 53 51
54 53 52
54 55 53
56 55 54
56 57 55
58 57 56
58 59 57
60 59 58
60 61 59
62 61 60
62 63 61
64 63 62
64 65 63
66 65 64
66 67 65
68 67 66
68 69 67
70 69 68
70 71 69
72 73 74
72 74 75
75 74 76
75 76 77
77 76 78
77 78 79
79 78 80
79 80 81
81 80 82
81 82 83
83 82 84
83 84 85
85 84 86
85 86 87
87 86 88
87 88 89
89 88 90
89 90 91
91 90 92
91 92 93
93 92 94
93 94 95
95 94 96
95 96 97
97 96 98
97 98 99
99 98 100
99 100 101
101 100 102
101 102 103
103 102 104
103 104 105
105 104 106
105 106 107
107 106 108
107 108 109
109 108 110
109 110 111
111 110 112
111 112 113
113 112 114
113 114 115
115 114 116
115 116 117
117 116 118
117 118 119
119 118 120
119 120 121
121 120 122
121 122 123
123 122 124
123 124 125
125 124 126
125 126 127
127 126 128
127 128 129
129 128 130
129 130 131
131 130 132
131 132 133
133 132 134
133 134 135
135 134 136
135 136 137
138 139 140
138 141 139
139 141 142
141 138 143
141 143 144
141 144 145
145 144 146
141 145 147
144 148 146
144 149 148
148 149 150
143 138 151
143 151 152
138 153 151
138 154 153
144 143 155
155 143 156
144 155 157
158 149 144
158 144 159
159 144 160
158 159 161
158 162 149
163 162 158
163 158 164
165 162 163
165 166 162
149 162 167
149 167 168
167 162 169
170 171 172
170 173 171
171 173 174
173 170 175
175 170 176
175 176 177
170 178 176
170 179 178
180 178 179
173 175 181
181 175 182
182 175 183
181 182 184
173 181 185
173 185 186
185 181 187
187 181 188
185 187 189
188 190 187
188 191 190
191 188 192
191 192 193
194 192 188
194 188 195
194 195 196
197 195 188
197 188 198
194 199 192
200 199 194
200 194 201
202 199 200
202 203 199
204 199 203
192 199 205
192 205 206
205 199 207
208 209 210
208 211 209
212 211 208
213 209 211
213 214 209
213 215 214
213 216 215
217 216 213
217 213 211
217 218 216
212 219 211
217 211 219
220 219 212
221 218 217
221 217 219
221 222 218
220 223 219
221 219 223
224 223 220
225 222 221
225 221 223
225 226 222
224 227 223
225 223 227
228 227 224
229 226 225
229 225 227
229 230 226
228 231 227
229 227 231
232 231 228
233 230 229
233 229 231
233 234 230
232 235 231
233 231 235
236 235 232
237 234 233
237 233 235
237 238 234
236 239 235
237 235 239
240 239 236
240 241 239
242 239 241
242 237 239
242 238 237
242 243 238
244 245 246
244 247 245
248 247 244
249 245 247
249 250 245
249 251 250
249 252 251
253 252 249
253 249 247
253 254 252
248 255 247
253 247 255
256 255 248
257 254 253
257 253 255
257 258 254
256 259 255
257 255 259
260 259 256
261 258 257
261 257 259
261 262 258
260 263 259
261 259 263
264 263 260
265 262 261
265 261 263
265 266 262
264 267 263
265 263 267
268 267 264
269 266 265
269 265 267
269 270 266
268 271 267
269 267 271
272 271 268
273 270 269
273 269 271
273 274 270
272 275 271
273 271 275
276 275 272
276 277 275
278 275 277
278 273 275
278 274 273
278 279 274
280 281 282
280 282 283
284 280 283
285 283 282
285 282 286
285 286 287
285 287 288
289 285 288
289 283 285
289 288 290
284 283 291
289 291 283
292 284 291
293 289 290
293 291 289
293 290 294
292 291 295
293 295 291
296 292 295
297 293 294
297 295 293
297 294 298
296 295 299
297 299 295
300 296 299
301 297 298
301 299 297
301 298 302
300 299 303
301 303 299
304 300 303
305 301 302
305 303 301
305 302 306
304 303 307
305 307 303
308 304 307
309 305 306
309 307 305
309 306 310
308 307 311
309 311 307
312 308 311
312 311 313
314 313 311
314 311 309
314 309 310
314 310 315
316 317 318
316 318 319
320 316 319
321 319 318
321 318 322
321 322 323
321 323 324
325 321 324
325 319 321
325 324 326
320 319 327
325 327 319
328 320 327
329 325 326
329 327 325
329 326 330
328 327 331
329 331 327
332 328 331
333 329 330
333 331 329
333 330 334
332 331 335
333 335 331
336 332 335
337 333 334
337 335 333
337 334 338
336 335 339
337 339 335
340 336 339
341 337 338
341 339 337
341 338 342
340 339 343
341 343 339
344 340 343
345 341 342
345 343 341
345 342 346
344 343 347
345 347 343
348 344 347
348 347 349
350 349 347
350 347 345
350 345 346
350 346 351
352 353 354
352 354 355
356 352 355
357 355 354
357 354 358
357 358 359
357 359 360
361 357 360
361 355 357
361 360 362
356 355 363
361 363 355
364 356 363
365 361 362
365 363 361
365 362 366
364 363 367
365 367 363
368 364 367
369 365 366
369 367 365
369 366 370
368 367 371
369 371 367
372 368 371
373 369 370
373 371 369
373 370 374
372 371 375
373 375 371
376 372 375
377 373 374
377 375 373
377 374 378
376 375 379
377 379 375
380 376 379
381 377 378
381 379 377
381 378 382
380 379 383
381 383 379
384 380 383
384 383 385
386 385 383
386 383 381
386 381 382
386 382 387
388 389 390
388 390 391
392 388 391
393 391 390
393 390 394
393 394 395
393 395 396
397 393 396
397 391 393
397 396 398
392 391 399
397 399 391
400 392 399
401 397 398
401 399 397
401 398 402
400 399 403
401 403 399
404 400 403
405 401 402
405 403 401
405 402 406
404 403 407
405 407 403
408 404 407
409 405 406
409 407 405
409 406 410
408 407 411
409 411 407
412 408 411
413 409 410
413 411 409
413 410 414
412 411 415
413 415 411
416 412 415
417 413 414
417 415 413
417 414 418
416 415 419
417 419 415
420 416 419
420 419 421
422 421 419
422 419 417
422 417 418
422 418 423
424 425 426
424 427 425
428 427 424
429 425 427
429 430 425
429 431 430
429 432 431
433 432 429
433 429 427
433 434 432
428 435 427
433 427 435
436 435 428
437 434 433
437 433 435
437 438 434
436 439 435
437 435 439
440 439 436
441 438 437
441 437 439
441 442 438
440 443 439
441 439 443
444 443 440
445 442 441
445 441 443
445 446 442
444 447 443
445 443 447
448 447 444
449 446 445
449 445 447
449 450 446
448 451 447
449 447 451
452 451 448
453 450 449
453 449 451
453 454 450
452 455 451
453 451 455
456 455 452
456 457 455
458 455 457
458 453 455
458 454 453
458 459 454
460 461 462
460 463 461
464 463 460
465 461 463
465 466 461
465 467 466
465 468 467
469 468 465
469 465 463
469 470 468
464 471 463
469 463 471
472 471 464
473 470 469
473 469 471
473 474 470
472 475 471
473 471 475
476 475 472
477 474 473
477 473 475
477 478 474
476 479 475
477 475 479
480 479 476
481 478 477
481 477 479
481 482 478
480 483 479
481 479 483
484 483 480
485 482 481
485 481 483
485 486 482
484 487 483
485 483 487
488 487 484
489 486 485
489 485 487
489 490 486
488 491 487
489 487 491
492 491 488
492 493 491
494 491 493
494 489 491
494 490 489
494 495 490
496 497 498
496 499 497
500 497 499
500 499 501
501 502 500
501 503 502
504 505 506
504 506 507
508 504 507
508 507 509
510 508 509
510 509 511
512 513 514
512 514 515
515 516 512
515 517 516
518 516 517
518 517 519
520 521 522
520 523 521
523 524 521
523 525 524
526 524 525
526 525 527
528 529 530
528 530 531
531 532 528
531 533 532
534 532 533
534 533 535
536 537 538
536 539 537
540 537 539
540 539 541
542 540 541
542 541 543
544 545 546
544 546 547
547 548 544
547 549 548
550 548 549
550 549 551
552 553 554
552 555 553
556 553 555
556 555 557
557 558 556
557 559 558
560 561 562
560 562 563
564 565 566
564 567 565
568 567 564
568 569 567
570 569 568
570 571 569
572 571 570
572 573 571
574 573 572
574 575 573
576 575 574
576 577 575
578 577 576
578 579 577
580 579 578
580 581 579
582 581 580
582 583 581
584 583 582
584 585 583
586 585 584
586 587 585
588 587 586
588 589 587
590 589 588
590 591 589
592 591 590
592 593 591
594 593 592
594 595 593
596 595 594
596 597 595
598 597 596
598 599 597
600 599 598
600 601 599
602 601 600
602 603 601
604 603 602
604 605 603
606 605 604
606 607 605
608 607 606
608 609 607
610 609 608
610 611 609
612 611 610
612 613 611
614 613 612
614 615 613
616 615 614
616 617 615
618 617 616
618 619 617
620 619 618
620 621 619
622 621 620
622 623 621
624 623 622
624 625 623
626 625 624
626 627 625
628 627 626
628 629 627
630 631 632
630 633 631
634 633 630
634 635 633
636 635 634
636 637 635
638 637 636
638 639 637
640 639 638
640 641 639
642 641 640
642 643 641
644 643 642
644 645 643
646 645 644
646 647 645
648 647 646
648 649 647
650 649 648
650 651 649
652 651 650
652 653 651
654 653 652
654 655 653
656 655 654
656 657 655
658 657 656
658 659 657
660 659 658
660 661 659
662 661 660
662 663 661
664 663 662
664 665 663
666 665 664
666 667 665
668 667 666
668 669 667
670 669 668
670 671 669
672 671 670
672 673 671
674 673 672
674 675 673
676 675 674
676 677 675
678 677 676
678 679 677
680 679 678
680 681 679
682 681 680
682 683 681
684 683 682
684 685 683
686 685 684
686 687 685
688 687 686
688 689 687
690 689 688
690 691 689
692 691 690
692 693 691
694 693 692
694 695 693
696 697 698
696 699 697
697 699 700
696 701 699
700 699 702
703 701 696
700 702 704
703 705 701
704 702 706
707 705 703
704 706 708
707 709 705
708 706 710
711 709 707
708 710 712
711 713 709
712 710 714
715 713 711
712 714 716
715 717 713
716 714 718
719 717 715
716 718 720
719 721 717
720 718 722
723 721 719
720 722 724
723 725 721
724 722 726
727 725 723
727 728 725
724 726 729
730 728 727
730 731 728
729 726 732
730 733 731
734 733 730
733 735 731
733 736 735
736 737 735
736 738 737
738 739 737
738 740 739
740 741 739
740 742 741
742 743 741
742 744 743
729 732 745
729 745 746
732 747 745
748 747 732
748 732 749
750 748 749
750 749 751
752 750 751
752 751 753
754 752 753
754 753 755
756 754 755
756 755 757
758 756 757
758 757 759
760 758 759
760 759 761
762 760 761
763 760 762
762 761 764
764 765 762
766 765 764
766 764 767
768 766 767
768 767 769
770 771 772
770 772 773
774 770 773
774 773 775
776 774 775
776 775 777
778 776 777
778 777 779
780 778 779
780 779 781
782 780 781
782 781 783
782 783 784
782 784 785
785 784 786
785 786 787
787 786 788
787 788 789
789 788 790
789 790 791
791 790 792
791 792 793
793 792 794
793 794 795
795 794 796
795 796 797
797 796 798
797 798 799
799 798 800
799 800 801
801 800 802
801 802 803
803 802 804
803 804 805
805 804 806
805 806 807
807 806 808
807 808 809
809 808 810
809 810 811
811 810 812
811 812 813
813 812 814
813 814 815
816 815 814
816 814 817
818 816 817
818 817 819
820 818 819
820 819 821
822 820 821
822 821 823
824 822 823
824 823 825
826 824 825
826 825 827
828 826 827
828 827 829
830 828 829
830 829 831
832 830 831
832 831 833
834 832 833
834 833 835
836 837 838
838 839 836
838 840 839
841 842 843
841 844 842
841 845 844
846 847 848
846 849 847
846 850 849
851 852 853
853 854 851
853 855 854
856 857 858
856 858 859
860 861 862
860 862 863
864 865 866
864 866 867
868 869 870
868 870 871
872 873 874
872 874 875
875 874 876
875 876 877
877 876 878
877 878 879
880 881 882
880 882 883
883 882 884
883 884 885
885 884 886
885 886 887
888 889 890
888 890 891
891 890 892
891 892 893
893 892 894
893 894 895
896 897 898
896 898 899
899 898 900
899 900 901
901 900 902
901 902 903
904 905 906
904 906 907
907 906 908
907 908 909
909 908 910
909 910 911
912 913 914
912 914 915
915 914 916
915 916 917
917 916 918
917 918 919
920 921 922
920 922 923
923 922 924
923 924 925
925 924 926
925 926 927
928 929 930
928 930 931
931 930 932
931 932 933
933 932 934
933 934 935
936 937 938
936 939 937
940 939 936
940 941 939
942 941 940
942 943 941
944 945 946
944 946 947
947 946 948
947 948 949
949 948 950
949 950 951
952 953 954
952 954 955
955 954 956
955 956 957
957 956 958
957 958 959
960 961 962
960 962 963
963 962 964
963 964 965
965 964 966
965 966 967
968 969 970
968 970 971
971 970 972
971 972 973
973 972 974
973 974 975
976 977 978
976 978 979
979 978 980
979 980 981
981 980 982
981 982 983
984 985 986
984 986 987
987 986 988
987 988 989
989 988 990
989 990 991
992 993 994
992 994 995
995 994 996
995 996 997
997 996 998
997 998 999
1000 1001 1002
1003 1002 1001
1000 1004 1001
1003 1001 1005
1006 1004 1000
1007 1003 1005
1006 1008 1004
1007 1005 1009
1010 1008 1006
1011 1007 1009
1010 1012 1008
1011 1009 1013
1014 1012 1010
1015 1011 1013
1014 1016 1012
1015 1013 1017
1018 1016 1014
1019 1015 1017
1018 1020 1016
1019 1017 1021
1022 1020 1018
1023 1019 1021
1022 1024 1020
1023 1021 1025
1026 1024 1022
1027 1023 1025
1026 1028 1024
1027 1025 1029
1030 1028 1026
1031 1027 1029
1030 1032 1028
1031 1029 1033
1034 1032 1030
1035 1031 1033
1034 1036 1032
1035 1033 1037
1038 1036 1034
1039 1035 1037
1038 1040 1036
1039 1037 1041
1042 1040 1038
1043 1039 1041
1042 1044 1040
1043 1041 1045
1046 1044 1042
1047 1043 1045
1046 1048 1044
1047 1045 1049
1050 1048 1046
1051 1047 1049
1050 1052 1048
1051 1049 1053
1054 1052 1050
1055 1051 1053
1054 1056 1052
1055 1053 1057
1058 1056 1054
1059 1055 1057
1058 1060 1056
1059 1057 1061
1062 1060 1058
1062 1059 1061
1062 1063 1060
1062 1061 1063
1064 1065 1066
1064 1066 1067
1068 1065 1064
1067 1066 1069
1068 1070 1065
1067 1069 1071
1072 1070 1068
1071 1069 1073
1072 1074 1070
1071 1073 1075
1076 1074 1072
1075 1073 1077
1076 1078 1074
1075 1077 1079
1080 1078 1076
1079 1077 1081
1080 1082 1078
1079 1081 1083
1084 1082 1080
1083 1081 1085
1084 1086 1082
1083 1085 1087
1088 1086 1084
1087 1085 1089
1088 1090 1086
1087 1089 1091
1092 1090 1088
1091 1089 1093
1092 1094 1090
1091 1093 1095
1096 1094 1092
1095 1093 1097
1096 1098 1094
1095 1097 1099
1100 1098 1096
1099 1097 1101
1100 1102 1098
1099 1101 1103
1104 1102 1100
1103 1101 1105
1104 1106 1102
1103 1105 1107
1108 1106 1104
1107 1105 1109
1108 1110 1106
1107 1109 1111
1112 1110 1108
1111 1109 1113
1112 1114 1110
1111 1113 1115
1116 1114 1112
1115 1113 1117
1116 1118 1114
1115 1117 1119
1120 1118 1116
1119 1117 1121
1120 1122 1118
1119 1121 1123
1124 1122 1120
1123 1121 1125
1124 1126 1122
1123 1125 1127
1127 1126 1124
1127 1125 1126
1128 1129 1130
1128 1131 1129
1130 1129 1132
1133 1131 1128
1130 1132 1134
1133 1135 1131
1134 1132 1136
1137 1135 1133
1134 1136 1138
1137 1139 1135
1138 1136 1140
1141 1139 1137
1138 1140 1142
1141 1143 1139
1142 1140 1144
1145 1143 1141
1142 1144 1146
1145 1147 1143
1146 1144 1148
1149 1147 1145
1146 1148 1150
1149 1151 1147
1150 1148 1152
1153 1151 1149
1150 1152 1154
1153 1155 1151
1154 1152 1156
1157 1155 1153
1154 1156 1158
1157 1159 1155
1158 1156 1160
1161 1159 1157
1158 1160 1162
1161 1163 1159
1162 1160 1164
1165 1163 1161
1162 1164 1166
1165 1167 1163
1166 1164 1168
1169 1167 1165
1166 1168 1170
1169 1171 1167
1170 1168 1172
1173 1171 1169
1170 1172 1174
1173 1175 1171
1174 1172 1176
1177 1175 1173
1174 1176 1178
1177 1179 1175
1178 1176 1180
1181 1179 1177
1178 1180 1182
1181 1183 1179
1182 1180 1184
1185 1183 1181
1182 1184 1186
1185 1187 1183
1186 1184 1188
1189 1187 1185
1186 1188 1190
1189 1191 1187
1190 1188 1191
1190 1191 1189
1192 1193 1194
1192 1194 1195
1193 1196 1194
1197 1192 1195
1193 1198 1196
1197 1195 1199
1198 1200 1196
1201 1197 1199
1198 1202 1200
1201 1199 1203
1202 1204 1200
1205 1201 1203
1202 1206 1204
1205 1203 1207
1206 1208 1204
1209 1205 1207
1206 1210 1208
1209 1207 1211
1210 1212 1208
1213 1209 1211
1210 1214 1212
1213 1211 1215
1214 1216 1212
1217 1213 1215
1214 1218 1216
1217 1215 1219
1218 1220 1216
1221 1217 1219
1218 1222 1220
1221 1219 1223
1222 1224 1220
1225 1221 1223
1222 1226 1224
1225 1223 1227
1226 1228 1224
1229 1225 1227
1226 1230 1228
1229 1227 1231
1230 1232 1228
1233 1229 1231
1230 1234 1232
1233 1231 1235
1234 1236 1232
1237 1233 1235
1234 1238 1236
1237 1235 1239
1238 1240 1236
1241 1237 1239
1238 1242 1240
1241 1239 1243
1242 1244 1240
1245 1241 1243
1242 1246 1244
1245 1243 1247
1246 1248 1244
1249 1245 1247
1246 1250 1248
1249 1247 1251
1250 1252 1248
1253 1249 1251
1250 1254 1252
1253 1251 1255
1254 1253 1255
1254 1255 1252
1256 1257 1258
1256 1258 1259
1259 1258 1260
1259 1260 1261
1261 1260 1262
1261 1262 1263
1264 1263 1262
1264 1262 1265
1264 1265 1266
1264 1266 1267
1267 1266 1268
1267 1268 1269
1270 1269 1268
1270 1268 1271
1272 1270 1271
1272 1271 1273
1274 1275 1276
1274 1277 1275
1278 1275 1277
1278 1279 1275
1278 1280 1279
1278 1281 1280
1282 1280 1281
1282 1283 1280
1282 1284 1283
1282 1285 1284
1285 1286 1284
1285 1287 1286
1287 1288 1286
1287 1289 1288
1289 1290 1288
1289 1291 1290
1292 1293 1294
1292 1295 1293
1295 1296 1293
1295 1297 1296
1297 1298 1296
1297 1299 1298
1300 1298 1299
1300 1301 1298
1300 1302 1301
1300 1303 1302
1303 1304 1302
1303 1305 1304
1306 1304 1305
1306 1307 1304
1308 1307 1306
1308 1309 1307
1310 1311 1312
1310 1312 1313
1314 1313 1312
1314 1312 1315
1314 1315 1316
1314 1316 1317
1318 1317 1316
1318 1316 1319
1318 1319 1320
1318 1320 1321
1321 1320 1322
1321 1322 1323
1323 1322 1324
1323 1324 1325
1325 1324 1326
1325 1326 1327
1328 1329 1330
1328 1330 1331
1332 1333 1334
1332 1334 1335
1336 1337 1338
1336 1338 1339
1340 1341 1342
1340 1342 1343
1344 1345 1346
1344 1346 1347
1348 1349 1350
1348 1350 1351
1352 1353 1354
1352 1354 1355
1356 1357 1358
1356 1358 1359
1360 1361 1362
1360 1362 1363
1364 1365 1366
1364 1366 1367
1368 1369 1370
1368 1370 1371
1372 1373 1374
1372 1374 1375
1376 1377 1378
1376 1378 1379
1380 1376 1379
1377 1381 1378
1377 1382 1381
1380 1379 1383
1384 1380 1383
1382 1385 1381
1382 1386 1385
1384 1383 1387
1388 1384 1387
1386 1389 1385
1386 1390 1389
1388 1387 1391
1392 1388 1391
1390 1393 1389
1390 1394 1393
1392 1391 1395
1396 1392 1395
1394 1397 1393
1394 1398 1397
1396 1395 1399
1400 1396 1399
1398 1401 1397
1398 1402 1401
1400 1399 1403
1404 1400 1403
1402 1405 1401
1402 1406 1405
1404 1403 1407
1408 1404 1407
1406 1409 1405
1406 1410 1409
1408 1407 1411
1412 1408 1411
1410 1413 1409
1410 1414 1413
1412 1411 1415
1416 1412 1415
1414 1417 1413
1414 1418 1417
1416 1415 1419
1420 1416 1419
1418 1421 1417
1418 1422 1421
1420 1419 1423
1424 1420 1423
1422 1425 1421
1422 1426 1425
1424 1423 1427
1428 1424 1427
1426 1429 1425
1426 1430 1429
1428 1427 1431
1432 1428 1431
1430 1433 1429
1430 1434 1433
1432 1431 1435
1436 1432 1435
1434 1437 1433
1434 1438 1437
1438 1436 1439
1436 1435 1439
1438 1439 1437
1425 1429 1440
1429 1433 1441
1429 1441 1440
1433 1437 1442
1433 1442 1441
1437 1439 1443
1437 1443 1442
1439 1435 1444
1439 1444 1443
1435 1431 1445
1435 1445 1444
1425 1440 1446
1421 1425 1446
1431 1447 1445
1431 1427 1447
1421 1446 1448
1417 1421 1448
1427 1449 1447
1427 1423 1449
1417 1448 1450
1413 1417 1450
1423 1451 1449
1423 1419 1451
1413 1450 1452
1409 1413 1452
1419 1453 1451
1419 1415 1453
1409 1452 1454
1405 1409 1454
1415 1455 1453
1415 1411 1455
1405 1454 1456
1401 1405 1456
1411 1457 1455
1411 1407 1457
1401 1456 1458
1397 1401 1458
1407 1459 1457
1407 1403 1459
1397 1458 1460
1393 1397 1460
1403 1461 1459
1403 1399 1461
1393 1460 1462
1389 1393 1462
1399 1463 1461
1399 1395 1463
1389 1462 1464
1385 1389 1464
1395 1465 1463
1395 1391 1465
1385 1464 1466
1381 1385 1466
1391 1467 1465
1391 1387 1467
1381 1466 1468
1378 1381 1468
1387 1469 1467
1387 1383 1469
1378 1468 1470
1379 1378 1470
1383 1379 1471
1383 1471 1469
1379 1470 1471
1466 1464 1472
1468 1466 1473
1466 1472 1473
1470 1468 1474
1468 1473 1474
1471 1470 1475
1470 1474 1475
1469 1471 1476
1471 1475 1476
1467 1469 1477
1469 1476 1477
1464 1478 1472
1464 1462 1478
1467 1477 1479
1465 1467 1479
1462 1480 1478
1462 1460 1480
1465 1479 1481
1463 1465 1481
1460 1482 1480
1460 1458 1482
1463 1481 1483
1461 1463 1483
1458 1484 1482
1458 1456 1484
1461 1483 1485
1459 1461 1485
1456 1486 1484
1456 1454 1486
1459 1485 1487
1457 1459 1487
1454 1488 1486
1454 1452 1488
1457 1487 1489
1455 1457 1489
1452 1490 1488
1452 1450 1490
1455 1489 1491
1453 1455 1491
1450 1492 1490
1450 1448 1492
1453 1491 1493
1451 1453 1493
1448 1494 1492
1448 1446 1494
1451 1493 1495
1449 1451 1495
1446 1496 1494
1446 1440 1496
1449 1495 1497
1447 1449 1497
1440 1498 1496
1440 1441 1498
1447 1497 1499
1445 1447 1499
1441 1500 1498
1441 1442 1500
1445 1499 1501
1444 1445 1501
1442 1502 1500
1442 1443 1502
1443 1444 1503
1444 1501 1503
1443 1503 1502
1496 1498 1504
1498 1500 1505
1498 1505 1504
1500 1502 1506
1500 1506 1505
1502 1503 1507
1502 1507 1506
1503 1501 1508
1503 1508 1507
1501 1499 1509
1501 1509 1508
1496 1504 1510
1494 1496 1510
1499 1511 1509
1499 1497 1511
1494 1510 1512
1492 1494 1512
1497 1513 1511
1497 1495 1513
1492 1512 1514
1490 1492 1514
1495 1515 1513
1495 1493 1515
1490 1514 1516
1488 1490 1516
1493 1517 1515
1493 1491 1517
1488 1516 1518
1486 1488 1518
1491 1519 1517
1491 1489 1519
1486 1518 1520
1484 1486 1520
1489 1521 1519
1489 1487 1521
1484 1520 1522
1482 1484 1522
1487 1523 1521
1487 1485 1523
1482 1522 1524
1480 1482 1524
1485 1525 1523
1485 1483 1525
1480 1524 1526
1478 1480 1526
1483 1527 1525
1483 1481 1527
1478 1526 1528
1472 1478 1528
1481 1529 1527
1481 1479 1529
1472 1528 1530
1473 1472 1530
1479 1531 1529
1479 1477 1531
1473 1530 1532
1474 1473 1532
1477 1533 1531
1477 1476 1533
1474 1532 1534
1475 1474 1534
1476 1475 1535
1476 1535 1533
1475 1534 1535
1530 1528 1536
1532 1530 1537
1530 1536 1537
1538 1537 1536
1528 1539 1536
1538 1536 1539
1528 1526 1539
1532 1537 1540
1534 1532 1540
1538 1540 1537
1526 1541 1539
1538 1539 1541
1526 1524 1541
1534 1540 1542
1535 1534 1542
1538 1542 1540
1524 1543 1541
1538 1541 1543
1524 1522 1543
1535 1542 1544
1538 1544 1542
1538 1543 1545
1522 1545 1543
1538 1546 1544
1533 1535 1544
1533 1544 1546
1522 1520 1545
1531 1533 1546
1520 1547 1545
1538 1545 1547
1520 1518 1547
1531 1546 1548
1538 1548 1546
1529 1531 1548
1518 1549 1547
1538 1547 1549
1518 1516 1549
1529 1548 1550
1538 1550 1548
1527 1529 1550
1516 1551 1549
1538 1549 1551
1516 1514 1551
1527 1550 1552
1538 1552 1550
1538 1551 1553
1514 1553 1551
1538 1554 1552
1525 1527 1552
1525 1552 1554
1514 1512 1553
1523 1525 1554
1512 1555 1553
1538 1553 1555
1512 1510 1555
1523 1554 1556
1538 1556 1554
1521 1523 1556
1510 1557 1555
1538 1555 1557
1510 1504 1557
1521 1556 1558
1538 1558 1556
1519 1521 1558
1504 1559 1557
1538 1557 1559
1504 1505 1559
1519 1558 1560
1538 1560 1558
1538 1559 1561
1505 1561 1559
1538 1562 1560
1517 1519 1560
1517 1560 1562
1505 1506 1561
1515 1517 1562
1506 1563 1561
1538 1561 1563
1506 1507 1563
1515 1562 1564
1538 1564 1562
1513 1515 1564
1507 1565 1563
1538 1563 1565
1507 1508 1565
1513 1564 1566
1538 1566 1564
1511 1513 1566
1508 1567 1565
1538 1565 1567
1508 1509 1567
1511 1566 1568
1538 1568 1566
1509 1511 1568
1538 1567 1568
1509 1568 1567
16384
0 3798
3798 264
4062 1056
32768
UFO_body_0
UFO_body_1
UFO_cockpit_0
