MeshGeometry
1
2
1569
5118
7
1
9.055799 32.00221 20.53668
9.748446 32.00221 20.53668
9.402122 32.00221 20.22279
9.055786 32.00221 -9.375139
9.402113 32.00221 -9.06125
9.748436 32.00221 -9.375139
9.384065 30.29561 -9.437854
11.91402 34.61281 -7.181206
12.30566 30.29561 -9.150101
9.384066 34.61281 -7.430385
6.462491 30.29561 -9.150103
6.854125 34.61281 -7.18121
3.653166 30.29561 -8.297909
4.42139 34.61281 -6.44325
1.064078 30.29561 -6.914016
2.179367 34.61281 -5.244867
-1.205276 30.29561 -5.051609
0.2142153 34.61281 -3.632113
-3.067696 30.29561 -2.782249
-1.398546 34.61281 -1.666959
-4.451594 30.29561 -0.1931553
-2.596935 34.61281 0.5750699
-5.30379 30.29561 2.616167
-3.334895 34.61281 3.007804
-5.591541 30.29561 5.537764
-3.584075 34.61281 5.537763
-5.303793 30.29561 8.459339
-3.334897 34.61281 8.067703
-4.451598 30.29561 11.26866
-2.596939 34.61281 10.50044
-3.067705 30.29561 13.85775
-1.398557 34.61281 12.74246
-1.205298 30.29561 16.12711
0.2141986 34.61281 14.70761
1.064054 30.29561 17.98952
2.179346 34.61281 16.32037
3.653141 30.29561 19.37341
4.421367 34.61281 17.51876
6.462461 30.29561 20.22562
6.8541 34.61281 18.25672
9.38406 30.29561 20.51337
9.384061 34.61281 18.5059
12.30566 30.29561 20.22562
11.91403 34.61281 18.25672
15.11499 30.29561 19.37342
14.34677 34.61281 17.51876
17.70408 30.29561 17.98952
16.58879 34.61281 16.32037
19.97343 30.29561 16.12711
18.55394 34.61281 14.70762
21.83583 30.29561 13.85778
20.16668 34.61281 12.74249
23.21972 30.29561 11.26869
21.36507 34.61281 10.50047
24.07193 30.29561 8.459372
22.10303 34.61281 8.067733
24.35968 30.29561 5.537774
22.35221 34.61281 5.537772
24.07193 30.29561 2.616175
22.10303 34.61281 3.007811
23.21973 30.29561 -0.1931481
21.36507 34.61281 0.5750747
21.83584 30.29561 -2.782237
20.16669 34.61281 -1.666948
19.97343 30.29561 -5.05159
18.55394 34.61281 -3.632097
17.70407 30.29561 -6.914006
16.58879 34.61281 -5.244857
15.11498 30.29561 -8.297905
14.34676 34.61281 -6.443246
12.30566 30.29561 -9.150101
11.91402 34.61281 -7.181206
10.93879 30.29561 -2.278382
10.95833 33.58482 -2.37661
9.384065 33.58482 -2.531661
9.384065 30.29561 -2.43151
7.809815 33.58482 -2.376614
7.829353 30.29561 -2.278385
6.296044 33.58482 -1.917416
6.334372 30.29561 -1.824888
4.900948 33.58482 -1.171723
4.956589 30.29561 -1.08845
3.678133 33.54076 -0.1681871
3.74895 30.29561 -0.09736919
2.674593 33.58482 1.054628
2.757866 30.29561 1.110269
1.928897 33.58482 2.449729
2.021425 30.29561 2.488054
1.4697 33.58482 3.963497
1.567928 30.29561 3.983035
1.31465 33.58482 5.537764
1.414801 30.29561 5.537764
1.469697 33.58482 7.112014
1.567925 30.29561 7.092475
1.928895 33.58482 8.625784
2.021422 30.29561 8.587458
2.674587 33.58482 10.02088
2.757861 30.29561 9.96524
3.678123 33.54076 11.24369
3.748941 30.29561 11.17288
4.900933 33.58482 12.24723
4.956575 30.29561 12.16396
6.296031 33.58482 12.99293
6.334356 30.29561 12.9004
7.809798 33.58482 13.45213
7.829337 30.29561 13.3539
9.384064 33.58482 13.60718
9.384064 30.29561 13.50703
10.95833 33.58482 13.45213
10.9388 30.29561 13.3539
12.47211 33.58482 12.99293
12.43378 30.29561 12.9004
13.8672 33.58482 12.24723
13.81156 30.29561 12.16396
15.09002 33.58482 11.2437
15.0192 30.29561 11.17288
16.09354 33.58482 10.0209
16.01027 30.29561 9.965257
16.83924 33.58482 8.625801
16.74671 30.29561 8.587474
17.29844 33.58482 7.112033
17.20021 30.29561 7.092495
17.45349 33.54076 5.537767
17.35334 30.29561 5.537767
17.29844 33.58482 3.963501
17.20021 30.29561 3.98304
16.83924 33.58482 2.449733
16.74672 30.29561 2.488059
16.09355 33.58482 1.054636
16.01028 30.29561 1.110276
15.09002 33.58482 -0.1681781
15.0192 30.29561 -0.09736109
13.8672 33.58482 -1.171717
13.81156 30.29561 -1.088444
12.4721 33.58482 -1.917413
12.43377 30.29561 -1.824885
10.95833 33.58482 -2.37661
10.93879 30.29561 -2.278382
1.465197 19.77652 7.159504
2.673521 19.77652 10.07666
1.925701 19.77652 8.677588
4.906209 19.77652 12.30936
3.679914 19.77652 11.30296
3.679915 19.77652 -0.141428
9.402115 19.77652 -2.511642
7.823359 19.77652 13.51768
9.40212 19.77652 13.67318
6.30528 19.77652 13.05718
10.98088 19.77652 13.51768
13.89803 19.77652 12.30935
12.49896 19.77652 13.05717
1.925705 19.77652 2.483936
2.673522 19.77652 1.084868
1.4652 19.77652 4.002019
1.309707 19.77652 5.580778
6.305283 19.77652 -1.895643
4.906213 19.77652 -1.147823
7.823363 19.77652 -2.356147
15.12431 19.77652 -0.1414323
12.49895 19.77652 -1.895645
10.98087 19.77652 -2.356148
13.89802 19.77652 -1.147826
17.33904 19.77652 7.159499
16.87852 19.77652 2.483931
16.13071 19.77652 1.084864
17.33903 19.77652 4.002014
17.49453 19.77652 5.580773
16.13071 19.77652 10.07666
15.12432 19.77652 11.30296
16.87853 19.77652 8.677584
-5.299873 32.00221 2.656366
-3.061633 32.00221 -2.747236
-4.446855 32.00221 -0.155663
1.074105 32.00221 -6.882975
-1.197432 32.00221 -5.018772
-1.197437 32.00221 16.1803
-4.446862 32.00221 11.31718
-3.061636 32.00221 13.90877
-5.299881 32.00221 8.505152
-5.553791 32.00221 5.234462
-5.553793 32.00221 5.92711
9.055799 32.00221 20.53668
3.665673 32.00221 19.42974
1.074095 32.00221 18.04451
6.477697 32.00221 20.28276
6.477705 32.00221 -9.12122
3.665679 32.00221 -8.2682
9.402113 32.00221 -9.06125
9.402122 32.00221 20.22279
9.055786 32.00221 -9.375139
9.748436 32.00221 -9.375139
12.32652 32.00221 -9.121222
17.73012 32.00221 -6.88298
15.13855 32.00221 -8.268204
20.00168 32.00221 16.1803
15.13857 32.00221 19.42973
17.73014 32.00221 18.0445
12.32655 32.00221 20.28276
9.748446 32.00221 20.53668
24.1041 32.00221 2.656357
23.2511 32.00221 11.31717
21.86588 32.00221 13.90876
24.10412 32.00221 8.505143
24.35803 32.00221 5.927099
24.35802 32.00221 5.23445
21.86586 32.00221 -2.747244
20.00166 32.00221 -5.018778
23.25108 32.00221 -0.1556721
2.775369 27.06837 -27.73409
9.055782 29.90997 -21.30958
9.05578 27.06837 -28.35265
4.149406 29.90997 -20.82634
-3.596706 27.06837 -25.80113
5.377147 31.24834 -14.65408
9.055784 31.24834 -15.0164
9.055786 32.00221 -9.375139
6.477705 32.00221 -9.12122
1.50686 31.24834 -13.48005
3.665679 32.00221 -8.2682
-0.9014368 29.90997 -19.29419
-9.46924 27.06837 -22.6622
-2.060013 31.24834 -11.57351
1.074105 32.00221 -6.882975
-5.556318 29.90997 -16.8061
-14.61657 27.06837 -18.4379
-5.186408 31.24834 -9.007745
-1.197432 32.00221 -5.018772
-9.636358 29.90997 -13.45769
-18.84086 27.06837 -13.29057
-7.752173 31.24834 -5.881352
-3.061633 32.00221 -2.747236
-12.98476 29.90997 -9.377656
-21.9798 27.06837 -7.418036
-9.658703 31.24834 -2.314478
-4.446855 32.00221 -0.155663
-15.47285 29.90997 -4.722771
-23.91274 27.06837 -1.045958
-10.83274 31.24834 1.555812
-5.299873 32.00221 2.656366
-17.005 29.90997 0.3280759
-24.5313 27.06837 5.234457
-17.48824 29.90997 5.234458
-11.19506 31.24834 5.23446
-5.553791 32.00221 5.234462
-23.91274 27.06837 12.20746
-17.48824 29.90997 5.927107
-24.5313 27.06837 5.927106
-17.00501 29.90997 10.83344
-21.97981 27.06837 18.57955
-10.83275 31.24834 9.605701
-11.19506 31.24834 5.927108
-5.553793 32.00221 5.92711
-5.299881 32.00221 8.505152
-9.65871 31.24834 13.476
-4.446862 32.00221 11.31718
-15.47285 29.90997 15.88428
-18.84088 27.06837 24.45209
-7.752179 31.24834 17.04288
-3.061636 32.00221 13.90877
-12.98477 29.90997 20.53917
-14.61658 27.06837 29.59942
-5.186416 31.24834 20.16927
-1.197437 32.00221 16.1803
-9.63637 29.90997 24.61922
-9.469261 27.06837 33.82373
-2.060025 31.24834 22.73504
1.074095 32.00221 18.04451
-5.556334 29.90997 27.96763
-3.596723 27.06837 36.96267
1.506852 31.24834 24.64158
3.665673 32.00221 19.42974
-0.9014492 29.90997 30.45572
2.775355 27.06837 38.89563
5.377138 31.24834 25.81562
6.477697 32.00221 20.28276
4.149395 29.90997 31.98788
9.055804 27.06837 39.51419
9.055802 29.90997 32.47112
9.0558 31.24834 26.17794
9.055799 32.00221 20.53668
2.775369 25.35904 -27.73409
9.055782 25.35904 -28.35265
9.055784 22.51744 -21.30958
4.149406 22.51744 -20.82634
-3.596706 25.35904 -25.80113
5.377147 21.17907 -14.65408
9.055786 21.17907 -15.0164
9.055788 20.4252 -9.375139
6.477705 20.4252 -9.12122
1.50686 21.17907 -13.48005
3.665679 20.4252 -8.2682
-0.9014368 22.51744 -19.29419
-9.46924 25.35904 -22.6622
-2.060013 21.17907 -11.57351
1.074105 20.4252 -6.882975
-5.556318 22.51744 -16.8061
-14.61657 25.35904 -18.4379
-5.186408 21.17907 -9.007745
-1.197432 20.4252 -5.018772
-9.636358 22.51744 -13.45769
-18.84086 25.35904 -13.29057
-7.752173 21.17907 -5.881352
-3.061633 20.4252 -2.747236
-12.98476 22.51744 -9.377656
-21.9798 25.35904 -7.418036
-9.658703 21.17907 -2.314477
-4.446855 20.4252 -0.155663
-15.47285 22.51744 -4.722771
-23.91274 25.35904 -1.045957
-10.83274 21.17907 1.555813
-5.299873 20.4252 2.656366
-17.005 22.51744 0.3280759
-24.5313 25.35904 5.234455
-17.48824 22.51744 5.234456
-11.19506 21.17907 5.234458
-5.553791 20.4252 5.23446
-23.91274 25.35904 12.20746
-24.5313 25.35904 5.927104
-17.48824 22.51744 5.927105
-17.00501 22.51744 10.83344
-21.97981 25.35904 18.57955
-10.83275 21.17907 9.605701
-11.19506 21.17907 5.927107
-5.553793 20.4252 5.927109
-5.299881 20.4252 8.505152
-9.65871 21.17907 13.476
-4.446862 20.4252 11.31718
-15.47285 22.51744 15.88428
-18.84088 25.35904 24.45209
-7.752179 21.17907 17.04288
-3.061636 20.4252 13.90877
-12.98477 22.51744 20.53917
-14.61658 25.35904 29.59942
-5.186416 21.17907 20.16927
-1.197437 20.4252 16.1803
-9.63637 22.51744 24.61922
-9.469261 25.35904 33.82373
-2.060025 21.17907 22.73504
1.074095 20.4252 18.04451
-5.556334 22.51744 27.96763
-3.596723 25.35904 36.96267
1.506852 21.17907 24.64158
3.665673 20.4252 19.42974
-0.9014492 22.51744 30.45572
2.775355 25.35904 38.89563
5.377138 21.17907 25.81562
6.477697 20.4252 20.28276
4.149395 22.51744 31.98788
9.055802 25.35904 39.51419
9.0558 22.51744 32.47112
9.055799 21.17907 26.17794
9.055797 20.4252 20.53668
16.02884 27.06837 -27.73409
9.748428 27.06837 -28.35265
9.74843 29.90997 -21.30958
14.65481 29.90997 -20.82635
22.40092 27.06837 -25.80114
13.42707 31.24834 -14.65409
9.748433 31.24834 -15.0164
9.748436 32.00221 -9.375139
12.32652 32.00221 -9.121222
17.29736 31.24834 -13.48005
15.13855 32.00221 -8.268204
19.70565 29.90997 -19.29419
28.27346 27.06837 -22.66221
20.86424 31.24834 -11.57352
17.73012 32.00221 -6.88298
24.36054 29.90997 -16.80611
33.42078 27.06837 -18.43791
23.99063 31.24834 -9.007754
20.00166 32.00221 -5.018778
28.44058 29.90997 -13.45771
37.64508 27.06837 -13.29059
26.5564 31.24834 -5.881362
21.86586 32.00221 -2.747244
31.78898 29.90997 -9.377669
40.78402 27.06837 -7.418054
28.46293 31.24834 -2.314489
23.25108 32.00221 -0.1556721
34.27707 29.90997 -4.722786
42.71696 27.06837 -1.045978
29.63697 31.24834 1.5558
24.1041 32.00221 2.656357
35.80923 29.90997 0.3280597
43.33553 27.06837 5.234433
36.29247 29.90997 5.234437
29.99929 31.24834 5.234444
24.35802 32.00221 5.23445
42.71699 27.06837 12.20745
43.33553 27.06837 5.927081
36.29247 29.90997 5.927086
35.80924 29.90997 10.83342
40.78405 27.06837 18.57953
29.63699 31.24834 9.60569
29.99929 31.24834 5.927092
24.35803 32.00221 5.927099
24.10412 32.00221 8.505143
28.46295 31.24834 13.47598
23.2511 32.00221 11.31717
34.27709 29.90997 15.88427
37.64512 27.06837 24.45208
26.55642 31.24834 17.04287
21.86588 32.00221 13.90876
31.78901 29.90997 20.53916
33.42083 27.06837 29.59941
23.99066 31.24834 20.16927
20.00168 32.00221 16.1803
28.44061 29.90997 24.61921
28.27351 27.06837 33.82372
20.86427 31.24834 22.73503
17.73014 32.00221 18.0445
24.36058 29.90997 27.96762
22.40097 27.06837 36.96266
17.29739 31.24834 24.64158
15.13857 32.00221 19.42973
19.7057 29.90997 30.45572
16.0289 27.06837 38.89562
13.42711 31.24834 25.81562
12.32655 32.00221 20.28276
14.65485 29.90997 31.98788
9.748453 27.06837 39.51419
9.748451 29.90997 32.47112
9.748449 31.24834 26.17794
9.748446 32.00221 20.53668
16.02884 25.35904 -27.73409
9.748433 22.51744 -21.30958
9.74843 25.35904 -28.35265
14.65481 22.51744 -20.82635
22.40092 25.35904 -25.80114
13.42707 21.17907 -14.65409
9.748434 21.17907 -15.0164
9.748436 20.4252 -9.375139
12.32652 20.4252 -9.121222
17.29736 21.17907 -13.48005
15.13855 20.4252 -8.268204
19.70565 22.51744 -19.29419
28.27346 25.35904 -22.66221
20.86424 21.17907 -11.57352
17.73012 20.4252 -6.88298
24.36054 22.51744 -16.80611
33.42078 25.35904 -18.43791
23.99063 21.17907 -9.007754
20.00166 20.4252 -5.018778
28.44058 22.51744 -13.45771
37.64508 25.35904 -13.29059
26.5564 21.17907 -5.881362
21.86586 20.4252 -2.747244
31.78898 22.51744 -9.37767
40.78402 25.35904 -7.418054
28.46293 21.17907 -2.314489
23.25108 20.4252 -0.1556721
34.27707 22.51744 -4.722786
42.71696 25.35904 -1.045978
29.63697 21.17907 1.5558
24.1041 20.4252 2.656357
35.80923 22.51744 0.3280597
43.33553 25.35904 5.234435
36.29247 22.51744 5.23444
29.99929 21.17907 5.234446
24.35802 20.4252 5.234451
42.71699 25.35904 12.20745
36.29247 22.51744 5.927088
43.33553 25.35904 5.927083
35.80924 22.51744 10.83342
40.78405 25.35904 18.57953
29.63699 21.17907 9.60569
29.99929 21.17907 5.927094
24.35803 20.4252 5.9271
24.10412 20.4252 8.505143
28.46295 21.17907 13.47598
23.2511 20.4252 11.31717
34.27709 22.51744 15.88427
37.64512 25.35904 24.45208
26.55642 21.17907 17.04287
21.86588 20.4252 13.90876
31.78901 22.51744 20.53916
33.42083 25.35904 29.59941
23.99066 21.17907 20.16927
20.00168 20.4252 16.1803
28.44061 22.51744 24.61921
28.27351 25.35904 33.82372
20.86427 21.17907 22.73503
17.73014 20.4252 18.0445
24.36058 22.51744 27.96762
22.40097 25.35904 36.96266
17.29739 21.17907 24.64158
15.13857 20.4252 19.42973
19.7057 22.51744 30.45572
16.0289 25.35904 38.89562
13.42711 21.17907 25.81562
12.32655 20.4252 20.28276
14.65485 22.51744 31.98788
9.748451 25.35904 39.51419
9.748449 22.51744 32.47112
9.748447 21.17907 26.17794
9.748446 20.4252 20.53668
-24.12903 26.79689 5.927106
-17.34643 29.44584 5.234458
-24.12903 26.79689 5.234457
-17.34644 29.44583 5.927107
-11.11237 30.77012 5.23446
-11.11238 30.77012 5.927108
-5.489508 31.52117 5.234462
-5.489509 31.52117 5.92711
9.055784 30.77012 -14.93372
9.055786 31.52117 -9.310856
9.748436 31.52117 -9.310856
9.748433 30.77012 -14.93372
9.055782 29.44583 -21.16778
9.74843 29.44583 -21.16778
9.05578 26.79689 -27.95037
9.748429 26.79689 -27.95037
-17.34644 22.98158 5.927105
-24.12904 25.63055 5.927104
-24.129 25.63049 5.234455
-17.34642 22.98157 5.234456
-11.11238 21.65729 5.927107
-11.11237 21.65729 5.234458
-5.489509 20.90624 5.927109
-5.489508 20.90624 5.23446
9.055787 20.90624 -9.310856
9.748434 21.65729 -14.93372
9.748436 20.90624 -9.310856
9.055786 21.65729 -14.93372
9.748433 22.98158 -21.16778
9.055784 22.98158 -21.16778
9.74843 25.63052 -27.95037
9.055782 25.63052 -27.95037
9.055802 29.44583 32.32932
9.055804 26.79689 39.11192
9.748453 26.79689 39.11192
9.748451 29.44583 32.32932
9.0558 30.77012 26.09526
9.748449 30.77012 26.09526
9.055799 31.52117 20.47239
9.748446 31.52117 20.47239
9.055802 25.63052 39.11192
9.748449 22.98158 32.32932
9.748451 25.63052 39.11192
9.0558 22.98158 32.32932
9.748447 21.65729 26.09526
9.055799 21.65729 26.09526
9.748446 20.90624 20.47239
9.055798 20.90624 20.47239
36.15067 29.44583 5.927086
42.93326 26.79689 5.927081
42.93326 26.79689 5.234433
36.15066 29.44584 5.234437
29.91661 30.77012 5.927092
29.91661 30.77012 5.234444
24.29374 31.52117 5.927099
24.29374 31.52117 5.23445
42.93327 25.63055 5.927083
36.15066 22.98157 5.23444
42.93324 25.63049 5.234435
36.15067 22.98158 5.927088
29.91661 21.65729 5.234446
29.91661 21.65729 5.927094
24.29374 20.90624 5.234451
24.29374 20.90624 5.9271
10.9388 30.29561 13.3539
12.43378 30.29561 12.9004
15.11499 30.29561 19.37342
12.30566 30.29561 20.22562
9.402121 17.56273 16.59856
11.27919 15.01148 15.01737
11.5516 17.56273 16.38685
9.40212 15.01148 15.20224
7.252645 17.56273 16.38685
7.525053 15.01148 15.01737
5.185782 17.56273 15.75987
5.72013 15.01148 14.46985
3.280951 17.56273 14.74172
4.056705 15.01148 13.58073
1.611354 17.56273 13.37152
2.598701 15.01148 12.38417
0.2411523 17.56273 11.70192
1.402148 15.01148 10.92617
-0.7770004 17.56273 9.79708
0.5130277 15.01148 9.262735
-1.403975 17.56273 7.730215
-0.03448868 15.01148 7.457808
-1.615673 17.56273 5.58078
-0.2193575 15.01148 5.580778
-1.40397 17.56273 3.431307
-0.03448391 15.01148 3.703714
-0.7769938 17.56273 1.364442
0.5130343 15.01148 1.898789
0.2411547 17.56273 -0.5403862
1.402151 15.01148 0.2353659
1.611359 17.56273 -2.209984
2.598703 15.01148 -1.22264
3.280958 17.56273 -3.58019
4.056711 15.01148 -2.419194
5.185786 17.56273 -4.598342
5.720135 15.01148 -3.308314
7.252648 17.56273 -5.225318
7.525057 15.01148 -3.855832
9.402113 17.56273 -5.437023
9.402113 15.01148 -4.040707
11.55158 17.56273 -5.22532
11.27917 15.01148 -3.855833
13.61844 17.56273 -4.598344
13.0841 15.01148 -3.308317
15.52327 17.56273 -3.580194
14.74752 15.01148 -2.419199
17.19287 17.56273 -2.209989
16.20552 15.01148 -1.222643
18.56307 17.56273 -0.540391
17.40208 15.01148 0.2353611
19.58122 17.56273 1.364437
18.2912 15.01148 1.898783
20.2082 17.56273 3.4313
18.83871 15.01148 3.703708
20.41991 17.56273 5.580773
19.02359 15.01148 5.580772
20.20821 17.56273 7.730207
18.83872 15.01148 7.457803
19.58123 17.56273 9.797073
18.29121 15.01148 9.262729
18.56308 17.56273 11.70191
17.40209 15.01148 10.92616
17.19288 17.56273 13.37151
16.20554 15.01148 12.38417
15.52329 17.56273 14.74172
14.74753 15.01148 13.58072
13.61846 17.56273 15.75987
13.08411 15.01148 14.46984
11.5516 17.56273 16.38685
11.27919 15.01148 15.01737
9.40212 15.01148 13.67318
10.98088 19.77652 13.51768
10.98088 15.01148 13.51768
9.40212 19.77652 13.67318
7.823359 15.01148 13.51768
7.823359 19.77652 13.51768
6.30528 15.01148 13.05718
6.30528 19.77652 13.05718
4.906209 15.01148 12.30936
4.906209 19.77652 12.30936
3.679914 15.01148 11.30296
3.679914 19.77652 11.30296
2.673521 15.01148 10.07666
2.673521 19.77652 10.07666
1.925701 15.01148 8.677588
1.925701 19.77652 8.677588
1.465197 15.01148 7.159504
1.465197 19.77652 7.159504
1.309707 15.01148 5.580778
1.309707 19.77652 5.580778
1.4652 15.01148 4.002019
1.4652 19.77652 4.002019
1.925705 15.01148 2.483936
1.925705 19.77652 2.483936
2.673522 15.01148 1.084868
2.673522 19.77652 1.084868
3.679915 15.01148 -0.141427
3.679915 19.77652 -0.141428
4.906213 15.01148 -1.147823
4.906213 19.77652 -1.147823
6.305283 15.01148 -1.895642
6.305283 19.77652 -1.895643
7.823363 15.01148 -2.356147
7.823363 19.77652 -2.356147
9.402115 15.01148 -2.511642
9.402115 19.77652 -2.511642
10.98087 15.01148 -2.356148
10.98087 19.77652 -2.356148
12.49895 15.01148 -1.895644
12.49895 19.77652 -1.895645
13.89802 15.01148 -1.147826
13.89802 19.77652 -1.147826
15.12431 15.01148 -0.1414323
15.12431 19.77652 -0.1414323
16.13071 15.01148 1.084865
16.13071 19.77652 1.084864
16.87852 15.01148 2.483931
16.87852 19.77652 2.483931
17.33903 15.01148 4.002014
17.33903 19.77652 4.002014
17.49453 15.01148 5.580773
17.49453 19.77652 5.580773
17.33904 15.01148 7.159499
17.33904 19.77652 7.159499
16.87853 15.01148 8.677584
16.87853 19.77652 8.677584
16.13071 15.01148 10.07666
16.13071 19.77652 10.07666
15.12432 15.01148 11.30296
15.12432 19.77652 11.30296
13.89803 15.01148 12.30935
13.89803 19.77652 12.30935
12.49896 15.01148 13.05717
12.49896 19.77652 13.05717
10.98088 15.01148 13.51768
10.98088 19.77652 13.51768
-5.299873 20.4252 2.656366
-5.420826 20.11993 5.580784
-5.553791 20.4252 5.23446
-3.688173 16.95415 5.580782
-5.553793 20.4252 5.927109
-3.436648 16.95415 3.026983
-3.436655 16.95415 8.134536
-4.446855 20.4252 -0.155663
-5.299881 20.4252 8.505152
-2.691735 16.95415 0.571331
-2.691743 16.95415 10.59019
-3.061633 20.4252 -2.747236
-4.446862 20.4252 11.31718
-1.482065 16.95415 -1.691804
-1.48207 16.95415 12.85333
-1.197432 20.4252 -5.018772
-3.061636 20.4252 13.90877
0.1458783 16.95415 -3.675463
0.1458745 16.95415 14.83699
1.074105 20.4252 -6.882975
-1.197437 20.4252 16.1803
2.129539 16.95415 -5.303409
2.12953 16.95415 16.46494
3.665679 20.4252 -8.2682
1.074095 20.4252 18.04451
4.392674 16.95415 -6.513082
4.39267 16.95415 17.67462
6.477705 20.4252 -9.12122
3.665673 20.4252 19.42974
6.848323 16.95415 -7.257995
6.848319 16.95415 18.41953
9.055788 20.4252 -9.375139
9.402113 16.95415 -7.509522
6.477697 20.4252 20.28276
9.402113 20.11993 -9.242174
11.9559 16.95415 -7.257997
9.402121 16.95415 18.67106
12.32652 20.4252 -9.121222
9.748436 20.4252 -9.375139
14.41155 16.95415 -6.513084
15.13855 20.4252 -8.268204
16.67469 16.95415 -5.303413
17.73012 20.4252 -6.88298
18.65835 16.95415 -3.675467
20.00166 20.4252 -5.018778
20.28629 16.95415 -1.691811
21.86586 20.4252 -2.747244
21.49596 16.95415 0.5713229
23.25108 20.4252 -0.1556721
9.402122 20.11993 20.40371
9.055797 20.4252 20.53668
9.748446 20.4252 20.53668
12.32655 20.4252 20.28276
11.95592 16.95415 18.41953
15.13857 20.4252 19.42973
14.41157 16.95415 17.67461
17.73014 20.4252 18.0445
16.67471 16.95415 16.46494
20.00168 20.4252 16.1803
18.65836 16.95415 14.83699
21.86588 20.4252 13.90876
20.28631 16.95415 12.85333
23.2511 20.4252 11.31717
21.49598 16.95415 10.59018
24.10412 20.4252 8.505143
22.24089 16.95415 8.134528
24.22506 20.11993 5.580775
24.35803 20.4252 5.9271
22.49241 16.95415 5.580774
24.35802 20.4252 5.234451
24.1041 20.4252 2.656357
22.24088 16.95415 3.026975
23.25108 20.4252 -0.1556721
21.49596 16.95415 0.5713229
18.55656 16.95415 -0.5360379
19.57399 16.95415 1.367435
19.57399 23.43712 1.367435
18.55656 23.43712 -0.536037
17.18733 16.95415 -2.204446
17.18733 23.43712 -2.204446
15.51892 16.95415 -3.573676
15.51892 23.43712 -3.573676
13.61544 16.95415 -4.591104
13.61544 23.43712 -4.591104
11.55005 16.95415 -5.217632
11.55005 23.43712 -5.217633
9.402113 16.95415 -5.429186
9.402113 23.43712 -5.429186
7.254178 23.43712 -5.217631
7.254178 16.95415 -5.217631
5.188785 23.43712 -4.591101
5.188785 16.95415 -4.5911
3.28531 23.43712 -3.573672
3.28531 16.95415 -3.573672
1.616899 23.43712 -2.204442
1.616899 16.95415 -2.204442
0.2476716 23.43712 -0.5360322
0.2476716 16.95415 -0.5360322
-0.7697544 23.43712 1.367441
-0.7697544 16.95415 1.36744
-1.396285 23.43712 3.432836
-1.396285 16.95415 3.432836
-1.607838 23.43712 5.580783
-1.607838 16.95415 5.580783
-1.39629 23.43712 7.728685
-1.39629 16.95415 7.728685
-0.769762 23.43712 9.794081
-0.769762 16.95415 9.794081
0.2476697 23.43712 11.69756
0.2476697 16.95415 11.69756
1.616896 23.43712 13.36598
1.616896 16.95415 13.36598
3.285306 23.43712 14.7352
3.285306 16.95415 14.7352
5.188782 23.43712 15.75264
5.188782 16.95415 15.75264
7.254172 23.43712 16.37917
7.254172 16.95415 16.37917
9.402121 23.43712 16.59072
9.402121 16.95415 16.59072
11.55007 16.95415 16.37917
11.55007 23.43712 16.37917
13.61546 16.95415 15.75263
13.61546 23.43712 15.75263
15.51893 16.95415 14.7352
15.51893 23.43712 14.7352
17.18734 16.95415 13.36597
17.18734 23.43712 13.36597
18.55657 16.95415 11.69756
18.55657 23.43712 11.69756
19.574 16.95415 9.794076
19.574 23.43712 9.794076
20.20052 16.95415 7.728678
20.20052 23.43712 7.728678
20.41207 16.95415 5.580776
20.41207 23.43712 5.580776
20.20052 16.95415 3.432829
20.20052 23.43712 3.432829
19.57399 16.95415 1.367435
19.57399 23.43712 1.367435
-5.553791 20.4252 5.23446
-5.420826 20.11993 5.580784
-5.553793 20.4252 5.927109
-5.489508 20.90624 5.23446
-5.489509 20.90624 5.927109
9.055788 20.4252 -9.375139
9.748436 20.4252 -9.375139
9.402113 20.11993 -9.242174
9.748436 20.90624 -9.310856
9.055787 20.90624 -9.310856
24.35802 20.4252 5.234451
24.35803 20.4252 5.9271
24.22506 20.11993 5.580775
24.29374 20.90624 5.9271
24.29374 20.90624 5.234451
9.055797 20.4252 20.53668
9.402122 20.11993 20.40371
9.748446 20.4252 20.53668
9.055798 20.90624 20.47239
9.748446 20.90624 20.47239
-5.553791 32.00221 5.234462
-5.489508 31.52117 5.234462
-5.489509 31.52117 5.92711
-5.553793 32.00221 5.92711
9.748436 32.00221 -9.375139
9.748436 31.52117 -9.310856
9.055786 31.52117 -9.310856
9.055786 32.00221 -9.375139
9.055799 32.00221 20.53668
9.055799 31.52117 20.47239
9.748446 31.52117 20.47239
9.748446 32.00221 20.53668
24.35803 32.00221 5.927099
24.29374 31.52117 5.927099
24.29374 31.52117 5.23445
24.35802 32.00221 5.23445
9.05578 27.06837 -28.35265
9.055782 25.35904 -28.35265
2.775369 25.35904 -27.73409
2.775369 27.06837 -27.73409
-3.596706 25.35904 -25.80113
-3.596706 27.06837 -25.80113
-9.46924 25.35904 -22.6622
-9.46924 27.06837 -22.6622
-14.61657 27.06837 -18.4379
-14.61657 25.35904 -18.4379
-18.84086 25.35904 -13.29057
-18.84086 27.06837 -13.29057
-21.9798 25.35904 -7.418036
-21.9798 27.06837 -7.418036
-23.91274 27.06837 -1.045958
-23.91274 25.35904 -1.045957
-24.5313 27.06837 5.234457
-24.5313 25.35904 5.234455
9.055804 27.06837 39.51419
2.775355 25.35904 38.89563
9.055802 25.35904 39.51419
2.775355 27.06837 38.89563
-3.596723 27.06837 36.96267
-3.596723 25.35904 36.96267
-9.469261 25.35904 33.82373
-9.469261 27.06837 33.82373
-14.61658 27.06837 29.59942
-14.61658 25.35904 29.59942
-18.84088 25.35904 24.45209
-18.84088 27.06837 24.45209
-21.97981 25.35904 18.57955
-21.97981 27.06837 18.57955
-23.91274 25.35904 12.20746
-23.91274 27.06837 12.20746
-24.5313 25.35904 5.927104
-24.5313 27.06837 5.927106
9.748428 27.06837 -28.35265
16.02884 25.35904 -27.73409
9.74843 25.35904 -28.35265
16.02884 27.06837 -27.73409
22.40092 25.35904 -25.80114
22.40092 27.06837 -25.80114
28.27346 25.35904 -22.66221
28.27346 27.06837 -22.66221
33.42078 27.06837 -18.43791
33.42078 25.35904 -18.43791
37.64508 25.35904 -13.29059
37.64508 27.06837 -13.29059
40.78402 25.35904 -7.418054
40.78402 27.06837 -7.418054
42.71696 27.06837 -1.045978
42.71696 25.35904 -1.045978
43.33553 27.06837 5.234433
43.33553 25.35904 5.234435
9.748453 27.06837 39.51419
9.748451 25.35904 39.51419
16.0289 25.35904 38.89562
16.0289 27.06837 38.89562
22.40097 27.06837 36.96266
22.40097 25.35904 36.96266
28.27351 25.35904 33.82372
28.27351 27.06837 33.82372
33.42083 27.06837 29.59941
33.42083 25.35904 29.59941
37.64512 25.35904 24.45208
37.64512 27.06837 24.45208
40.78405 25.35904 18.57953
40.78405 27.06837 18.57953
42.71699 25.35904 12.20745
42.71699 27.06837 12.20745
43.33553 25.35904 5.927083
43.33553 27.06837 5.927081
-24.12903 26.79689 5.234457
-24.129 25.63049 5.234455
-24.12904 25.63055 5.927104
-24.12903 26.79689 5.927106
9.055782 25.63052 -27.95037
9.05578 26.79689 -27.95037
9.748429 26.79689 -27.95037
9.74843 25.63052 -27.95037
9.748451 25.63052 39.11192
9.748453 26.79689 39.11192
9.055804 26.79689 39.11192
9.055802 25.63052 39.11192
42.93324 25.63049 5.234435
42.93326 26.79689 5.234433
42.93326 26.79689 5.927081
42.93327 25.63055 5.927083
-24.5313 25.35904 5.927104
-24.12904 25.63055 5.927104
-17.34644 22.98158 5.927105
-17.48824 22.51744 5.927105
-11.11238 21.65729 5.927107
-11.19506 21.17907 5.927107
-5.489509 20.90624 5.927109
-5.553793 20.4252 5.927109
-5.553791 20.4252 5.23446
-5.489508 20.90624 5.23446
-11.11237 21.65729 5.234458
-11.19506 21.17907 5.234458
-17.34642 22.98157 5.234456
-17.48824 22.51744 5.234456
-24.129 25.63049 5.234455
-24.5313 25.35904 5.234455
9.055782 25.35904 -28.35265
9.055782 25.63052 -27.95037
9.055784 22.98158 -21.16778
9.055784 22.51744 -21.30958
9.055786 21.65729 -14.93372
9.055786 21.17907 -15.0164
9.055787 20.90624 -9.310856
9.055788 20.4252 -9.375139
9.748436 20.4252 -9.375139
9.748436 20.90624 -9.310856
9.748434 21.65729 -14.93372
9.748434 21.17907 -15.0164
9.748433 22.98158 -21.16778
9.748433 22.51744 -21.30958
9.74843 25.63052 -27.95037
9.74843 25.35904 -28.35265
9.748451 25.35904 39.51419
9.748451 25.63052 39.11192
9.748449 22.98158 32.32932
9.748449 22.51744 32.47112
9.748447 21.65729 26.09526
9.748447 21.17907 26.17794
9.748446 20.90624 20.47239
9.748446 20.4252 20.53668
9.055797 20.4252 20.53668
9.055798 20.90624 20.47239
9.055799 21.65729 26.09526
9.055799 21.17907 26.17794
9.0558 22.98158 32.32932
9.0558 22.51744 32.47112
9.055802 25.63052 39.11192
9.055802 25.35904 39.51419
43.33553 25.35904 5.234435
42.93324 25.63049 5.234435
36.15066 22.98157 5.23444
36.29247 22.51744 5.23444
29.91661 21.65729 5.234446
29.99929 21.17907 5.234446
24.29374 20.90624 5.234451
24.35802 20.4252 5.234451
24.35803 20.4252 5.9271
24.29374 20.90624 5.9271
29.91661 21.65729 5.927094
29.99929 21.17907 5.927094
36.15067 22.98158 5.927088
36.29247 22.51744 5.927088
42.93327 25.63055 5.927083
43.33553 25.35904 5.927083
-24.5313 27.06837 5.927106
-24.12903 26.79689 5.927106
-24.12904 25.63055 5.927104
-24.5313 25.35904 5.927104
-24.5313 25.35904 5.234455
-24.129 25.63049 5.234455
-24.12903 26.79689 5.234457
-24.5313 27.06837 5.234457
9.05578 27.06837 -28.35265
9.05578 26.79689 -27.95037
9.055782 25.63052 -27.95037
9.055782 25.35904 -28.35265
9.74843 25.35904 -28.35265
9.74843 25.63052 -27.95037
9.748429 26.79689 -27.95037
9.748428 27.06837 -28.35265
9.748453 27.06837 39.51419
9.748453 26.79689 39.11192
9.748451 25.63052 39.11192
9.748451 25.35904 39.51419
9.055802 25.35904 39.51419
9.055802 25.63052 39.11192
9.055804 26.79689 39.11192
9.055804 27.06837 39.51419
43.33553 27.06837 5.234433
42.93326 26.79689 5.234433
42.93324 25.63049 5.234435
43.33553 25.35904 5.234435
43.33553 25.35904 5.927083
42.93327 25.63055 5.927083
42.93326 26.79689 5.927081
43.33553 27.06837 5.927081
-17.48824 29.90997 5.927107
-24.12903 26.79689 5.927106
-24.5313 27.06837 5.927106
-17.34644 29.44583 5.927107
-11.19506 31.24834 5.927108
-11.11238 30.77012 5.927108
-5.553793 32.00221 5.92711
-5.489509 31.52117 5.92711
-24.5313 27.06837 5.234457
-24.12903 26.79689 5.234457
-17.34643 29.44584 5.234458
-17.48824 29.90997 5.234458
-11.11237 30.77012 5.23446
-11.19506 31.24834 5.23446
-5.489508 31.52117 5.234462
-5.553791 32.00221 5.234462
9.055786 32.00221 -9.375139
9.055786 31.52117 -9.310856
9.055784 30.77012 -14.93372
9.055784 31.24834 -15.0164
9.055782 29.44583 -21.16778
9.055782 29.90997 -21.30958
9.05578 26.79689 -27.95037
9.05578 27.06837 -28.35265
9.748428 27.06837 -28.35265
9.748429 26.79689 -27.95037
9.74843 29.44583 -21.16778
9.74843 29.90997 -21.30958
9.748433 30.77012 -14.93372
9.748433 31.24834 -15.0164
9.748436 31.52117 -9.310856
9.748436 32.00221 -9.375139
9.055804 27.06837 39.51419
9.055804 26.79689 39.11192
9.055802 29.44583 32.32932
9.055802 29.90997 32.47112
9.0558 30.77012 26.09526
9.0558 31.24834 26.17794
9.055799 31.52117 20.47239
9.055799 32.00221 20.53668
9.748446 32.00221 20.53668
9.748446 31.52117 20.47239
9.748449 30.77012 26.09526
9.748449 31.24834 26.17794
9.748451 29.44583 32.32932
9.748451 29.90997 32.47112
9.748453 26.79689 39.11192
9.748453 27.06837 39.51419
43.33553 27.06837 5.927081
42.93326 26.79689 5.927081
36.15067 29.44583 5.927086
36.29247 29.90997 5.927086
29.91661 30.77012 5.927092
29.99929 31.24834 5.927092
24.29374 31.52117 5.927099
24.35803 32.00221 5.927099
24.35802 32.00221 5.23445
24.29374 31.52117 5.23445
29.91661 30.77012 5.234444
29.99929 31.24834 5.234444
36.15066 29.44584 5.234437
36.29247 29.90997 5.234437
42.93326 26.79689 5.234433
43.33553 27.06837 5.234433
6.848319 16.95415 18.41953
9.402121 16.95415 16.59072
9.402121 16.95415 18.67106
11.95592 16.95415 18.41953
7.254172 16.95415 16.37917
11.55007 16.95415 16.37917
4.39267 16.95415 17.67462
14.41157 16.95415 17.67461
5.188782 16.95415 15.75264
13.61546 16.95415 15.75263
2.12953 16.95415 16.46494
16.67471 16.95415 16.46494
3.285306 16.95415 14.7352
15.51893 16.95415 14.7352
0.1458745 16.95415 14.83699
18.65836 16.95415 14.83699
1.616896 16.95415 13.36598
17.18734 16.95415 13.36597
-1.48207 16.95415 12.85333
20.28631 16.95415 12.85333
0.2476697 16.95415 11.69756
18.55657 16.95415 11.69756
-2.691743 16.95415 10.59019
21.49598 16.95415 10.59018
-0.769762 16.95415 9.794081
19.574 16.95415 9.794076
-3.436655 16.95415 8.134536
22.24089 16.95415 8.134528
-1.39629 16.95415 7.728685
20.20052 16.95415 7.728678
-3.688173 16.95415 5.580782
22.49241 16.95415 5.580774
-1.607838 16.95415 5.580783
20.41207 16.95415 5.580776
-3.436648 16.95415 3.026983
22.24088 16.95415 3.026975
-1.396285 16.95415 3.432836
20.20052 16.95415 3.432829
-2.691735 16.95415 0.571331
21.49596 16.95415 0.5713229
-0.7697544 16.95415 1.36744
19.57399 16.95415 1.367435
-1.482065 16.95415 -1.691804
20.28629 16.95415 -1.691811
0.2476716 16.95415 -0.5360322
18.55656 16.95415 -0.5360379
0.1458783 16.95415 -3.675463
18.65835 16.95415 -3.675467
1.616899 16.95415 -2.204442
17.18733 16.95415 -2.204446
2.129539 16.95415 -5.303409
16.67469 16.95415 -5.303413
3.28531 16.95415 -3.573672
15.51892 16.95415 -3.573676
4.392674 16.95415 -6.513082
14.41155 16.95415 -6.513084
5.188785 16.95415 -4.5911
13.61544 16.95415 -4.591104
6.848323 16.95415 -7.257995
11.9559 16.95415 -7.257997
7.254178 16.95415 -5.217631
11.55005 16.95415 -5.217632
9.402113 16.95415 -7.509522
9.402113 16.95415 -5.429186
9.384066 34.61281 -7.430385
9.384063 34.61281 -5.130102
11.46526 34.61281 -4.925122
11.91402 34.61281 -7.181206
6.854125 34.61281 -7.18121
13.46648 34.61281 -4.318059
7.302887 34.61281 -4.925125
14.34676 34.61281 -6.443246
4.42139 34.61281 -6.44325
15.31082 34.61281 -3.332242
5.301666 34.61281 -4.318064
16.58879 34.61281 -5.244857
2.179367 34.61281 -5.244867
16.92739 34.61281 -2.005553
3.457332 34.61281 -3.33225
18.55394 34.61281 -3.632097
0.2142153 34.61281 -3.632113
18.25407 34.61281 -0.3889809
1.840759 34.56874 -2.005563
20.16669 34.61281 -1.666948
-1.398546 34.61281 -1.666959
19.23989 34.61281 1.455353
0.5140705 34.61281 -0.388989
21.36507 34.61281 0.5750747
-2.596935 34.61281 0.5750699
19.84695 34.61281 3.456572
-0.4717484 34.61281 1.455349
22.10303 34.61281 3.007811
-3.334895 34.61281 3.007804
20.05193 34.56874 5.537768
-1.078812 34.61281 3.456567
22.35221 34.61281 5.537772
-3.584075 34.61281 5.537763
19.84695 34.61281 7.618966
-1.283792 34.61281 5.537766
22.10303 34.61281 8.067733
-3.334897 34.61281 8.067703
19.23988 34.61281 9.620183
-1.078815 34.61281 7.618941
21.36507 34.61281 10.50047
-2.596939 34.61281 10.50044
18.25406 34.61281 11.46452
-0.4717531 34.61281 9.620163
20.16668 34.61281 12.74249
-1.398557 34.61281 12.74246
16.92739 34.61281 13.08107
0.5140605 34.61281 11.4645
18.55394 34.61281 14.70762
0.2141986 34.61281 14.70761
15.31082 34.61281 14.40776
1.840746 34.56874 13.08107
16.58879 34.61281 16.32037
2.179346 34.61281 16.32037
13.46649 34.61281 15.39357
3.457316 34.61281 14.40775
14.34677 34.61281 17.51876
4.421367 34.61281 17.51876
11.46526 34.61281 16.00064
5.301648 34.61281 15.39357
11.91403 34.61281 18.25672
6.8541 34.61281 18.25672
9.384063 34.61281 16.20562
7.302866 34.61281 16.00064
9.384061 34.61281 18.5059
-0.03448391 15.01148 3.703714
1.309707 15.01148 5.580778
-0.2193575 15.01148 5.580778
1.4652 15.01148 4.002019
1.465197 15.01148 7.159504
0.5130343 15.01148 1.898789
-0.03448868 15.01148 7.457808
1.925705 15.01148 2.483936
1.925701 15.01148 8.677588
1.402151 15.01148 0.2353659
0.5130277 15.01148 9.262735
2.673522 15.01148 1.084868
2.673521 15.01148 10.07666
2.598703 15.01148 -1.22264
1.402148 15.01148 10.92617
3.679915 15.01148 -0.141427
3.679914 15.01148 11.30296
4.056711 15.01148 -2.419194
2.598701 15.01148 12.38417
4.906213 15.01148 -1.147823
4.906209 15.01148 12.30936
5.720135 15.01148 -3.308314
4.056705 15.01148 13.58073
6.305283 15.01148 -1.895642
6.30528 15.01148 13.05718
7.525057 15.01148 -3.855832
5.72013 15.01148 14.46985
7.823363 15.01148 -2.356147
7.823359 15.01148 13.51768
9.402113 15.01148 -4.040707
7.525053 15.01148 15.01737
9.402115 15.01148 -2.511642
9.40212 15.01148 13.67318
11.27917 15.01148 -3.855833
9.40212 15.01148 15.20224
10.98087 15.01148 -2.356148
10.98088 15.01148 13.51768
13.0841 15.01148 -3.308317
11.27919 15.01148 15.01737
12.49895 15.01148 -1.895644
12.49896 15.01148 13.05717
14.74752 15.01148 -2.419199
13.08411 15.01148 14.46984
13.89802 15.01148 -1.147826
13.89803 15.01148 12.30935
16.20552 15.01148 -1.222643
14.74753 15.01148 13.58072
15.12431 15.01148 -0.1414323
15.12432 15.01148 11.30296
17.40208 15.01148 0.2353611
16.20554 15.01148 12.38417
16.13071 15.01148 1.084865
16.13071 15.01148 10.07666
18.2912 15.01148 1.898783
17.40209 15.01148 10.92616
16.87852 15.01148 2.483931
16.87853 15.01148 8.677584
18.83871 15.01148 3.703708
18.29121 15.01148 9.262729
17.33903 15.01148 4.002014
17.33904 15.01148 7.159499
19.02359 15.01148 5.580772
18.83872 15.01148 7.457803
17.49453 15.01148 5.580773
11.46526 34.61281 -4.925122
9.384063 34.61281 -5.130102
9.384065 33.58482 -2.531661
10.95833 33.58482 -2.37661
7.809815 33.58482 -2.376614
13.46648 34.61281 -4.318059
7.302887 34.61281 -4.925125
12.4721 33.58482 -1.917413
6.296044 33.58482 -1.917416
15.31082 34.61281 -3.332242
5.301666 34.61281 -4.318064
13.8672 33.58482 -1.171717
4.900948 33.58482 -1.171723
16.92739 34.61281 -2.005553
3.457332 34.61281 -3.33225
15.09002 33.58482 -0.1681781
3.678133 33.54076 -0.1681871
18.25407 34.61281 -0.3889809
1.840759 34.56874 -2.005563
16.09355 33.58482 1.054636
2.674593 33.58482 1.054628
19.23989 34.61281 1.455353
0.5140705 34.61281 -0.388989
16.83924 33.58482 2.449733
1.928897 33.58482 2.449729
19.84695 34.61281 3.456572
-0.4717484 34.61281 1.455349
17.29844 33.58482 3.963501
1.4697 33.58482 3.963497
20.05193 34.56874 5.537768
-1.078812 34.61281 3.456567
17.45349 33.54076 5.537767
1.31465 33.58482 5.537764
19.84695 34.61281 7.618966
-1.283792 34.61281 5.537766
17.29844 33.58482 7.112033
1.469697 33.58482 7.112014
19.23988 34.61281 9.620183
-1.078815 34.61281 7.618941
16.83924 33.58482 8.625801
1.928895 33.58482 8.625784
18.25406 34.61281 11.46452
-0.4717531 34.61281 9.620163
16.09354 33.58482 10.0209
2.674587 33.58482 10.02088
16.92739 34.61281 13.08107
0.5140605 34.61281 11.4645
15.09002 33.58482 11.2437
3.678123 33.54076 11.24369
15.31082 34.61281 14.40776
1.840746 34.56874 13.08107
13.8672 33.58482 12.24723
4.900933 33.58482 12.24723
13.46649 34.61281 15.39357
3.457316 34.61281 14.40775
12.47211 33.58482 12.99293
6.296031 33.58482 12.99293
11.46526 34.61281 16.00064
5.301648 34.61281 15.39357
10.95833 33.58482 13.45213
7.809798 33.58482 13.45213
9.384063 34.61281 16.20562
7.302866 34.61281 16.00064
9.384064 33.58482 13.60718
12.31918 32.11762 -8.968997
9.419701 32.11762 -9.254571
9.419701 34.89881 -7.767996
12.02916 34.89881 -7.510986
15.10723 32.11762 -8.123253
6.810268 34.89881 -7.510992
6.520255 32.11762 -8.969004
14.53834 34.89881 -6.749836
17.67671 32.11762 -6.749835
4.301085 34.89881 -6.749845
3.7322 32.11762 -8.123262
16.85081 34.89881 -5.513793
19.92888 32.11762 -4.901525
1.988607 34.89881 -5.513805
1.162713 32.11762 -6.749849
18.87772 34.89881 -3.850358
21.77719 32.11762 -2.649355
-0.0382967 34.89881 -3.850374
-1.089462 32.11762 -4.901544
20.54115 34.89881 -1.823458
23.15061 32.11762 -0.07987022
-1.701735 34.89881 -1.823476
-2.937777 32.11762 -2.649375
21.77719 34.89881 0.489018
23.99636 32.11762 2.708183
-2.937783 34.89881 0.488997
-4.311199 32.11762 -0.07989311
22.53835 34.89881 2.9982
24.28193 32.11762 5.607662
-3.698938 34.89881 2.998178
-5.156949 32.11762 2.708159
22.79536 34.89881 5.607661
23.99636 32.11762 8.50714
-3.955953 34.89881 5.607639
-5.442528 32.11762 5.607637
22.53835 34.89881 8.217123
23.15061 32.11762 11.29519
-3.698947 34.89881 8.217101
-5.156959 32.11762 8.507114
21.77719 34.89881 10.7263
21.77719 32.11762 13.86468
-2.937799 34.89881 10.72628
-4.311215 32.11762 11.29517
20.54115 34.89881 13.03878
19.92888 32.11762 16.11685
-1.701757 34.89881 13.03876
-2.9378 32.11762 13.86466
18.87771 34.89881 15.06568
17.67671 32.11762 17.96516
-0.03832531 34.89881 15.06566
-1.089494 32.11762 16.11683
16.85081 34.89881 16.72911
15.10722 32.11762 19.33857
1.988575 34.89881 16.7291
1.162676 32.11762 17.96514
14.53833 34.89881 17.96515
12.31917 32.11762 20.18432
4.301048 34.89881 17.96515
3.73216 32.11762 19.33856
12.02915 34.89881 18.72631
9.419689 32.11762 20.46989
6.810229 34.89881 18.7263
6.520211 32.11762 20.18431
9.41969 34.89881 18.98331
3.100049 37.33654 15.06567
5.066646 37.33654 16.11684
7.200528 37.33654 16.76414
9.419693 37.33654 16.98272
11.63886 37.33654 16.76415
13.77274 37.33654 16.11684
1.376311 37.33654 13.65103
15.73934 37.33654 15.06568
-0.0383215 37.33654 11.92729
17.46308 37.33654 13.65104
-1.089487 37.33654 9.960691
18.87771 37.33654 11.92731
-1.736791 37.33654 7.826807
19.92888 37.33654 9.960709
-1.955357 37.33654 5.607642
20.57619 37.33654 7.826826
-1.736784 37.33654 3.388478
20.79476 37.33654 5.607661
-1.089475 37.33654 1.254595
20.57619 37.33654 3.388496
-0.03830242 37.33654 -0.7120023
19.92889 37.33654 1.254613
1.376336 37.33654 -2.435737
18.87772 37.33654 -0.7119861
3.100076 37.33654 -3.850368
17.46308 37.33654 -2.435723
5.066676 37.33654 -4.901533
15.73934 37.33654 -3.850358
7.200561 37.33654 -5.548837
13.77275 37.33654 -4.901526
9.419701 37.33654 -5.7674
11.63886 37.33654 -5.548831
4.454403 39.33714 -1.823466
5.999552 39.33714 -2.649362
7.676135 39.33714 -3.157944
9.419702 39.33714 -3.329668
11.16329 39.33714 -3.15794
12.83987 39.33714 -2.649355
3.10007 39.33714 -0.711997
14.38501 39.33714 -1.823458
1.988595 39.33714 0.642333
15.73935 39.33714 -0.7119861
1.162695 39.33714 2.187478
16.85082 39.33714 0.6423459
0.6541066 39.33714 3.864059
17.67672 39.33714 2.187492
0.4823756 39.33714 5.607645
18.1853 39.33714 3.864074
0.6541014 39.33714 7.351232
18.35703 39.33714 5.60766
1.162683 39.33714 9.027814
18.1853 39.33714 7.351247
1.988581 39.33714 10.57296
17.67671 39.33714 9.027829
3.10005 39.33714 11.92729
16.85081 39.33714 10.57297
4.454381 39.33714 13.03877
15.73934 39.33714 11.92731
5.999527 39.33714 13.86467
14.38501 39.33714 13.03878
7.676107 39.33714 14.37325
12.83986 39.33714 13.86467
9.419695 39.33714 14.54498
11.16328 39.33714 14.37326
7.063845 40.82372 11.29519
8.218694 40.82372 11.64551
9.419697 40.82372 11.7638
10.6207 40.82372 11.64551
11.77555 40.82372 11.29519
12.83987 40.82372 10.7263
5.99953 40.82372 10.7263
13.77275 40.82372 9.960707
5.06665 40.82372 9.9607
14.53834 40.82372 9.027828
4.301056 40.82372 9.027819
15.10723 40.82372 7.963513
3.73217 40.82372 7.963503
15.45755 40.82372 6.808663
3.381852 40.82372 6.808653
15.57584 40.82372 5.60766
3.263565 40.82372 5.60765
15.45755 40.82372 4.406657
3.381855 40.82372 4.406646
15.10723 40.82372 3.251807
3.732176 40.82372 3.251798
14.53834 40.82372 2.187492
4.301066 40.82372 2.187483
13.77275 40.82372 1.254612
5.066664 40.82372 1.254604
12.83987 40.82372 0.489017
5.999544 40.82372 0.4890108
11.77555 40.82372 -0.07987213
7.063861 40.82372 -0.07987499
10.6207 40.82372 -0.4301901
8.218712 40.82372 -0.4301929
9.419702 40.82372 -0.5484791
7.200542 41.73914 3.388491
7.676122 41.73914 2.998195
9.419702 42.04825 5.607659
6.810245 41.73914 3.864068
8.218704 41.73914 2.708179
6.520226 41.73914 4.406651
8.807443 41.73914 2.529589
6.341635 41.73914 4.995388
9.419702 41.73914 2.469287
6.281331 41.73914 5.607654
10.03197 41.73914 2.52959
6.341632 41.73914 6.21992
10.6207 41.73914 2.708181
6.520224 41.73914 6.808657
11.16329 41.73914 2.998198
6.810239 41.73914 7.351241
11.63887 41.73914 3.388495
7.200535 41.73914 7.82682
12.02916 41.73914 3.864073
7.676114 41.73914 8.217117
12.31918 41.73914 4.406656
8.218697 41.73914 8.507135
12.49777 41.73914 4.995393
8.807433 41.73914 8.685726
12.55807 41.73914 5.607659
9.4197 41.73914 8.74603
12.49777 41.73914 6.219925
10.03197 41.73914 8.685728
12.31918 41.73914 6.808663
10.6207 41.73914 8.507137
12.02916 41.73914 7.351245
11.16329 41.73914 8.21712
11.63886 41.73914 7.826824
2
-0.004627999 0.9988847 0.04698799
0.004627999 0.9988847 0.04698799
0 1 0
-0.004627999 0.9988847 -0.04698799
0 1 0
0.004627999 0.9988847 -0.04698799
0 0.4216389 -0.9067638
0.1769009 0.4216388 -0.8893406
0.1769009 0.4216388 -0.8893406
0 0.4216389 -0.9067638
-0.1769 0.4216389 -0.8893408
-0.1769 0.4216389 -0.8893408
-0.347002 0.421639 -0.8377411
-0.347002 0.421639 -0.8377411
-0.5037701 0.4216391 -0.7539471
-0.5037701 0.4216391 -0.7539471
-0.6411778 0.4216389 -0.6411798
-0.6411783 0.4216392 -0.6411793
-0.7539463 0.4216392 -0.5037712
-0.7539463 0.4216392 -0.5037712
-0.8377407 0.4216388 -0.3470029
-0.8377407 0.4216388 -0.3470029
-0.8893408 0.4216389 -0.1769
-0.8893408 0.4216389 -0.1769
-0.9067638 0.4216389 0
-0.9067638 0.4216389 0
-0.8893408 0.4216389 0.1769
-0.8893408 0.4216389 0.1769
-0.8377411 0.421639 0.347002
-0.8377411 0.421639 0.347002
-0.7539471 0.4216391 0.5037701
-0.7539471 0.4216391 0.5037701
-0.6411798 0.4216389 0.6411778
-0.6411793 0.4216392 0.6411783
-0.503772 0.4216389 0.7539459
-0.503772 0.4216389 0.7539459
-0.3470041 0.4216391 0.8377402
-0.3470041 0.4216391 0.8377402
-0.1769019 0.4216388 0.8893405
-0.1769021 0.4216391 0.8893403
0 0.4216389 0.9067638
0 0.4216389 0.9067638
0.1769009 0.4216388 0.8893406
0.1769009 0.4216388 0.8893406
0.3470041 0.4216391 0.8377402
0.3470041 0.4216391 0.8377402
0.5037712 0.4216392 0.7539463
0.5037708 0.4216388 0.7539467
0.6411788 0.4216389 0.6411788
0.6411788 0.4216389 0.6411788
0.7539459 0.4216389 0.503772
0.7539459 0.4216389 0.503772
0.8377399 0.4216389 0.347005
0.8377399 0.4216389 0.347005
0.8893403 0.4216391 0.1769021
0.8893403 0.4216391 0.1769021
0.9067638 0.4216389 0
0.9067638 0.4216389 0
0.8893408 0.4216389 -0.1769
0.8893408 0.4216389 -0.1769
0.8377407 0.4216388 -0.3470029
0.8377407 0.4216388 -0.3470029
0.7539471 0.4216391 -0.5037701
0.7539471 0.4216391 -0.5037701
0.6411788 0.4216389 -0.6411788
0.6411788 0.4216389 -0.6411788
0.5037712 0.4216392 -0.7539463
0.5037712 0.4216392 -0.7539463
0.3470029 0.4216388 -0.8377407
0.3470029 0.4216388 -0.8377407
0.1769009 0.4216388 -0.8893406
0.1769009 0.4216388 -0.8893406
-0.195 0.030434 0.9803309
-0.195 0.030434 0.9803309
0 0.03043399 0.9995368
0 0.03043399 0.9995368
0.194999 0.030435 0.9803311
0.195 0.030435 0.9803309
0.3825059 0.03043499 0.9234517
0.382505 0.030435 0.9234521
0.5542312 0.03043401 0.8318062
0.5552081 0.030581 0.831149
0.7068604 0.03070102 0.7066864
0.70686 0.0307 0.706687
0.8317378 0.03057799 0.5543259
0.8310843 0.03043401 0.5553132
0.9234517 0.03043399 0.3825059
0.9234517 0.03043399 0.3825059
0.9803309 0.030434 0.195
0.9803309 0.030434 0.195
0.9995368 0.03043399 0
0.9995368 0.03043399 0
0.9803311 0.030435 -0.194999
0.9803311 0.030435 -0.194999
0.9234517 0.03043499 -0.3825059
0.9234521 0.030435 -0.382505
0.8318062 0.03043401 -0.5542312
0.831149 0.030581 -0.5552081
0.706687 0.030701 -0.70686
0.706688 0.0307 -0.706859
0.5543259 0.03057799 -0.8317378
0.5553138 0.03043399 -0.8310838
0.3825071 0.030434 -0.9234511
0.3825071 0.030434 -0.9234511
0.195001 0.03043399 -0.9803308
0.195001 0.03043399 -0.9803308
0 0.03043399 -0.9995368
0 0.03043399 -0.9995368
-0.195 0.030434 -0.9803309
-0.195 0.030434 -0.9803309
-0.3825059 0.03043399 -0.9234517
-0.3825059 0.03043399 -0.9234517
-0.5553132 0.03043401 -0.8310843
-0.5553132 0.03043501 -0.8310843
-0.7067787 0.03043499 -0.7067797
-0.7067792 0.03043501 -0.7067792
-0.8310843 0.03043501 -0.5553132
-0.8310843 0.03043501 -0.5553132
-0.9234511 0.030435 -0.3825071
-0.9234511 0.030435 -0.3825071
-0.9800765 0.03043401 -0.1962751
-0.9803025 0.03058098 -0.1951199
-0.9995286 0.03069999 0.000123
-0.9995286 0.03069999 0.000122
-0.9800951 0.030578 0.196159
-0.9803311 0.030434 0.194999
-0.9234517 0.03043399 0.3825059
-0.9234521 0.030434 0.382505
-0.8310851 0.030434 0.555312
-0.8310851 0.030434 0.555312
-0.7067797 0.03043398 0.7067787
-0.7067797 0.03043398 0.7067787
-0.5553127 0.03043398 0.8310846
-0.5553132 0.03043401 0.8310843
-0.3825063 0.03043402 0.9234515
-0.3825059 0.03043399 0.9234517
-0.195 0.030434 0.9803309
-0.195 0.030434 0.9803309
0 -1 0
0 -1 0
0 -1 0
0 -1 0
0 -1 0
0 -1 0
0 -1 0
0 -1 0
0 -1 0
0 -1 0
0 -1 0
0 -1 0
0 -1 0
0 -1 0
0 -1 0
0 -1 0
0 -1 0
0 -1 0
0 -1 0
0 -1 0
0 -1 0
0 -1 0
0 -1 0
0 -1 0
0 -1 0
0 -1 0
0 -1 0
0 -1 0
0 -1 0
0 -1 0
0 -1 0
0 -1 0
-0.06914897 0.9975115 -0.01375399
-0.05862097 0.9975115 -0.03916998
-0.06513697 0.9975115 -0.02697999
-0.03916998 0.9975115 -0.05862097
-0.04985298 0.9975116 -0.04985298
-0.04985298 0.9975116 0.04985298
-0.06513697 0.9975115 0.02697999
-0.05862098 0.9975116 0.03916898
-0.06914897 0.9975115 0.01375399
-0.04698799 0.9988847 -0.004627999
-0.04698799 0.9988847 0.004627999
-0.004627999 0.9988847 0.04698799
-0.02698099 0.9975115 0.06513697
-0.03916998 0.9975115 0.05862097
-0.01375499 0.9975115 0.06914897
-0.01375499 0.9975115 -0.06914897
-0.02697999 0.9975115 -0.06513697
0 1 0
0 1 0
-0.004627999 0.9988847 -0.04698799
0.004627999 0.9988847 -0.04698799
0.01375399 0.9975115 -0.06914897
0.03916998 0.9975115 -0.05862097
0.02697999 0.9975115 -0.06513697
0.04985298 0.9975116 0.04985298
0.02698099 0.9975115 0.06513697
0.03916998 0.9975115 0.05862097
0.01375499 0.9975115 0.06914897
0.004627999 0.9988847 0.04698799
0.06914897 0.9975115 -0.01375499
0.06513697 0.9975115 0.02697999
0.05862098 0.9975116 0.03916898
0.06914897 0.9975115 0.01375399
0.04698799 0.9988847 0.004627999
0.04698799 0.9988847 -0.004627999
0.05862097 0.9975115 -0.03916998
0.04985298 0.9975116 -0.04985298
0.06513697 0.9975115 -0.02697999
-0.072994 0.927366 -0.366966
-0.02925302 0.9544255 -0.2970122
-0.03682599 0.9267369 -0.373902
-0.05796901 0.9548341 -0.29143
-0.143183 0.9273662 -0.3456741
-0.03368999 0.9849765 -0.1693699
-0.017006 0.9848341 -0.172663
-0.004627999 0.9988847 -0.04698799
-0.01375499 0.9975115 -0.06914897
-0.06608497 0.9849765 -0.1595429
-0.02697999 0.9975115 -0.06513697
-0.11371 0.9548341 -0.274521
-0.2078691 0.9273664 -0.3110981
-0.09593995 0.9849765 -0.1435849
-0.03916998 0.9975115 -0.05862097
-0.165082 0.9548342 -0.2470621
-0.2645681 0.9273662 -0.264567
-0.1221089 0.9849765 -0.1221089
-0.04985298 0.9975116 -0.04985298
-0.210109 0.9548342 -0.210109
-0.311099 0.9273661 -0.207869
-0.1435849 0.9849765 -0.09593995
-0.05862097 0.9975115 -0.03916998
-0.247063 0.9548339 -0.165082
-0.3456741 0.9273662 -0.143183
-0.1595429 0.9849765 -0.06608497
-0.06513697 0.9975115 -0.02697999
-0.274521 0.9548341 -0.11371
-0.366966 0.927366 -0.072994
-0.1693699 0.9849765 -0.03368999
-0.06914897 0.9975115 -0.01375399
-0.29143 0.9548341 -0.05796901
-0.3739011 0.9267372 -0.03682601
-0.2970131 0.9544252 -0.02925301
-0.172663 0.9848341 -0.017006
-0.04698799 0.9988847 -0.004627999
-0.366966 0.927366 0.072994
-0.2970122 0.9544255 0.02925302
-0.373902 0.9267369 0.03682599
-0.29143 0.9548341 0.05796901
-0.3456741 0.9273663 0.143182
-0.1693699 0.9849765 0.03368999
-0.172663 0.9848341 0.017006
-0.04698799 0.9988847 0.004627999
-0.06914897 0.9975115 0.01375399
-0.1595429 0.9849765 0.06608497
-0.06513697 0.9975115 0.02697999
-0.274521 0.9548341 0.11371
-0.311099 0.9273661 0.207869
-0.1435849 0.9849765 0.09593995
-0.05862098 0.9975116 0.03916898
-0.247063 0.9548339 0.165082
-0.2645681 0.9273662 0.264567
-0.1221089 0.9849765 0.1221089
-0.04985298 0.9975116 0.04985298
-0.21011 0.954834 0.210109
-0.2078701 0.9273662 0.3110981
-0.09593995 0.9849765 0.1435849
-0.03916998 0.9975115 0.05862097
-0.165082 0.9548342 0.2470621
-0.143183 0.9273662 0.3456741
-0.06608497 0.9849765 0.1595429
-0.02698099 0.9975115 0.06513697
-0.113711 0.954834 0.274521
-0.072994 0.927366 0.366966
-0.03368999 0.9849765 0.1693699
-0.01375499 0.9975115 0.06914897
-0.05796901 0.9548341 0.29143
-0.03682601 0.9267372 0.3739011
-0.02925302 0.9544255 0.2970122
-0.017006 0.9848341 0.172663
-0.004627999 0.9988847 0.04698799
-0.072994 -0.927366 -0.366966
-0.03682599 -0.9267369 -0.373902
-0.02925302 -0.9544255 -0.2970122
-0.05796901 -0.9548341 -0.29143
-0.143183 -0.9273662 -0.3456741
-0.03368999 -0.9849765 -0.1693699
-0.017006 -0.9848341 -0.172663
-0.013045 -0.9911042 -0.132447
-0.02584099 -0.9911885 -0.1299129
-0.06608497 -0.9849765 -0.1595429
-0.05068998 -0.9911886 -0.122375
-0.11371 -0.9548341 -0.274521
-0.2078691 -0.9273664 -0.3110981
-0.09593995 -0.9849765 -0.1435849
-0.07358997 -0.9911885 -0.1101349
-0.165082 -0.9548342 -0.2470621
-0.2645681 -0.9273662 -0.264567
-0.1221089 -0.9849765 -0.1221089
-0.09366196 -0.9911885 -0.09366196
-0.210109 -0.9548342 -0.210109
-0.311099 -0.9273661 -0.207869
-0.1435849 -0.9849765 -0.09593995
-0.1101349 -0.9911885 -0.07358997
-0.247063 -0.9548339 -0.165082
-0.3456741 -0.9273662 -0.143183
-0.1595429 -0.9849765 -0.06608497
-0.122375 -0.9911886 -0.05068899
-0.274521 -0.9548341 -0.11371
-0.366966 -0.927366 -0.072994
-0.1693699 -0.9849765 -0.03368999
-0.1299129 -0.9911885 -0.02584099
-0.29143 -0.9548341 -0.05796901
-0.3739011 -0.9267372 -0.03682601
-0.2970122 -0.9544255 -0.02925302
-0.172663 -0.9848341 -0.017006
-0.132447 -0.9911042 -0.013045
-0.366966 -0.927366 0.072994
-0.373902 -0.9267369 0.03682599
-0.2970122 -0.9544255 0.02925302
-0.29143 -0.9548341 0.05796901
-0.3456741 -0.9273663 0.143182
-0.1693699 -0.9849765 0.03368999
-0.172663 -0.9848341 0.017006
-0.132447 -0.9911042 0.013045
-0.1299129 -0.9911885 0.02584099
-0.1595429 -0.9849765 0.06608497
-0.122375 -0.9911886 0.05068899
-0.274521 -0.9548341 0.11371
-0.311099 -0.9273661 0.207869
-0.1435849 -0.9849765 0.09593995
-0.1101349 -0.9911885 0.07358997
-0.247063 -0.9548339 0.165082
-0.2645681 -0.9273662 0.264567
-0.1221089 -0.9849765 0.1221089
-0.09366196 -0.9911885 0.09366196
-0.21011 -0.954834 0.210109
-0.2078701 -0.9273662 0.3110981
-0.09593995 -0.9849765 0.1435849
-0.07358997 -0.9911885 0.1101349
-0.165082 -0.9548342 0.2470621
-0.143183 -0.9273662 0.3456741
-0.06608497 -0.9849765 0.1595429
-0.05068998 -0.9911886 0.122375
-0.113711 -0.954834 0.274521
-0.072994 -0.927366 0.366966
-0.03368999 -0.9849765 0.1693699
-0.02584099 -0.9911885 0.1299129
-0.05796901 -0.9548341 0.29143
-0.03682601 -0.9267372 0.3739011
-0.02925302 -0.9544255 0.2970122
-0.017006 -0.9848341 0.172663
-0.013045 -0.9911042 0.132447
0.072994 0.927366 -0.366966
0.03682599 0.9267369 -0.373902
0.02925302 0.9544255 -0.2970122
0.05796901 0.9548341 -0.29143
0.143183 0.9273662 -0.3456741
0.03368999 0.9849765 -0.1693699
0.017006 0.9848341 -0.172663
0.004627999 0.9988847 -0.04698799
0.01375399 0.9975115 -0.06914897
0.06608497 0.9849765 -0.1595429
0.02697999 0.9975115 -0.06513697
0.11371 0.9548341 -0.274521
0.207869 0.9273661 -0.311099
0.09593995 0.9849765 -0.1435849
0.03916998 0.9975115 -0.05862097
0.165082 0.9548339 -0.247063
0.264567 0.9273662 -0.2645681
0.1221089 0.9849765 -0.1221089
0.04985298 0.9975116 -0.04985298
0.210109 0.9548342 -0.210109
0.311099 0.9273661 -0.207869
0.1435849 0.9849765 -0.09593995
0.05862097 0.9975115 -0.03916998
0.2470621 0.9548342 -0.165082
0.3456741 0.9273662 -0.143183
0.1595429 0.9849765 -0.06608497
0.06513697 0.9975115 -0.02697999
0.274521 0.9548341 -0.11371
0.366966 0.927366 -0.072994
0.1693699 0.9849765 -0.03368999
0.06914897 0.9975115 -0.01375499
0.29143 0.9548341 -0.05796901
0.3739011 0.9267372 -0.03682601
0.2970131 0.9544252 -0.02925301
0.172663 0.9848341 -0.017006
0.04698799 0.9988847 -0.004627999
0.3669661 0.9273661 0.07299301
0.373902 0.9267369 0.036825
0.2970122 0.9544255 0.02925302
0.29143 0.9548341 0.05796901
0.3456741 0.9273663 0.143182
0.1693699 0.9849765 0.03368999
0.172663 0.9848342 0.017005
0.04698799 0.9988847 0.004627999
0.06914897 0.9975115 0.01375399
0.1595429 0.9849765 0.06608497
0.06513697 0.9975115 0.02697999
0.274521 0.9548341 0.11371
0.311099 0.9273661 0.207869
0.1435849 0.9849765 0.09593995
0.05862098 0.9975116 0.03916898
0.247063 0.9548341 0.165081
0.2645681 0.9273662 0.264567
0.1221089 0.9849765 0.1221089
0.04985298 0.9975116 0.04985298
0.21011 0.954834 0.210109
0.2078701 0.9273662 0.3110981
0.09593995 0.9849765 0.1435849
0.03916998 0.9975115 0.05862097
0.165082 0.9548342 0.2470621
0.143183 0.9273662 0.3456741
0.06608497 0.9849765 0.1595429
0.02698099 0.9975115 0.06513697
0.113711 0.954834 0.274521
0.07299403 0.9273664 0.3669651
0.03368999 0.9849765 0.1693699
0.01375499 0.9975115 0.06914897
0.05796901 0.9548341 0.29143
0.03682601 0.9267372 0.3739011
0.02925302 0.9544255 0.2970122
0.017006 0.9848341 0.172663
0.004627999 0.9988847 0.04698799
0.072994 -0.927366 -0.366966
0.02925302 -0.9544255 -0.2970122
0.03682599 -0.9267369 -0.373902
0.05796901 -0.9548341 -0.29143
0.143183 -0.9273662 -0.3456741
0.03368999 -0.9849765 -0.1693699
0.017006 -0.9848341 -0.172663
0.013045 -0.9911042 -0.132447
0.02584099 -0.9911885 -0.1299129
0.06608497 -0.9849765 -0.1595429
0.05068899 -0.9911886 -0.122375
0.11371 -0.9548341 -0.274521
0.207869 -0.9273661 -0.311099
0.09593995 -0.9849765 -0.1435849
0.07358997 -0.9911885 -0.1101349
0.165082 -0.9548339 -0.247063
0.264567 -0.9273662 -0.2645681
0.1221089 -0.9849765 -0.1221089
0.09366196 -0.9911885 -0.09366196
0.210109 -0.9548342 -0.210109
0.311099 -0.9273661 -0.207869
0.1435849 -0.9849765 -0.09593995
0.1101349 -0.9911885 -0.07358997
0.2470621 -0.9548342 -0.165082
0.3456741 -0.9273662 -0.143183
0.1595429 -0.9849765 -0.06608497
0.122375 -0.9911886 -0.05068899
0.274521 -0.9548341 -0.11371
0.366966 -0.927366 -0.072994
0.1693699 -0.9849765 -0.03368999
0.1299129 -0.9911885 -0.02584099
0.29143 -0.9548341 -0.05796901
0.3739011 -0.9267372 -0.03682601
0.2970122 -0.9544255 -0.02925302
0.172663 -0.9848341 -0.017006
0.132447 -0.9911042 -0.013045
0.3669661 -0.9273661 0.07299301
0.2970122 -0.9544255 0.02925302
0.373902 -0.9267369 0.03682599
0.29143 -0.9548341 0.05796901
0.3456741 -0.9273663 0.143182
0.1693699 -0.9849765 0.03368999
0.172663 -0.9848342 0.017005
0.132447 -0.9911042 0.013045
0.1299129 -0.9911885 0.02584099
0.1595429 -0.9849765 0.06608497
0.1223759 -0.9911885 0.05068898
0.274521 -0.9548341 0.11371
0.311099 -0.9273661 0.207869
0.1435849 -0.9849765 0.09593995
0.1101349 -0.9911885 0.07358997
0.247063 -0.9548341 0.165081
0.2645681 -0.9273662 0.264567
0.1221089 -0.9849765 0.1221089
0.09366196 -0.9911885 0.09366196
0.21011 -0.954834 0.210109
0.2078701 -0.9273662 0.3110981
0.09593995 -0.9849765 0.1435849
0.07358997 -0.9911885 0.1101349
0.165082 -0.9548342 0.2470621
0.143184 -0.927366 0.345674
0.06608497 -0.9849765 0.1595429
0.05068998 -0.9911886 0.122375
0.113711 -0.954834 0.274521
0.07299403 -0.9273664 0.3669651
0.03368999 -0.9849765 0.1693699
0.02584099 -0.9911885 0.1299129
0.05796901 -0.9548341 0.29143
0.03682601 -0.9267372 0.3739011
0.02925302 -0.9544255 0.2970122
0.017006 -0.9848341 0.172663
0.013045 -0.9911042 0.132447
-0.36379 0.931481 0
-0.286742 0.9580079 0
-0.36379 0.931481 0
-0.2867429 0.9580076 0
-0.1702181 0.9854064 0
-0.1702181 0.9854064 0
-0.132396 0.9911969 0
-0.132396 0.9911969 0
0 0.9854064 -0.1702181
0 0.9911969 -0.132396
0 0.9911969 -0.132396
0 0.9854064 -0.1702181
0 0.9580079 -0.286742
0 0.9580076 -0.2867429
0 0.931481 -0.36379
0 0.931481 -0.36379
-0.2867429 -0.9580076 0
-0.363793 -0.9314799 5.999999E-05
-0.363793 -0.9314799 5.699999E-05
-0.2867401 -0.9580084 0
-0.1702181 -0.9854064 0
-0.1702169 -0.9854066 0
-0.132396 -0.9911969 0
-0.132396 -0.9911969 0
0 -0.9911969 -0.132396
0 -0.9854064 -0.1702181
0 -0.9911969 -0.132396
0 -0.9854064 -0.1702181
0 -0.9580076 -0.2867429
0 -0.9580076 -0.2867429
0 -0.931481 -0.36379
0 -0.931481 -0.36379
0 0.9580079 0.286742
0 0.931481 0.36379
0 0.931481 0.36379
0 0.9580079 0.286742
0 0.9854064 0.1702181
0 0.9854064 0.1702181
0 0.9911969 0.132396
0 0.9911969 0.132396
0 -0.931481 0.36379
0 -0.9580079 0.286742
0 -0.931481 0.36379
0 -0.9580079 0.286742
0 -0.9854064 0.1702181
0 -0.9854064 0.1702181
0 -0.9911969 0.132396
0 -0.9911969 0.132396
0.2867429 0.9580076 0
0.36379 0.931481 0
0.36379 0.931481 0
0.286742 0.9580079 0
0.1702181 0.9854064 0
0.1702181 0.9854064 0
0.132396 0.9911969 0
0.132396 0.9911969 0
0.3637879 -0.9314818 5.599999E-05
0.286742 -0.9580079 0
0.3637871 -0.9314822 6.000001E-05
0.286745 -0.958007 0
0.1702181 -0.9854064 0
0.1702181 -0.9854064 0
0.132396 -0.9911969 0
0.132396 -0.9911969 0
0 -1 0
0 -1 0
0 -1 0
0 -1 0
0 -0.4801039 0.8772117
0.1711371 -0.4801032 0.8603564
0.1711371 -0.4801032 0.8603564
0 -0.4801039 0.8772117
-0.171136 -0.480104 0.860356
-0.1711361 -0.4801032 0.8603565
-0.3356951 -0.480103 0.8104381
-0.3356949 -0.4801038 0.8104377
-0.4873528 -0.4801038 0.7293747
-0.4873532 -0.4801042 0.7293743
-0.6202828 -0.4801039 0.6202818
-0.6202828 -0.4801039 0.6202818
-0.7293755 -0.4801037 0.4873517
-0.729376 -0.480103 0.487352
-0.8104387 -0.4801028 0.3356939
-0.8104383 -0.4801032 0.3356941
-0.8603569 -0.4801029 0.171135
-0.860357 -0.480103 0.171134
-0.877212 -0.480103 0
-0.877212 -0.480103 0
-0.8603569 -0.4801029 -0.171135
-0.8603569 -0.4801029 -0.171135
-0.8104383 -0.4801032 -0.3356941
-0.8104379 -0.480104 -0.335694
-0.7293751 -0.4801041 -0.4873521
-0.7293751 -0.4801041 -0.4873521
-0.6202831 -0.480103 -0.6202821
-0.6202831 -0.480103 -0.6202821
-0.4873528 -0.4801038 -0.7293747
-0.4873528 -0.4801038 -0.7293747
-0.3356951 -0.480103 -0.8104381
-0.3356951 -0.480103 -0.8104381
-0.1711361 -0.4801032 -0.8603565
-0.1711361 -0.4801032 -0.8603565
0 -0.480103 -0.877212
0 -0.480103 -0.877212
0.1711349 -0.4801037 -0.8603565
0.171135 -0.4801029 -0.8603569
0.3356941 -0.4801032 -0.8104383
0.3356941 -0.4801032 -0.8104383
0.4873531 -0.4801031 -0.7293751
0.4873528 -0.4801038 -0.7293747
0.6202822 -0.4801041 -0.6202822
0.6202822 -0.4801041 -0.6202822
0.7293747 -0.4801038 -0.4873528
0.7293751 -0.4801031 -0.4873531
0.8104381 -0.480103 -0.3356951
0.8104381 -0.480103 -0.3356951
0.8603565 -0.4801032 -0.1711361
0.860356 -0.480104 -0.171136
0.8772117 -0.4801039 0
0.8772117 -0.4801039 0
0.8603566 -0.4801038 0.1711339
0.8603566 -0.4801038 0.1711339
0.8104386 -0.4801038 0.3356929
0.8104386 -0.4801038 0.3356929
0.729376 -0.480104 0.4873509
0.729376 -0.480104 0.4873509
0.6202832 -0.4801042 0.6202812
0.6202832 -0.4801042 0.6202812
0.487354 -0.4801039 0.7293739
0.4873532 -0.4801042 0.7293743
0.335696 -0.4801041 0.8104371
0.335696 -0.4801041 0.8104371
0.1711371 -0.4801032 0.8603564
0.1711371 -0.4801032 0.8603564
0 0 -1
-0.195091 0 -0.9807851
-0.195091 0 -0.9807851
0 0 -1
0.195091 0 -0.9807851
0.195091 0 -0.9807851
0.3826841 0 -0.9238793
0.3826841 0 -0.9238793
0.5555711 0 -0.8314691
0.5555711 0 -0.8314691
0.7071072 0 -0.7071062
0.7071072 0 -0.7071062
0.8314703 0 -0.5555692
0.8314703 0 -0.5555692
0.9238797 0 -0.3826829
0.9238797 0 -0.3826829
0.9807855 0 -0.1950891
0.9807855 0 -0.1950891
1 0 0
1 0 0
0.9807854 0 0.1950901
0.9807854 0 0.1950901
0.9238797 0 0.3826829
0.9238797 0 0.3826829
0.8314699 0 0.5555699
0.8314699 0 0.5555699
0.7071068 0 0.7071068
0.7071068 0 0.7071068
0.5555699 0 0.8314699
0.5555699 0 0.8314699
0.3826841 0 0.9238793
0.3826838 0 0.9238794
0.195091 0 0.9807851
0.195091 0 0.9807851
0 0 1
0 0 1
-0.1950901 0 0.9807854
-0.1950901 0 0.9807854
-0.3826829 0 0.9238797
-0.3826829 0 0.9238797
-0.5555699 0 0.8314699
-0.5555699 0 0.8314699
-0.7071068 0 0.7071068
-0.7071062 0 0.7071072
-0.8314695 0 0.5555704
-0.8314695 0 0.5555704
-0.9238797 0 0.3826829
-0.9238797 0 0.3826829
-0.9807851 0 0.195091
-0.9807851 0 0.195091
-1 0 0
-1 0 0
-0.9807855 0 -0.1950889
-0.9807855 0 -0.1950889
-0.9238801 0 -0.3826821
-0.9238801 0 -0.3826821
-0.8314706 0 -0.5555687
-0.8314706 0 -0.5555687
-0.7071083 0 -0.7071052
-0.7071083 0 -0.7071052
-0.5555711 0 -0.8314691
-0.5555711 0 -0.8314691
-0.382685 0 -0.9238789
-0.382685 0 -0.9238789
-0.195091 0 -0.9807851
-0.195091 0 -0.9807851
-0.8603569 -0.4801029 -0.171135
-0.8880857 -0.4596778 0
-0.961401 -0.27146 -0.044918
-0.877212 -0.480103 0
-0.9614007 -0.2714609 0.04491599
-0.8603569 -0.4801029 -0.171135
-0.8603569 -0.4801029 0.171135
-0.8104383 -0.4801032 -0.3356941
-0.8603569 -0.4801029 0.171135
-0.8104383 -0.4801032 -0.3356941
-0.8104383 -0.4801032 0.3356941
-0.7293751 -0.4801031 -0.4873531
-0.8104383 -0.4801032 0.3356941
-0.7293751 -0.4801031 -0.4873531
-0.7293755 -0.4801033 0.4873523
-0.6202831 -0.480103 -0.6202821
-0.7293751 -0.4801041 0.4873521
-0.6202831 -0.480103 -0.6202821
-0.6202828 -0.4801039 0.6202818
-0.4873531 -0.4801031 -0.7293751
-0.6202828 -0.4801039 0.6202818
-0.4873531 -0.4801031 -0.7293751
-0.487354 -0.4801039 0.7293739
-0.3356951 -0.480103 -0.8104381
-0.487354 -0.4801039 0.7293739
-0.3356951 -0.480103 -0.8104381
-0.3356949 -0.4801038 0.8104377
-0.1711361 -0.4801032 -0.8603565
-0.3356949 -0.4801038 0.8104377
-0.171136 -0.4801028 -0.8603567
-0.171136 -0.480104 0.860356
-0.04491799 -0.2714609 -0.9614007
0 -0.480103 -0.877212
-0.171136 -0.480104 0.860356
0 -0.4596771 -0.8880862
0.1711349 -0.4801037 -0.8603565
0 -0.4801039 0.8772117
0.171135 -0.4801029 -0.8603569
0.044917 -0.27146 -0.961401
0.335694 -0.480104 -0.8104379
0.3356941 -0.4801032 -0.8104383
0.4873523 -0.4801033 -0.7293755
0.4873523 -0.4801033 -0.7293755
0.6202821 -0.480103 -0.6202831
0.6202821 -0.480103 -0.6202831
0.7293747 -0.4801038 -0.4873528
0.7293747 -0.4801038 -0.4873528
0.8104381 -0.480103 -0.3356951
0.8104383 -0.4801032 -0.3356941
0 -0.4596771 0.8880862
-0.04491701 -0.2714591 0.9614013
0.04491799 -0.2714609 0.9614007
0.171136 -0.480104 0.860356
0.171136 -0.480104 0.860356
0.335696 -0.4801041 0.8104371
0.335696 -0.4801041 0.8104371
0.487354 -0.4801039 0.7293739
0.487354 -0.4801039 0.7293739
0.6202832 -0.4801042 0.6202812
0.6202828 -0.4801039 0.6202818
0.729376 -0.480103 0.487352
0.729376 -0.480103 0.487352
0.8104389 -0.480103 0.335693
0.8104389 -0.480103 0.335693
0.860357 -0.480103 0.171134
0.860357 -0.480103 0.171134
0.8880857 -0.4596778 0
0.9614006 -0.2714619 0.04491498
0.877212 -0.480103 0
0.9614004 -0.2714618 -0.04491897
0.8603567 -0.4801028 -0.171136
0.8603567 -0.4801028 -0.171136
0.8104383 -0.4801032 -0.3356941
0.8104381 -0.480103 -0.3356951
-0.8314695 0 0.5555704
-0.9238793 0 0.3826841
-0.9238793 0 0.3826841
-0.8314695 0 0.5555704
-0.7071068 0 0.7071068
-0.7071068 0 0.7071068
-0.5555699 0 0.8314699
-0.5555699 0 0.8314699
-0.3826829 0 0.9238797
-0.3826829 0 0.9238797
-0.1950901 0 0.9807854
-0.1950901 0 0.9807854
0 0 1
0 0 1
0.195091 0 0.9807851
0.195091 0 0.9807851
0.3826841 0 0.9238793
0.3826841 0 0.9238793
0.5555699 0 0.8314699
0.5555699 0 0.8314699
0.7071068 0 0.7071068
0.7071068 0 0.7071068
0.8314699 0 0.5555699
0.8314699 0 0.5555699
0.9238797 0 0.3826829
0.9238797 0 0.3826829
0.9807854 0 0.1950901
0.9807854 0 0.1950901
1 0 0
1 0 0
0.9807855 0 -0.1950891
0.9807855 0 -0.1950891
0.9238797 0 -0.3826829
0.9238801 0 -0.3826821
0.8314699 0 -0.5555699
0.8314699 0 -0.5555699
0.7071072 0 -0.7071062
0.7071072 0 -0.7071062
0.5555711 0 -0.8314691
0.5555711 0 -0.8314691
0.382685 0 -0.9238789
0.382685 0 -0.9238789
0.195091 0 -0.9807851
0.195091 0 -0.9807851
0 0 -1
0 0 -1
-0.195092 0 -0.9807849
-0.195092 0 -0.9807849
-0.382685 0 -0.9238789
-0.382685 0 -0.9238789
-0.5555711 0 -0.8314691
-0.5555711 0 -0.8314691
-0.7071078 0 -0.7071058
-0.7071078 0 -0.7071058
-0.8314703 0 -0.5555692
-0.8314703 0 -0.5555692
-0.9238801 0 -0.3826821
-0.9238801 0 -0.3826821
-0.9807855 0 -0.1950889
-0.9807855 0 -0.1950889
-1 0 0
-1 0 0
-0.9807854 0 0.1950901
-0.9807854 0 0.1950901
-0.9238793 0 0.3826841
-0.9238793 0 0.3826841
-0.961401 -0.27146 -0.044918
-0.8880857 -0.4596778 0
-0.9614007 -0.2714609 0.04491599
-0.9911886 0.132458 0
-0.9911884 0.1324589 0
-0.04491799 -0.2714609 -0.9614007
0.044917 -0.27146 -0.961401
0 -0.4596771 -0.8880862
0 0.132457 -0.9911888
0 0.132457 -0.9911888
0.9614004 -0.2714618 -0.04491897
0.9614006 -0.2714619 0.04491498
0.8880857 -0.4596778 0
0.9911888 0.132457 0
0.9911888 0.132457 0
-0.04491701 -0.2714591 0.9614013
0 -0.4596771 0.8880862
0.04491799 -0.2714609 0.9614007
0 0.1324589 0.9911884
0 0.1324589 0.9911884
-0.9911886 -0.132458 0
-0.9911888 -0.132457 0
-0.9911886 -0.132458 0
-0.9911884 -0.1324589 0
0 -0.132457 -0.9911888
0 -0.132457 -0.9911888
0 -0.132457 -0.9911888
0 -0.132457 -0.9911888
0 -0.1324589 0.9911884
0 -0.1324589 0.9911884
0 -0.1324589 0.9911884
0 -0.1324589 0.9911884
0.9911888 -0.132457 0
0.9911888 -0.132457 0
0.9911888 -0.132457 0
0.9911888 -0.132457 0
-0.09801599 0 -0.9951848
-0.09801599 0 -0.9951848
-0.1950901 0 -0.9807854
-0.1950901 0 -0.9807854
-0.3826841 0 -0.9238793
-0.3826841 0 -0.9238793
-0.5555699 0 -0.8314699
-0.5555699 0 -0.8314699
-0.7071068 0 -0.7071068
-0.7071068 0 -0.7071068
-0.8314699 0 -0.5555699
-0.8314699 0 -0.5555699
-0.9238797 0 -0.3826829
-0.9238797 0 -0.3826829
-0.9807854 0 -0.1950901
-0.9807854 0 -0.1950901
-0.9951847 0 -0.09801698
-0.9951847 0 -0.09801698
-0.09801599 0 0.9951848
-0.1950901 0 0.9807854
-0.09801599 0 0.9951848
-0.1950901 0 0.9807854
-0.382685 0 0.9238789
-0.382685 0 0.9238789
-0.5555711 0 0.8314691
-0.5555711 0 0.8314691
-0.7071072 0 0.7071062
-0.7071072 0 0.7071062
-0.8314703 0 0.5555692
-0.8314703 0 0.5555692
-0.9238801 0 0.3826821
-0.9238801 0 0.3826821
-0.9807855 0 0.1950889
-0.9807855 0 0.1950889
-0.9951848 0 0.09801599
-0.9951848 0 0.09801599
0.09801599 0 -0.9951848
0.1950901 0 -0.9807854
0.09801599 0 -0.9951848
0.1950901 0 -0.9807854
0.3826829 0 -0.9238797
0.3826829 0 -0.9238797
0.5555699 0 -0.8314699
0.5555699 0 -0.8314699
0.7071068 0 -0.7071068
0.7071068 0 -0.7071068
0.8314695 0 -0.5555704
0.8314695 0 -0.5555704
0.9238797 0 -0.3826829
0.9238797 0 -0.3826829
0.9807854 0 -0.1950901
0.9807854 0 -0.1950901
0.9951847 0 -0.09801698
0.9951847 0 -0.09801698
0.09801698 0 0.9951847
0.09801698 0 0.9951847
0.195091 0 0.9807851
0.195091 0 0.9807851
0.382685 0 0.9238789
0.382685 0 0.9238789
0.5555711 0 0.8314691
0.5555711 0 0.8314691
0.7071078 0 0.7071058
0.7071078 0 0.7071058
0.8314706 0 0.5555687
0.8314706 0 0.5555687
0.9238801 0 0.3826821
0.9238801 0 0.3826821
0.9807855 0 0.1950889
0.9807855 0 0.1950889
0.995185 0 0.098015
0.995185 0 0.098015
-1 0 -1.8E-05
-1 -2E-05 -5.5E-05
-1 0 -3.6E-05
-1 1.3E-05 0
0 0 -1
0 0 -1
0 0 -1
0 0 -1
0 0 1
0 0 1
0 0 1
0 0 1
1 0 -3.7E-05
1 -2E-05 0
1 0 -1.9E-05
1 1.3E-05 -5.5E-05
0 0 -1
0 0 -1
0 0 -1
0 0 -1
0 0 -1
0 0 -1
0 0 -1
0 0 -1
0 0 1
0 0 1
0 0 1
0 0 1
0 0 1
0 0 1
0 0 1
0 0 1
1 0 0
1 0 0
1 0 0
1 0 0
1 0 0
1 0 0
1 0 0
1 0 0
-1 0 0
-1 0 0
-1 0 0
-1 0 0
-1 0 0
-1 0 0
-1 0 0
-1 0 0
-1 0 0
-1 0 0
-1 0 0
-1 0 0
-1 0 0
-1 0 0
-1 0 0
-1 0 0
1 0 0
1 0 0
1 0 0
1 0 0
1 0 0
1 0 0
1 0 0
1 0 0
0 0 1
0 0 1
0 0 1
0 0 1
0 0 1
0 0 1
0 0 1
0 0 1
0 0 -1
0 0 -1
0 0 -1
0 0 -1
0 0 -1
0 0 -1
0 0 -1
0 0 -1
0 0 -1
0 0 -1
0 0 -1
0 0 -1
0 0 1
0 0 1
0 0 1
0 0 1
1 0 0
1 0 0
1 0 0
1 0 0
-1 0 0
-1 0 0
-1 0 0
-1 0 0
-1 0 0
-1 0 0
-1 0 0
-1 0 0
1 0 0
1 0 0
1 0 0
1 0 0
0 0 1
0 0 1
0 0 1
0 0 1
0 0 -1
0 0 -1
0 0 -1
0 0 -1
0 0 -1
0 0 -1
0 0 -1
0 0 -1
0 0 -1
0 0 -1
0 0 -1
0 0 -1
0 0 1
0 0 1
0 0 1
0 0 1
0 0 1
0 0 1
0 0 1
0 0 1
1 0 0
1 0 0
1 0 0
1 0 0
1 0 0
1 0 0
1 0 0
1 0 0
-1 0 0
-1 0 0
-1 0 0
-1 0 0
-1 0 0
-1 0 0
-1 0 0
-1 0 0
1 0 0
1 0 0
1 0 0
1 0 0
1 0 0
1 0 0
1 0 0
1 0 0
-1 0 0
-1 0 0
-1 0 0
-1 0 0
-1 0 0
-1 0 0
-1 0 0
-1 0 0
0 0 -1
0 0 -1
0 0 -1
0 0 -1
0 0 -1
0 0 -1
0 0 -1
0 0 -1
0 0 1
0 0 1
0 0 1
0 0 1
0 0 1
0 0 1
0 0 1
0 0 1
0 -1 0
0 -1 0
0 -1 0
0 -1 0
0 -1 0
0 -1 0
0 -1 0
0 -1 0
0 -1 0
0 -1 0
0 -1 0
0 -1 0
0 -1 0
0 -1 0
0 -1 0
0 -1 0
0 -1 0
0 -1 0
0 -1 0
0 -1 0
0 -1 0
0 -1 0
0 -1 0
0 -1 0
0 -1 0
0 -1 0
0 -1 0
0 -1 0
0 -1 0
0 -1 0
0 -1 0
0 -1 0
0 -1 0
0 -1 0
0 -1 0
0 -1 0
0 -1 0
0 -1 0
0 -1 0
0 -1 0
0 -1 0
0 -1 0
0 -1 0
0 -1 0
0 -1 0
0 -1 0
0 -1 0
0 -1 0
0 -1 0
0 -1 0
0 -1 0
0 -1 0
0 -1 0
0 -1 0
0 -1 0
0 -1 0
0 -1 0
0 -1 0
0 -1 0
0 -1 0
0 -1 0
0 -1 0
0 -1 0
0 -1 0
0 1 0
0 1 0
0 1 0
0 1 0
0 1 0
0 1 0
0 1 0
0 1 0
0 1 0
0 1 0
0 1 0
0 1 0
0 1 0
0 1 0
-0.0006439998 0.9999756 0.006969997
0 1 0
0.006788999 0.9998908 0.01313
0 1 0
0.005332999 0.9998869 0.014065
0 1 0
0.006706 0.9999771 -0.0009120001
0 1 0
0.005881 0.999944 -0.008801
0 1 0
0 1 0
0.002065 0.999944 0.010382
0 1 0
-0.004097001 0.9999771 0.005387
0 1 0
-0.013717 0.9998869 -0.006174
0 1 0
-0.014085 0.9998908 -0.004483999
0 1 0
-0.004472998 0.9999756 -0.005383998
0 1 0
0 1 0
0 1 0
0 1 0
0 1 0
0 1 0
0 1 0
0 1 0
0 1 0
0 1 0
0 1 0
0 1 0
0.006969997 0.9999756 0.0006439998
0 1 0
0.01313 0.9998908 -0.006788999
0 1 0
0.014065 0.9998869 -0.005332999
0 1 0
-0.0009120001 0.9999771 -0.006706
0 1 0
-0.008801 0.999944 -0.005881
0 1 0
0 1 0
0 1 0
0 1 0
0 1 0
0 1 0
0 1 0
0 1 0
0 1 0
0 -1 0
0 -1 0
0 -1 0
0 -1 0
0 -1 0
0 -1 0
0 -1 0
0 -1 0
0 -1 0
0 -1 0
0 -1 0
0 -1 0
0 -1 0
0 -1 0
0 -1 0
0 -1 0
0 -1 0
0 -1 0
0 -1 0
0 -1 0
0 -1 0
0 -1 0
0 -1 0
0 -1 0
0 -1 0
0 -1 0
0 -1 0
0 -1 0
0 -1 0
0 -1 0
0 -1 0
0 -1 0
0 -1 0
0 -1 0
0 -1 0
0 -1 0
0 -1 0
0 -1 0
0 -1 0
0 -1 0
0 -1 0
0 -1 0
0 -1 0
0 -1 0
0 -1 0
0 -1 0
0 -1 0
0 -1 0
0 -1 0
0 -1 0
0 -1 0
0 -1 0
0 -1 0
0 -1 0
0 -1 0
0 -1 0
0 -1 0
0 -1 0
0 -1 0
0 -1 0
0 -1 0
0 -1 0
0 -1 0
0 -1 0
-0.07176898 0.9298759 0.3608049
0 0.9298757 0.3678739
0 0.9298757 0.3678739
-0.07176898 0.9298759 0.3608049
0.07176799 0.9298759 0.3608049
-0.140779 0.9298759 0.3398709
0.07176799 0.9298759 0.3608049
-0.140779 0.9298759 0.3398709
0.140779 0.9298759 0.3398709
-0.2043799 0.9298757 0.3058759
0.140779 0.9298759 0.3398709
-0.2043799 0.9298757 0.3058759
0.193607 0.9297979 0.313037
-0.2601259 0.9298759 0.2601259
0.195967 0.9293839 0.312798
-0.2601259 0.9298759 0.2601259
0.260192 0.9303901 0.258214
-0.305876 0.929876 0.204379
0.2600139 0.9303137 0.2586679
-0.305876 0.929876 0.204379
0.313334 0.929296 0.195527
-0.3398709 0.9298759 0.140779
0.311365 0.92983 0.196133
-0.3398709 0.9298759 0.140779
0.3398709 0.9298759 0.140779
-0.358855 0.9298301 0.081481
0.3398709 0.9298759 0.140779
-0.359819 0.929296 0.08330199
0.3608049 0.9298759 0.07176898
-0.3667639 0.9303136 0.0009509996
0.3608049 0.9298759 0.07176898
-0.3665681 0.9303902 0.001399
0.3678739 0.9298757 0
-0.359751 0.929384 -0.082612
0.3678739 0.9298757 0
-0.358251 0.929798 -0.08445
0.3608049 0.9298759 -0.07176799
-0.3398709 0.9298759 -0.140779
0.3608049 0.9298759 -0.07176799
-0.3398709 0.9298759 -0.140779
0.3398709 0.9298759 -0.140779
-0.3058759 0.9298757 -0.2043799
0.3398709 0.9298759 -0.140779
-0.3058759 0.9298757 -0.2043799
0.313037 0.9297979 -0.193607
-0.2601259 0.9298759 -0.2601259
0.312798 0.9293839 -0.195967
-0.2601259 0.9298759 -0.2601259
0.258214 0.9303901 -0.260192
-0.2043799 0.9298757 -0.3058759
0.2586679 0.9303137 -0.2600139
-0.2043799 0.9298757 -0.3058759
0.195527 0.929296 -0.313334
-0.140779 0.9298759 -0.3398709
0.196133 0.92983 -0.311365
-0.140779 0.9298759 -0.3398709
0.140779 0.9298759 -0.3398709
-0.07176898 0.9298759 -0.3608049
0.140779 0.9298759 -0.3398709
-0.07176898 0.9298759 -0.3608049
0.07176898 0.9298759 -0.3608049
0 0.9298757 -0.3678739
0.07176898 0.9298759 -0.3608049
0 0.9298757 -0.3678739
0.172054 0.4713959 -0.8649759
0 0.4713963 -0.8819215
0 0.5527609 -0.8333399
0.1625761 0.5527613 -0.8173273
0.3374969 0.4713969 -0.8147888
-0.162575 0.5527609 -0.8173278
-0.1720529 0.4713968 -0.8649756
0.3189049 0.5527609 -0.7699059
0.4899689 0.4713969 -0.7332909
-0.3189041 0.5527611 -0.7699061
-0.3374949 0.4713969 -0.8147897
0.4629789 0.5527609 -0.6928968
0.6236126 0.4713967 -0.6236126
-0.4629781 0.5527611 -0.6928971
-0.4899678 0.4713968 -0.7332917
0.5892602 0.5527612 -0.5892602
0.7332911 0.4713961 -0.4899691
-0.5892592 0.5527612 -0.5892612
-0.6236109 0.471397 -0.623614
0.6928962 0.5527612 -0.4629792
0.8147888 0.4713969 -0.3374969
-0.6928959 0.552761 -0.4629799
-0.7332897 0.4713968 -0.4899708
0.7699054 0.5527614 -0.3189052
0.8649755 0.4713967 -0.1720539
-0.769905 0.552761 -0.318907
-0.8147885 0.4713967 -0.3374978
0.8173273 0.5527613 -0.1625761
0.8819215 0.4713963 0
-0.8173271 0.5527611 -0.162578
-0.8649749 0.471397 -0.172056
0.8333399 0.5527609 0
0.8649755 0.4713963 0.1720551
-0.8333399 0.5527609 0
-0.8819215 0.4713963 0
0.8173273 0.5527612 0.162577
0.8147892 0.4713961 0.3374971
-0.8173275 0.5527614 0.1625751
-0.8649756 0.4713968 0.1720529
0.7699051 0.5527611 0.3189061
0.7332911 0.4713961 0.4899691
-0.7699061 0.5527611 0.3189041
-0.8147898 0.4713959 0.3374959
0.6928962 0.5527612 0.4629792
0.6236119 0.471397 0.6236129
-0.6928971 0.5527611 0.4629781
-0.7332915 0.4713964 0.4899684
0.5892602 0.5527612 0.5892602
0.4899689 0.4713969 0.7332909
-0.5892612 0.5527612 0.5892592
-0.6236132 0.4713962 0.6236122
0.4629781 0.5527611 0.6928971
0.337496 0.4713971 0.8147891
-0.4629792 0.5527612 0.6928962
-0.4899702 0.4713962 0.7332904
0.3189049 0.5527609 0.7699059
0.1720539 0.4713967 0.8649755
-0.3189061 0.5527611 0.7699051
-0.3374971 0.4713961 0.8147892
0.1625761 0.5527613 0.8173273
0 0.471397 0.8819211
-0.162577 0.5527612 0.8173273
-0.172055 0.471397 0.8649751
0 0.5527609 0.8333399
-0.3945339 0.7040589 0.5904609
-0.27176 0.7040589 0.656085
-0.138542 0.7040592 0.6964962
0 0.7040592 0.7101412
0.138541 0.7040592 0.6964962
0.2717591 0.7040592 0.6560852
-0.5021462 0.7040592 0.5021452
0.3945331 0.7040592 0.5904611
-0.5904611 0.7040592 0.3945331
0.5021459 0.7040589 0.5021459
-0.6560854 0.7040594 0.2717581
0.5904609 0.7040589 0.3945339
-0.6964962 0.7040592 0.138541
0.656085 0.7040589 0.27176
-0.7101412 0.7040592 0
0.6964962 0.7040592 0.138542
-0.6964961 0.7040591 -0.138543
0.7101412 0.7040592 0
-0.656085 0.7040589 -0.27176
0.6964962 0.7040592 -0.138542
-0.5904603 0.7040594 -0.3945342
0.6560852 0.7040592 -0.2717591
-0.5021449 0.7040589 -0.502147
0.5904609 0.7040589 -0.3945339
-0.394532 0.704059 -0.590462
0.5021459 0.7040589 -0.5021459
-0.2717579 0.7040589 -0.6560859
0.3945331 0.7040592 -0.5904611
-0.138541 0.7040592 -0.6964962
0.2717591 0.7040592 -0.6560852
0 0.7040592 -0.7101412
0.138542 0.7040592 -0.6964962
-0.3109938 0.8286445 -0.4654367
-0.2142159 0.8286447 -0.5171648
-0.109206 0.8286449 -0.5490189
0 0.8286448 -0.5597749
0.109207 0.8286448 -0.5490188
0.2142169 0.8286445 -0.5171647
-0.3958199 0.8286449 -0.3958209
0.3109939 0.8286448 -0.4654359
-0.465435 0.8286449 -0.310995
0.3958208 0.8286445 -0.3958208
-0.5171639 0.8286449 -0.214218
0.4654359 0.8286448 -0.3109939
-0.5490187 0.8286447 -0.109208
0.5171647 0.8286445 -0.2142169
-0.5597749 0.8286448 0
0.5490188 0.8286448 -0.109207
-0.5490189 0.8286449 0.109206
0.5597749 0.8286448 0
-0.5171648 0.8286447 0.2142159
0.5490188 0.8286448 0.109207
-0.4654359 0.8286448 0.3109939
0.5171647 0.8286445 0.2142169
-0.3958209 0.8286449 0.3958199
0.4654357 0.8286445 0.3109948
-0.3109948 0.8286445 0.4654357
0.3958208 0.8286445 0.3958208
-0.214217 0.8286449 0.5171639
0.3109939 0.8286448 0.4654359
-0.109207 0.8286448 0.5490188
0.2142159 0.8286447 0.5171648
0 0.8286448 0.5597749
0.109206 0.8286449 0.5490189
-0.148438 0.9217069 0.358361
-0.075673 0.921707 0.380434
0 0.921707 0.387887
0.075673 0.921707 0.380434
0.148438 0.9217069 0.358361
0.215498 0.921707 0.322516
-0.215499 0.921707 0.322516
0.274277 0.921707 0.274278
-0.274278 0.921707 0.274277
0.322516 0.921707 0.215499
-0.322516 0.921707 0.215498
0.358361 0.9217069 0.148438
-0.358361 0.921707 0.148437
0.380434 0.921707 0.075673
-0.380434 0.921707 0.075672
0.387887 0.921707 0
-0.387887 0.921707 0
0.380434 0.921707 -0.075673
-0.3804339 0.9217069 -0.07567399
0.358361 0.9217069 -0.148438
-0.3583601 0.9217072 -0.148438
0.322516 0.921707 -0.215498
-0.322516 0.921707 -0.215499
0.2742771 0.9217072 -0.2742771
-0.274277 0.921707 -0.274278
0.215498 0.921707 -0.322516
-0.215498 0.9217069 -0.322517
0.148438 0.9217069 -0.358361
-0.148437 0.921707 -0.358361
0.075673 0.921707 -0.380434
-0.075672 0.921707 -0.380434
0 0.921707 -0.387887
-0.1421059 0.9795976 -0.142107
-0.111652 0.9795976 -0.1670999
0 1 0
-0.1670989 0.9795976 -0.111653
-0.07690697 0.9795976 -0.1856709
-0.1856709 0.9795976 -0.07690797
-0.03920699 0.9795976 -0.1971069
-0.1971069 0.9795976 -0.03920699
0 0.9795976 -0.2009689
-0.2009689 0.9795976 0
0.03920699 0.9795976 -0.1971069
-0.1971069 0.9795976 0.03920699
0.07690697 0.9795976 -0.1856709
-0.1856709 0.9795976 0.07690697
0.111652 0.9795976 -0.1670999
-0.1670999 0.9795976 0.111652
0.142106 0.9795977 -0.142106
-0.142107 0.9795976 0.1421059
0.167099 0.9795977 -0.111652
-0.111653 0.9795976 0.1670989
0.1856709 0.9795976 -0.07690697
-0.07690797 0.9795976 0.1856709
0.1971069 0.9795976 -0.03920699
-0.03920699 0.9795976 0.1971069
0.2009689 0.9795976 0
0 0.9795976 0.2009689
0.1971069 0.9795976 0.03920699
0.03920699 0.9795976 0.1971069
0.1856709 0.9795976 0.07690797
0.07690697 0.9795976 0.1856709
0.167099 0.9795977 0.111652
0.111652 0.9795976 0.1670999
0.1421059 0.9795976 0.142107
4
-8.072832 -3.772598 -6.23352 -1
-8.072396 -3.772598 -6.23352 -1
-8.072618 -3.819586 -6.234624 -1
-8.072412 -3.866573 -6.23352 -1
-8.072631 -3.819586 -6.234624 -1
-8.072848 -3.866573 -6.23352 -1
-7.072618 -3.819586 -5.234624 -1
-7.089265 -3.857209 -5.05686 -1
-7.089265 -3.857209 -5.05686 -1
-7.072618 -3.819586 -5.234624 -1
-7.091833 -3.819586 -5.429713 -1
-7.091833 -3.819586 -5.429713 -1
-7.148738 -3.819586 -5.617306 -1
-7.148738 -3.819586 -5.617306 -1
-7.241148 -3.819586 -5.790193 -1
-7.241148 -3.819586 -5.790193 -1
-7.365511 -3.819586 -5.94173 -1
-7.365511 -3.819586 -5.94173 -1
-7.517048 -3.819586 -6.066093 -1
-7.517048 -3.819586 -6.066093 -1
-7.689936 -3.819586 -6.158504 -1
-7.689936 -3.819586 -6.158504 -1
-7.877529 -3.819586 -6.215409 -1
-7.877529 -3.819586 -6.215409 -1
-8.072618 -3.819586 -6.234624 -1
-8.072618 -3.819586 -6.234624 -1
-8.267708 -3.819586 -6.215409 -1
-8.267708 -3.819586 -6.215409 -1
-8.4553 -3.819586 -6.158504 -1
-8.4553 -3.819586 -6.158504 -1
-8.628188 -3.819586 -6.066094 -1
-8.628188 -3.819586 -6.066094 -1
-8.779724 -3.819586 -5.941731 -1
-8.779725 -3.819586 -5.941731 -1
-8.904087 -3.819586 -5.790195 -1
-8.904087 -3.819586 -5.790195 -1
-8.996498 -3.819586 -5.617308 -1
-8.996498 -3.819586 -5.617308 -1
-9.053404 -3.819586 -5.429715 -1
-9.053404 -3.819586 -5.429716 -1
-9.072618 -3.819586 -5.234624 -1
-9.072618 -3.819586 -5.234624 -1
-9.053404 -3.819586 -5.039534 -1
-9.053404 -3.819586 -5.039534 -1
-8.996498 -3.819586 -4.85194 -1
-8.996498 -3.819586 -4.85194 -1
-8.904088 -3.819586 -4.679053 -1
-8.904088 -3.819586 -4.679054 -1
-8.779725 -3.819586 -4.527517 -1
-8.779725 -3.819586 -4.527517 -1
-8.62819 -3.819586 -4.403155 -1
-8.62819 -3.819586 -4.403155 -1
-8.455303 -3.819586 -4.310745 -1
-8.455303 -3.819586 -4.310745 -1
-8.26771 -3.819586 -4.253839 -1
-8.26771 -3.819586 -4.253839 -1
-8.072618 -3.819586 -4.234624 -1
-8.072618 -3.819586 -4.234624 -1
-7.877529 -3.819586 -4.253839 -1
-7.877529 -3.819586 -4.253839 -1
-7.689936 -3.819586 -4.310744 -1
-7.689936 -3.819586 -4.310744 -1
-7.517049 -3.819586 -4.403153 -1
-7.517049 -3.819586 -4.403153 -1
-7.365512 -3.819586 -4.527517 -1
-7.365512 -3.819586 -4.527517 -1
-7.241149 -3.819586 -4.679053 -1
-7.241149 -3.819586 -4.679053 -1
-7.148739 -3.819586 -4.851941 -1
-7.148739 -3.819586 -4.851941 -1
-7.096091 -3.781963 -5.022543 -1
-7.096091 -3.781963 -5.022543 -1
9.053417 3.822582 5.429624 1
9.053417 3.822582 5.429624 1
9.072618 3.819586 5.234624 1
9.072618 3.819586 5.234624 1
9.053404 3.819586 5.039535 1
9.053404 3.819586 5.039534 1
8.996498 3.819586 4.851941 1
8.996498 3.819586 4.851942 1
8.904811 3.819567 4.680136 1
8.904157 3.819586 4.679156 1
8.779638 3.819586 4.52743 1
8.779639 3.819586 4.527431 1
8.627203 3.819608 4.402496 1
8.628189 3.819586 4.403154 1
8.455301 3.819586 4.310744 1
8.455301 3.819586 4.310744 1
8.267709 3.819586 4.253839 1
8.267709 3.819586 4.253839 1
8.072618 3.819586 4.234624 1
8.072618 3.819586 4.234624 1
7.877529 3.819586 4.253839 1
7.877529 3.819586 4.253839 1
7.689935 3.819586 4.310744 1
7.689936 3.819586 4.310744 1
7.518131 3.819567 4.402432 1
7.517151 3.819586 4.403086 1
7.365425 3.819586 4.527604 1
7.365426 3.819586 4.527603 1
7.240491 3.819608 4.680039 1
7.241149 3.819586 4.679053 1
7.148739 3.819586 4.85194 1
7.148739 3.819586 4.85194 1
7.091833 3.819586 5.039533 1
7.091833 3.819586 5.039533 1
7.072618 3.819586 5.234624 1
7.072618 3.819586 5.234624 1
7.091833 3.819586 5.429714 1
7.091833 3.819586 5.429714 1
7.148739 3.819586 5.617307 1
7.148739 3.819586 5.617307 1
7.241149 3.819586 5.790195 1
7.241149 3.819586 5.790195 1
7.365511 3.819586 5.94173 1
7.365512 3.819586 5.94173 1
7.517048 3.819586 6.066093 1
7.517048 3.819586 6.066093 1
7.689934 3.819586 6.158503 1
7.689934 3.819586 6.158503 1
7.876252 3.819567 6.215155 1
7.877407 3.819586 6.215385 1
8.072742 3.819586 6.234624 1
8.072741 3.819586 6.234624 1
8.26887 3.819608 6.215178 1
8.267708 3.819586 6.215409 1
8.455301 3.819586 6.158504 1
8.4553 3.819586 6.158504 1
8.628188 3.819586 6.066094 1
8.628188 3.819586 6.066094 1
8.779725 3.819586 5.941731 1
8.779725 3.819586 5.941731 1
8.904088 3.819586 5.790194 1
8.904088 3.819586 5.790195 1
8.996498 3.819586 5.617308 1
8.996498 3.819586 5.617307 1
9.053382 3.81659 5.429803 1
9.053382 3.81659 5.429803 1
-9.072618 -3.819586 -5.234624 -1
-9.072618 -3.819586 -5.234639 -1
-9.072618 -3.819586 -5.234702 -1
-9.072618 -3.819586 -5.234624 -1
-9.072618 -3.819586 -5.234691 -1
-9.072618 -3.819586 -5.234606 -1
-9.072618 -3.819586 -5.234624 -1
-9.072618 -3.819586 -5.234624 -1
-9.072618 -3.819586 -5.234624 -1
-9.072618 -3.819586 -5.234582 -1
-9.072618 -3.819586 -5.234624 -1
-9.072618 -3.819586 -5.234624 -1
-9.072618 -3.819586 -5.234663 -1
-9.072618 -3.819586 -5.234654 -1
-9.072618 -3.819586 -5.234391 -1
-9.072618 -3.819586 -5.234257 -1
-9.072618 -3.819586 -5.234437 -1
-9.072618 -3.819586 -5.2346 -1
-9.072618 -3.819586 -5.234649 -1
-9.072618 -3.819586 -5.234534 -1
-9.072618 -3.819586 -5.234641 -1
-9.072618 -3.819586 -5.234648 -1
-9.072618 -3.819586 -5.234714 -1
-9.072618 -3.819586 -5.234597 -1
-9.072618 -3.819586 -5.234624 -1
-9.072618 -3.819586 -5.234593 -1
-9.072618 -3.819586 -5.23486 -1
-9.072618 -3.819586 -5.234991 -1
-9.072618 -3.819586 -5.234812 -1
-9.072618 -3.819586 -5.234608 -1
-9.072618 -3.819586 -5.234557 -1
-9.072618 -3.819586 -5.234549 -1
-7.09024 -3.749099 -5.061524 -1
-7.089539 -3.755081 -5.063181 -1
-7.089959 -3.750762 -5.062449 -1
-7.088549 -3.770895 -5.063639 -1
-7.089025 -3.761886 -5.063699 -1
-7.089023 -3.779215 -5.058815 -1
-7.089943 -3.760166 -5.059074 -1
-7.089559 -3.768728 -5.058534 -1
-7.090227 -3.753896 -5.05972 -1
-7.088951 -3.772509 -5.060894 -1
-7.089185 -3.774138 -5.059145 -1
-7.087791 -3.823184 -5.061126 -1
-7.088105 -3.804361 -5.059979 -1
-7.088551 -3.791259 -5.059101 -1
-7.087828 -3.81805 -5.060888 -1
-7.087838 -3.794088 -5.062702 -1
-7.088108 -3.781778 -5.063423 -1
-7.087811 -3.819586 -5.060972 -1
-7.087818 -3.819586 -5.060934 -1
-7.087774 -3.806886 -5.061647 -1
-7.087796 -3.815986 -5.061096 -1
-7.087833 -3.821118 -5.060853 -1
-7.088524 -3.847923 -5.05925 -1
-7.0881 -3.834812 -5.060006 -1
-7.089048 -3.877291 -5.063569 -1
-7.088127 -3.857401 -5.063315 -1
-7.088521 -3.868268 -5.063792 -1
-7.087848 -3.845087 -5.062645 -1
-7.087794 -3.832291 -5.061532 -1
-7.090231 -3.885274 -5.059692 -1
-7.089964 -3.88841 -5.062424 -1
-7.089548 -3.884092 -5.063126 -1
-7.090228 -3.890072 -5.061591 -1
-7.08895 -3.866663 -5.060898 -1
-7.088735 -3.865067 -5.061696 -1
-7.089533 -3.87045 -5.058683 -1
-7.089024 -3.859957 -5.058806 -1
-7.089919 -3.879011 -5.059211 -1
-9.069552 -3.877033 -5.181497 -1
-9.071106 -3.833651 -5.181478 -1
-9.071037 -3.837807 -5.18145 -1
-9.070224 -3.863958 -5.181569 -1
-9.06231 -3.952725 -5.181862 -1
-9.07089 -3.844588 -5.181454 -1
-9.071172 -3.827504 -5.181438 -1
-9.07121 -3.821718 -5.181608 -1
-9.071185 -3.829712 -5.182066 -1
-9.069506 -3.87787 -5.181529 -1
-9.070998 -3.843208 -5.182849 -1
-9.065888 -3.922714 -5.181898 -1
-9.05067 -4.021316 -5.182457 -1
-9.067226 -3.908743 -5.181662 -1
-9.07065 -3.855766 -5.183401 -1
-9.058835 -3.976556 -5.182304 -1
-9.036753 -4.079974 -5.183206 -1
-9.064415 -3.935994 -5.181818 -1
-9.070198 -3.866896 -5.18367 -1
-9.050273 -4.023294 -5.182714 -1
-9.022845 -4.127 -5.183972 -1
-9.061506 -3.958612 -5.181968 -1
-9.069713 -3.87618 -5.183638 -1
-9.041574 -4.061396 -5.18311 -1
-9.010969 -4.161635 -5.184628 -1
-9.058941 -3.975823 -5.182102 -1
-9.069265 -3.883277 -5.183258 -1
-9.034029 -4.089904 -5.183458 -1
-9.002651 -4.183707 -5.18508 -1
-9.057097 -3.987077 -5.182198 -1
-9.068924 -3.887934 -5.182615 -1
-9.028679 -4.108299 -5.183705 -1
-8.999533 -4.191596 -5.185246 -1
-9.026659 -4.114922 -5.183805 -1
-9.056396 -3.991159 -5.18223 -1
-9.070147 -3.866266 -5.182098 -1
-8.999994 -4.190443 -5.185233 -1
-9.025779 -4.11776 -5.183856 -1
-8.998175 -4.194971 -5.185318 -1
-9.026958 -4.113951 -5.183793 -1
-9.005946 -4.175156 -5.184924 -1
-9.056499 -3.99056 -5.182226 -1
-9.056088 -3.992914 -5.182247 -1
-9.070083 -3.866754 -5.181332 -1
-9.068735 -3.889378 -5.180955 -1
-9.057831 -3.982688 -5.182149 -1
-9.068915 -3.886117 -5.180163 -1
-9.030802 -4.10115 -5.183571 -1
-9.016048 -4.147332 -5.1844 -1
-9.060045 -3.968652 -5.182022 -1
-9.069255 -3.880316 -5.179605 -1
-9.037261 -4.07808 -5.183185 -1
-9.029079 -4.106975 -5.183727 -1
-9.06282 -3.948882 -5.181876 -1
-9.069702 -3.872181 -5.179333 -1
-9.045474 -4.045093 -5.182676 -1
-9.043266 -4.054481 -5.182984 -1
-9.065741 -3.924031 -5.18172 -1
-9.070189 -3.862005 -5.179373 -1
-9.054275 -4.002883 -5.182148 -1
-9.056428 -3.990991 -5.18229 -1
-9.068359 -3.894987 -5.18157 -1
-9.070642 -3.850165 -5.179738 -1
-9.062311 -3.95266 -5.181714 -1
-9.066286 -3.918722 -5.181748 -1
-9.070268 -3.862849 -5.181475 -1
-9.070993 -3.837112 -5.18039 -1
-9.068255 -3.896262 -5.181448 -1
-9.069343 -3.88061 -5.18154 -1
-9.070086 -3.866728 -5.181378 -1
-9.07085 -3.846146 -5.181446 -1
-9.071146 -3.826741 -5.180854 -1
-7.076001 -3.901341 -5.226257 -1
-7.073584 -3.862693 -5.226178 -1
-7.073209 -3.852868 -5.226109 -1
-7.074654 -3.882779 -5.226086 -1
-7.084832 -3.975178 -5.22636 -1
-7.073289 -3.855217 -5.226189 -1
-7.07283 -3.83833 -5.226183 -1
-7.072756 -3.833866 -5.226241 -1
-7.073023 -3.846751 -5.226194 -1
-7.074989 -3.887882 -5.226213 -1
-7.074013 -3.871695 -5.226205 -1
-7.079963 -3.94026 -5.226066 -1
-7.097452 -4.040906 -5.226465 -1
-7.077483 -3.917739 -5.226229 -1
-7.075468 -3.894551 -5.226231 -1
-7.087645 -3.992079 -5.226123 -1
-7.111626 -4.096044 -5.226573 -1
-7.080378 -3.943633 -5.226255 -1
-7.077163 -3.914443 -5.226248 -1
-7.096406 -4.036242 -5.226247 -1
-7.125113 -4.139226 -5.226661 -1
-7.083228 -3.964626 -5.226285 -1
-7.078838 -3.93063 -5.226258 -1
-7.104881 -4.071414 -5.226377 -1
-7.136025 -4.169915 -5.226753 -1
-7.085607 -3.980017 -5.2263 -1
-7.080241 -3.942535 -5.226267 -1
-7.11184 -4.096785 -5.226491 -1
-7.143012 -4.188056 -5.226781 -1
-7.087164 -3.989322 -5.226319 -1
-7.081161 -3.949752 -5.226264 -1
-7.116344 -4.111946 -5.226553 -1
-7.145389 -4.193997 -5.22679 -1
-7.117886 -4.11694 -5.226571 -1
-7.0877 -3.992407 -5.226332 -1
-7.081479 -3.952148 -5.226253 -1
-7.14259 -4.186988 -5.226774 -1
-7.145173 -4.193462 -5.22679 -1
-7.117745 -4.116491 -5.226577 -1
-7.116071 -4.11105 -5.226563 -1
-7.135228 -4.167777 -5.226722 -1
-7.087069 -3.98877 -5.226321 -1
-7.087651 -3.992129 -5.226327 -1
-7.08145 -3.951931 -5.226253 -1
-7.081105 -3.949324 -5.226272 -1
-7.08543 -3.978929 -5.226307 -1
-7.080137 -3.941694 -5.226275 -1
-7.111327 -4.095002 -5.22655 -1
-7.124033 -4.136006 -5.226605 -1
-7.082996 -3.963036 -5.22629 -1
-7.078702 -3.929402 -5.226245 -1
-7.104196 -4.068769 -5.226548 -1
-7.110407 -4.091769 -5.22647 -1
-7.080124 -3.941591 -5.226271 -1
-7.077014 -3.912873 -5.226239 -1
-7.095644 -4.03279 -5.226546 -1
-7.096274 -4.03565 -5.226324 -1
-7.077246 -3.915315 -5.22623 -1
-7.07533 -3.892694 -5.226215 -1
-7.086919 -3.987903 -5.226505 -1
-7.083896 -3.969109 -5.226218 -1
-7.074807 -3.88517 -5.226212 -1
-7.073906 -3.869622 -5.226211 -1
-7.079394 -3.935512 -5.226426 -1
-7.075481 -3.894732 -5.226185 -1
-7.07319 -3.852325 -5.226219 -1
-7.072966 -3.844544 -5.226206 -1
-7.074341 -3.877661 -5.226329 -1
-7.073314 -3.855901 -5.22621 -1
-7.073047 -3.847627 -5.226285 -1
-7.072779 -3.835377 -5.226215 -1
-7.072726 -3.831621 -5.2262 -1
-9.066286 -3.720449 -5.181746 -1
-9.069343 -3.758561 -5.18154 -1
-9.070086 -3.772444 -5.181378 -1
-9.068255 -3.742909 -5.181446 -1
-9.056429 -3.648184 -5.182299 -1
-9.070268 -3.776323 -5.181472 -1
-9.07085 -3.793024 -5.181441 -1
-9.071143 -3.812428 -5.180806 -1
-9.070992 -3.802059 -5.180369 -1
-9.06836 -3.744187 -5.18158 -1
-9.070643 -3.789008 -5.179745 -1
-9.062312 -3.686515 -5.181724 -1
-9.043267 -3.584694 -5.182991 -1
-9.065742 -3.715141 -5.181723 -1
-9.070189 -3.777167 -5.17938 -1
-9.054276 -3.636291 -5.182159 -1
-9.029078 -3.532196 -5.183719 -1
-9.06282 -3.690289 -5.181873 -1
-9.069701 -3.76699 -5.179313 -1
-9.045474 -3.594079 -5.182673 -1
-9.016047 -3.491839 -5.184391 -1
-9.060046 -3.670521 -5.182029 -1
-9.069255 -3.758856 -5.179598 -1
-9.037261 -3.561092 -5.18318 -1
-9.005945 -3.464015 -5.184913 -1
-9.057832 -3.656484 -5.182156 -1
-9.068916 -3.753056 -5.180181 -1
-9.030802 -3.538022 -5.183572 -1
-8.999993 -3.448728 -5.185228 -1
-9.056499 -3.648612 -5.182223 -1
-9.068734 -3.749793 -5.180941 -1
-9.026959 -3.525221 -5.183798 -1
-8.998176 -3.444202 -5.185318 -1
-9.025779 -3.52141 -5.183859 -1
-9.056088 -3.646257 -5.182237 -1
-9.070082 -3.772418 -5.181306 -1
-9.002651 -3.455464 -5.185079 -1
-8.999533 -3.447574 -5.185256 -1
-9.02666 -3.52425 -5.183815 -1
-9.028679 -3.530873 -5.183708 -1
-9.010969 -3.477535 -5.184637 -1
-9.057096 -3.652095 -5.18218 -1
-9.056396 -3.648013 -5.18222 -1
-9.070147 -3.772905 -5.182095 -1
-9.068924 -3.751238 -5.182617 -1
-9.05894 -3.66335 -5.182092 -1
-9.069266 -3.755894 -5.18328 -1
-9.034029 -3.549267 -5.18346 -1
-9.022845 -3.512168 -5.183989 -1
-9.061505 -3.680561 -5.181952 -1
-9.069714 -3.762991 -5.183645 -1
-9.041574 -3.577774 -5.183115 -1
-9.036752 -3.559193 -5.18322 -1
-9.064415 -3.70318 -5.181802 -1
-9.0702 -3.772274 -5.183705 -1
-9.050273 -3.615877 -5.182712 -1
-9.050669 -3.617852 -5.182465 -1
-9.067226 -3.730429 -5.181658 -1
-9.070651 -3.783405 -5.183412 -1
-9.058835 -3.662619 -5.18229 -1
-9.06231 -3.68645 -5.181852 -1
-9.069507 -3.7613 -5.181543 -1
-9.070997 -3.795963 -5.182835 -1
-9.065887 -3.716458 -5.181893 -1
-9.069552 -3.762137 -5.181501 -1
-9.070891 -3.794581 -5.181469 -1
-9.071186 -3.809458 -5.182085 -1
-9.070224 -3.775209 -5.181581 -1
-9.071037 -3.801365 -5.18145 -1
-9.071106 -3.805521 -5.181477 -1
-9.071172 -3.811667 -5.181438 -1
-9.071212 -3.817451 -5.181648 -1
-7.075481 -3.744439 -5.226185 -1
-7.073047 -3.791544 -5.226285 -1
-7.073314 -3.783271 -5.22621 -1
-7.074341 -3.761511 -5.226329 -1
-7.083896 -3.670062 -5.22622 -1
-7.07319 -3.786847 -5.226217 -1
-7.072779 -3.803795 -5.226216 -1
-7.072726 -3.807551 -5.226198 -1
-7.072966 -3.79463 -5.226184 -1
-7.074807 -3.753999 -5.22623 -1
-7.073906 -3.76955 -5.226214 -1
-7.079394 -3.70366 -5.226429 -1
-7.096274 -3.603522 -5.226326 -1
-7.077246 -3.723858 -5.226223 -1
-7.07533 -3.746476 -5.226231 -1
-7.086919 -3.651268 -5.226506 -1
-7.110407 -3.547406 -5.226464 -1
-7.080124 -3.697581 -5.226265 -1
-7.077014 -3.726303 -5.226195 -1
-7.095644 -3.606382 -5.226548 -1
-7.124033 -3.503167 -5.2266 -1
-7.082996 -3.676134 -5.226301 -1
-7.078702 -3.70977 -5.226244 -1
-7.104195 -3.570405 -5.226539 -1
-7.135228 -3.471396 -5.226716 -1
-7.08543 -3.660243 -5.226303 -1
-7.080137 -3.69748 -5.226246 -1
-7.111328 -3.544169 -5.226557 -1
-7.142589 -3.452184 -5.226769 -1
-7.087069 -3.650401 -5.226324 -1
-7.081105 -3.689848 -5.226267 -1
-7.116071 -3.528122 -5.226569 -1
-7.145173 -3.44571 -5.226803 -1
-7.117745 -3.522681 -5.22658 -1
-7.087651 -3.647043 -5.226327 -1
-7.08145 -3.68724 -5.226288 -1
-7.143012 -3.451116 -5.226785 -1
-7.117885 -3.522231 -5.226579 -1
-7.145389 -3.445174 -5.226805 -1
-7.116344 -3.527226 -5.226557 -1
-7.136024 -3.469257 -5.226754 -1
-7.087164 -3.64985 -5.226317 -1
-7.0877 -3.646765 -5.226324 -1
-7.081479 -3.687024 -5.226289 -1
-7.081161 -3.68942 -5.226277 -1
-7.085607 -3.659155 -5.226302 -1
-7.080241 -3.696636 -5.226268 -1
-7.11184 -3.542387 -5.226492 -1
-7.125113 -3.499946 -5.226662 -1
-7.083228 -3.674545 -5.226287 -1
-7.078838 -3.708542 -5.226261 -1
-7.104881 -3.567759 -5.226379 -1
-7.111627 -3.543127 -5.226568 -1
-7.080378 -3.695538 -5.226249 -1
-7.077163 -3.724727 -5.226226 -1
-7.096406 -3.602929 -5.226249 -1
-7.09745 -3.598269 -5.226481 -1
-7.077483 -3.721432 -5.226223 -1
-7.075468 -3.744618 -5.226207 -1
-7.087644 -3.647095 -5.22613 -1
-7.084832 -3.663994 -5.226365 -1
-7.074989 -3.751289 -5.226209 -1
-7.074012 -3.767478 -5.226214 -1
-7.079963 -3.69891 -5.226067 -1
-7.076001 -3.737833 -5.226264 -1
-7.073289 -3.783955 -5.226193 -1
-7.073023 -3.792421 -5.226199 -1
-7.074654 -3.756393 -5.226089 -1
-7.073583 -3.77649 -5.226204 -1
-7.073209 -3.786305 -5.226113 -1
-7.07283 -3.800841 -5.226177 -1
-7.072756 -3.805295 -5.226168 -1
-7.141138 -3.455796 -5.234624 -1
-7.114611 -3.532844 -5.234624 -1
-7.141138 -3.455796 -5.234624 -1
-7.114611 -3.532843 -5.234624 -1
-7.087212 -3.649368 -5.234624 -1
-7.087212 -3.649368 -5.234624 -1
-7.081422 -3.68719 -5.234624 -1
-7.081422 -3.68719 -5.234624 -1
-8.072618 -3.989804 -6.22003 -1
-8.072618 -3.951982 -6.225821 -1
-8.072618 -3.951982 -6.225821 -1
-8.072618 -3.989804 -6.22003 -1
-8.072618 -4.106328 -6.192632 -1
-8.072618 -4.106328 -6.192632 -1
-8.072618 -4.183376 -6.166105 -1
-8.072618 -4.183376 -6.166105 -1
-7.114611 -4.106328 -5.234624 -1
-7.141139 -4.183379 -5.234624 -1
-7.141139 -4.183379 -5.234624 -1
-7.11461 -4.106326 -5.234624 -1
-7.087212 -3.989804 -5.234624 -1
-7.087212 -3.989803 -5.234624 -1
-7.081422 -3.951982 -5.234624 -1
-7.081422 -3.951982 -5.234624 -1
-8.072618 -3.951982 -4.243427 -1
-8.072618 -3.989804 -4.249218 -1
-8.072618 -3.951982 -4.243427 -1
-8.072618 -3.989804 -4.249218 -1
-8.072618 -4.106328 -4.276616 -1
-8.072618 -4.106328 -4.276616 -1
-8.072618 -4.183376 -4.303143 -1
-8.072618 -4.183376 -4.303143 -1
-8.072618 -3.532844 -6.192632 -1
-8.072618 -3.455796 -6.166105 -1
-8.072618 -3.455796 -6.166105 -1
-8.072618 -3.532844 -6.192632 -1
-8.072618 -3.649368 -6.22003 -1
-8.072618 -3.649368 -6.22003 -1
-8.072618 -3.68719 -6.225821 -1
-8.072618 -3.68719 -6.225821 -1
-8.072618 -3.455796 -4.303143 -1
-8.072618 -3.532844 -4.276616 -1
-8.072618 -3.455796 -4.303143 -1
-8.072618 -3.532844 -4.276616 -1
-8.072618 -3.649368 -4.249218 -1
-8.072618 -3.649368 -4.249218 -1
-8.072618 -3.68719 -4.243427 -1
-8.072618 -3.68719 -4.243427 -1
-7.114611 -4.106328 -5.234624 -1
-7.141138 -4.183376 -5.234624 -1
-7.141138 -4.183376 -5.234624 -1
-7.114611 -4.106328 -5.234624 -1
-7.087212 -3.989804 -5.234624 -1
-7.087212 -3.989804 -5.234624 -1
-7.081422 -3.951982 -5.234624 -1
-7.081422 -3.951982 -5.234624 -1
-7.141137 -3.455798 -5.234624 -1
-7.114611 -3.532844 -5.234624 -1
-7.141136 -3.455799 -5.234624 -1
-7.114612 -3.532841 -5.234624 -1
-7.087212 -3.649368 -5.234624 -1
-7.087212 -3.649368 -5.234624 -1
-7.081422 -3.68719 -5.234624 -1
-7.081422 -3.68719 -5.234624 -1
8.055132 3.819586 6.234471 1
8.055132 3.819586 6.234471 1
-7.072618 -3.819586 -5.234624 -1
8.055132 3.819586 6.234471 1
-7.072618 -3.819586 -5.234624 -1
-7.088504 -3.778152 -5.407257 -1
-7.088504 -3.778152 -5.407257 -1
-7.072618 -3.819586 -5.234624 -1
-7.091833 -3.819586 -5.039533 -1
-7.091833 -3.819586 -5.039533 -1
-7.148739 -3.819586 -4.85194 -1
-7.148739 -3.819586 -4.85194 -1
-7.241149 -3.819586 -4.679053 -1
-7.241149 -3.819586 -4.679053 -1
-7.365512 -3.819586 -4.527516 -1
-7.365512 -3.819586 -4.527516 -1
-7.517049 -3.819586 -4.403153 -1
-7.517049 -3.819586 -4.403153 -1
-7.689936 -3.819586 -4.310744 -1
-7.689936 -3.819586 -4.310744 -1
-7.877529 -3.819586 -4.253839 -1
-7.87753 -3.819586 -4.253839 -1
-8.072618 -3.819586 -4.234624 -1
-8.072618 -3.819586 -4.234624 -1
-8.267708 -3.819586 -4.253839 -1
-8.267708 -3.819586 -4.253839 -1
-8.455301 -3.819586 -4.310744 -1
-8.455301 -3.819586 -4.310744 -1
-8.628188 -3.819586 -4.403154 -1
-8.628188 -3.819586 -4.403154 -1
-8.779725 -3.819586 -4.527517 -1
-8.779725 -3.819586 -4.527517 -1
-8.904088 -3.819586 -4.679054 -1
-8.904088 -3.819586 -4.679054 -1
-8.996498 -3.819586 -4.85194 -1
-8.996498 -3.819586 -4.85194 -1
-9.053404 -3.819586 -5.039533 -1
-9.053404 -3.819586 -5.039533 -1
-9.072618 -3.819586 -5.234624 -1
-9.072618 -3.819586 -5.234624 -1
-9.053404 -3.819586 -5.429714 -1
-9.053404 -3.819586 -5.429714 -1
-8.996498 -3.819586 -5.617307 -1
-8.996498 -3.819586 -5.617307 -1
-8.904088 -3.819586 -5.790194 -1
-8.904088 -3.819586 -5.790195 -1
-8.779725 -3.819586 -5.94173 -1
-8.779725 -3.819586 -5.94173 -1
-8.628189 -3.819586 -6.066093 -1
-8.628189 -3.819586 -6.066093 -1
-8.455302 -3.819586 -6.158504 -1
-8.455302 -3.819586 -6.158504 -1
-8.26771 -3.819586 -6.215409 -1
-8.26771 -3.819586 -6.215409 -1
-8.072618 -3.819586 -6.234624 -1
-8.072618 -3.819586 -6.234624 -1
-7.87753 -3.819586 -6.21541 -1
-7.87753 -3.819586 -6.215409 -1
-7.689937 -3.819586 -6.158504 -1
-7.689937 -3.819586 -6.158504 -1
-7.51705 -3.819586 -6.066095 -1
-7.51705 -3.819586 -6.066095 -1
-7.365513 -3.819586 -5.941732 -1
-7.365513 -3.819586 -5.941732 -1
-7.24115 -3.819586 -5.790195 -1
-7.241149 -3.819586 -5.790195 -1
-7.14874 -3.819586 -5.617309 -1
-7.14874 -3.819586 -5.61731 -1
-7.097352 -3.861019 -5.451739 -1
-7.097353 -3.86102 -5.451739 -1
9.072618 3.819586 5.234624 1
9.053404 3.819586 5.039533 1
9.053404 3.819586 5.039533 1
9.072618 3.819586 5.234624 1
9.053404 3.819586 5.429715 1
9.053404 3.819586 5.429715 1
8.996498 3.819586 5.617308 1
8.996498 3.819586 5.617308 1
8.904087 3.819586 5.790195 1
8.904087 3.819586 5.790195 1
8.779725 3.819586 5.941731 1
8.779725 3.819586 5.941731 1
8.628187 3.819586 6.066094 1
8.628187 3.819586 6.066094 1
8.455301 3.819586 6.158504 1
8.455301 3.819586 6.158504 1
8.267708 3.819586 6.215409 1
8.267708 3.819586 6.215409 1
8.072618 3.819586 6.234624 1
8.072618 3.819586 6.234624 1
7.877529 3.819586 6.215409 1
7.877529 3.819586 6.215409 1
7.689936 3.819586 6.158504 1
7.689936 3.819586 6.158504 1
7.517048 3.819586 6.066093 1
7.517049 3.819586 6.066094 1
7.365512 3.819586 5.94173 1
7.365512 3.819586 5.94173 1
7.241148 3.819586 5.790194 1
7.241148 3.819586 5.790194 1
7.148739 3.819586 5.617308 1
7.148739 3.819586 5.617308 1
7.091833 3.819586 5.429715 1
7.091833 3.819586 5.429715 1
7.072618 3.819586 5.234624 1
7.072618 3.819586 5.234624 1
7.091833 3.819586 5.039534 1
7.091833 3.819586 5.039534 1
7.148739 3.819586 4.851941 1
7.148739 3.819586 4.851941 1
7.241148 3.819586 4.679054 1
7.241148 3.819586 4.679054 1
7.365512 3.819586 4.527517 1
7.365511 3.819586 4.527518 1
7.517048 3.819586 4.403154 1
7.517048 3.819586 4.403154 1
7.689936 3.819586 4.310744 1
7.689936 3.819586 4.310744 1
7.877527 3.819586 4.253839 1
7.877527 3.819586 4.253839 1
8.072618 3.819586 4.234624 1
8.072618 3.819586 4.234624 1
8.267708 3.819586 4.253839 1
8.267708 3.819586 4.253839 1
8.4553 3.819586 4.310744 1
8.4553 3.819586 4.310744 1
8.628187 3.819586 4.403153 1
8.628187 3.819586 4.403153 1
8.779724 3.819586 4.527516 1
8.779724 3.819586 4.527515 1
8.904087 3.819586 4.679053 1
8.904087 3.819586 4.679053 1
8.996497 3.819586 4.851939 1
8.996497 3.819586 4.851939 1
9.053404 3.819586 5.039533 1
9.053404 3.819586 5.039533 1
-8.267708 -3.819586 -4.253839 -1
-8.072618 -3.819572 -4.234624 -1
-8.123077 -3.806123 -4.235989 -1
-8.072618 -3.819586 -4.234624 -1
-8.022164 -3.833039 -4.235988 -1
-8.267708 -3.819586 -4.253839 -1
-7.877529 -3.819586 -4.253839 -1
-8.455301 -3.819586 -4.310744 -1
-7.877529 -3.819586 -4.253839 -1
-8.455301 -3.819586 -4.310744 -1
-7.689936 -3.819586 -4.310744 -1
-8.628189 -3.819586 -4.403154 -1
-7.689936 -3.819586 -4.310744 -1
-8.628189 -3.819586 -4.403154 -1
-7.517049 -3.819586 -4.403154 -1
-8.779725 -3.819586 -4.527517 -1
-7.517049 -3.819586 -4.403154 -1
-8.779725 -3.819586 -4.527517 -1
-7.365512 -3.819586 -4.527516 -1
-8.904088 -3.819586 -4.679053 -1
-7.365512 -3.819586 -4.527516 -1
-8.904088 -3.819586 -4.679053 -1
-7.24115 -3.819586 -4.679052 -1
-8.996498 -3.819586 -4.85194 -1
-7.24115 -3.819586 -4.679052 -1
-8.996498 -3.819586 -4.85194 -1
-7.148739 -3.819586 -4.85194 -1
-9.053404 -3.819586 -5.039533 -1
-7.148739 -3.819586 -4.85194 -1
-9.053404 -3.819586 -5.039533 -1
-7.091833 -3.819586 -5.039533 -1
-9.071254 -3.833039 -5.184168 -1
-9.072618 -3.819586 -5.234624 -1
-7.091833 -3.819586 -5.039534 -1
-9.072618 -3.819572 -5.234624 -1
-9.053404 -3.819586 -5.429713 -1
-7.072618 -3.819586 -5.234624 -1
-9.053404 -3.819586 -5.429713 -1
-9.071254 -3.806123 -5.285082 -1
-8.996498 -3.819586 -5.617307 -1
-8.996498 -3.819586 -5.617307 -1
-8.904088 -3.819586 -5.790194 -1
-8.904088 -3.819586 -5.790194 -1
-8.779726 -3.819586 -5.94173 -1
-8.779726 -3.819586 -5.94173 -1
-8.628189 -3.819586 -6.066093 -1
-8.628189 -3.819586 -6.066093 -1
-8.475826 -3.861019 -6.148794 -1
-8.475825 -3.86102 -6.148794 -1
-7.072618 -3.819572 -5.234624 -1
-7.073983 -3.806123 -5.184166 -1
-7.073983 -3.833039 -5.28508 -1
-7.091833 -3.819586 -5.429715 -1
-7.091833 -3.819586 -5.429715 -1
-7.14874 -3.819586 -5.617309 -1
-7.14874 -3.819586 -5.617309 -1
-7.24115 -3.819586 -5.790195 -1
-7.24115 -3.819586 -5.790195 -1
-7.365513 -3.819586 -5.941732 -1
-7.365512 -3.819586 -5.941731 -1
-7.517049 -3.819586 -6.066094 -1
-7.517049 -3.819586 -6.066094 -1
-7.689937 -3.819586 -6.158504 -1
-7.689937 -3.819586 -6.158504 -1
-7.877531 -3.819586 -6.21541 -1
-7.87753 -3.819586 -6.21541 -1
-8.072618 -3.819572 -6.234624 -1
-8.022162 -3.806123 -6.233259 -1
-8.072618 -3.819586 -6.234624 -1
-8.123075 -3.833039 -6.23326 -1
-8.267709 -3.819586 -6.215409 -1
-8.267709 -3.819586 -6.215409 -1
-8.433924 -3.778152 -6.166151 -1
-8.433925 -3.778152 -6.16615 -1
7.517048 3.819586 4.403154 1
7.689934 3.819586 4.310745 1
7.689934 3.819586 4.310745 1
7.517048 3.819586 4.403154 1
7.365512 3.819586 4.527517 1
7.365512 3.819586 4.527517 1
7.241148 3.819586 4.679054 1
7.241149 3.819586 4.679054 1
7.148739 3.819586 4.851941 1
7.148739 3.819586 4.851941 1
7.091833 3.819586 5.039534 1
7.091833 3.819586 5.039534 1
7.072618 3.819586 5.234624 1
7.072618 3.819586 5.234624 1
7.091833 3.819586 5.429715 1
7.091833 3.819586 5.429715 1
7.148739 3.819586 5.617308 1
7.148739 3.819586 5.617308 1
7.241148 3.819586 5.790194 1
7.241148 3.819586 5.790194 1
7.365512 3.819586 5.94173 1
7.365512 3.819586 5.94173 1
7.517049 3.819586 6.066094 1
7.517049 3.819586 6.066094 1
7.689936 3.819586 6.158504 1
7.689936 3.819586 6.158504 1
7.877528 3.819586 6.215409 1
7.877529 3.819586 6.215409 1
8.072618 3.819586 6.234624 1
8.072618 3.819586 6.234624 1
8.267708 3.819586 6.215409 1
8.267708 3.819586 6.215409 1
8.455301 3.819586 6.158504 1
8.4553 3.819586 6.158504 1
8.628188 3.819586 6.066094 1
8.628188 3.819586 6.066094 1
8.779725 3.819586 5.941731 1
8.779725 3.819586 5.941731 1
8.904088 3.819586 5.790195 1
8.904088 3.819586 5.790195 1
8.996497 3.819586 5.617309 1
8.996497 3.819586 5.617309 1
9.053404 3.819586 5.429715 1
9.053404 3.819586 5.429715 1
9.072618 3.819586 5.234624 1
9.072618 3.819586 5.234624 1
9.053404 3.819586 5.039532 1
9.053404 3.819586 5.039532 1
8.996497 3.819586 4.851939 1
8.996497 3.819586 4.851939 1
8.904087 3.819586 4.679053 1
8.904088 3.819586 4.679053 1
8.779724 3.819586 4.527516 1
8.779724 3.819586 4.527516 1
8.628187 3.819586 4.403153 1
8.628187 3.819586 4.403153 1
8.4553 3.819586 4.310744 1
8.4553 3.819586 4.310744 1
8.267708 3.819586 4.253839 1
8.267708 3.819586 4.253839 1
8.072618 3.819586 4.234624 1
8.072618 3.819586 4.234624 1
7.877528 3.819586 4.253839 1
7.877528 3.819586 4.253839 1
7.689934 3.819586 4.310745 1
7.689934 3.819586 4.310745 1
-8.343859 -2.857137 -5.245659 -1
-8.532296 -2.9315 -5.234392 -1
-8.343853 -2.857137 -5.223438 -1
-7.940161 -2.828397 -5.234624 -1
-7.94016 -2.828397 -5.234624 -1
-8.083804 -2.857137 -5.505858 -1
-8.061582 -2.857137 -5.505864 -1
-8.072845 -2.931499 -5.694301 -1
-8.072618 -2.828397 -5.102167 -1
-8.072618 -2.828397 -5.102167 -1
-7.80138 -2.857138 -5.245736 -1
-7.80138 -2.857138 -5.223515 -1
-7.612941 -2.9315 -5.234624 -1
-8.205075 -2.828397 -5.234624 -1
-8.205075 -2.828397 -5.234624 -1
-8.083802 -2.857137 -4.963392 -1
-8.072847 -2.931499 -4.774947 -1
-8.061582 -2.857138 -4.963383 -1
-8.072618 -2.828397 -5.367083 -1
-8.072618 -2.828397 -5.367083 -1
-8.072618 -3.819586 -4.234624 -1
-8.072618 -3.819586 -4.234624 -1
-8.072618 -3.819586 -4.234624 -1
-8.072618 -3.819586 -4.234624 -1
-9.072618 -3.819586 -5.234624 -1
-9.072618 -3.819586 -5.234624 -1
-9.072618 -3.819586 -5.234624 -1
-9.072618 -3.819586 -5.234624 -1
-7.072618 -3.819586 -5.234624 -1
-7.072618 -3.819586 -5.234624 -1
-7.072618 -3.819586 -5.234624 -1
-7.072618 -3.819586 -5.234624 -1
-8.072618 -3.819586 -6.234624 -1
-8.072618 -3.819586 -6.234624 -1
-8.072618 -3.819586 -6.234624 -1
-8.072618 -3.819586 -6.234624 -1
-9.067803 -3.819586 -5.136608 -1
-9.067803 -3.819586 -5.136608 -1
-9.053404 -3.819586 -5.039534 -1
-9.053404 -3.819586 -5.039534 -1
-8.996498 -3.819586 -4.85194 -1
-8.996498 -3.819586 -4.85194 -1
-8.904088 -3.819586 -4.679054 -1
-8.904088 -3.819586 -4.679054 -1
-8.779725 -3.819586 -4.527517 -1
-8.779725 -3.819586 -4.527517 -1
-8.628188 -3.819586 -4.403154 -1
-8.628188 -3.819586 -4.403154 -1
-8.455301 -3.819586 -4.310744 -1
-8.455301 -3.819586 -4.310744 -1
-8.267709 -3.819586 -4.253839 -1
-8.267709 -3.819586 -4.253839 -1
-8.170635 -3.819586 -4.239439 -1
-8.170635 -3.819586 -4.239439 -1
-7.077434 -3.819586 -5.136608 -1
-7.091833 -3.819586 -5.039534 -1
-7.077434 -3.819586 -5.136608 -1
-7.091833 -3.819586 -5.039534 -1
-7.14874 -3.819586 -4.851939 -1
-7.14874 -3.819586 -4.851939 -1
-7.241149 -3.819586 -4.679053 -1
-7.241149 -3.819586 -4.679053 -1
-7.365512 -3.819586 -4.527517 -1
-7.365512 -3.819586 -4.527517 -1
-7.517049 -3.819586 -4.403153 -1
-7.517049 -3.819586 -4.403153 -1
-7.689937 -3.819586 -4.310744 -1
-7.689937 -3.819586 -4.310744 -1
-7.87753 -3.819586 -4.253839 -1
-7.87753 -3.819586 -4.253839 -1
-7.974603 -3.819586 -4.239439 -1
-7.974603 -3.819586 -4.239439 -1
-9.067803 -3.819586 -5.33264 -1
-9.053404 -3.819586 -5.429714 -1
-9.067803 -3.819586 -5.33264 -1
-9.053404 -3.819586 -5.429714 -1
-8.996498 -3.819586 -5.617307 -1
-8.996498 -3.819586 -5.617307 -1
-8.904088 -3.819586 -5.790194 -1
-8.904088 -3.819586 -5.790194 -1
-8.779725 -3.819586 -5.94173 -1
-8.779725 -3.819586 -5.94173 -1
-8.628189 -3.819586 -6.066093 -1
-8.628189 -3.819586 -6.066093 -1
-8.455301 -3.819586 -6.158504 -1
-8.455301 -3.819586 -6.158504 -1
-8.267709 -3.819586 -6.215409 -1
-8.267709 -3.819586 -6.215409 -1
-8.170635 -3.819586 -6.229809 -1
-8.170635 -3.819586 -6.229809 -1
-7.077434 -3.819586 -5.332641 -1
-7.077434 -3.819586 -5.332641 -1
-7.091833 -3.819586 -5.429715 -1
-7.091833 -3.819586 -5.429715 -1
-7.14874 -3.819586 -5.617309 -1
-7.14874 -3.819586 -5.617309 -1
-7.241149 -3.819586 -5.790195 -1
-7.241149 -3.819586 -5.790195 -1
-7.365513 -3.819586 -5.941731 -1
-7.365513 -3.819586 -5.941731 -1
-7.51705 -3.819586 -6.066094 -1
-7.51705 -3.819586 -6.066094 -1
-7.689937 -3.819586 -6.158504 -1
-7.689937 -3.819586 -6.158504 -1
-7.87753 -3.819586 -6.215409 -1
-7.87753 -3.819586 -6.215409 -1
-7.974604 -3.819586 -6.229809 -1
-7.974604 -3.819586 -6.229809 -1
-8.072637 -3.81963 -4.234624 -1
-8.072674 -3.819715 -4.234624 -1
-8.072655 -3.819671 -4.234624 -1
-8.072618 -3.819586 -4.234624 -1
-9.072618 -3.819586 -5.234624 -1
-9.072618 -3.819586 -5.234624 -1
-9.072618 -3.819586 -5.234624 -1
-9.072618 -3.819586 -5.234624 -1
-7.072618 -3.819586 -5.234624 -1
-7.072618 -3.819586 -5.234624 -1
-7.072618 -3.819586 -5.234624 -1
-7.072618 -3.819586 -5.234624 -1
-8.072656 -3.819456 -6.234624 -1
-8.072618 -3.819541 -6.234624 -1
-8.072638 -3.819586 -6.234624 -1
-8.072674 -3.8195 -6.234624 -1
-9.036664 -3.55385 -5.234624 -1
-9.036665 -3.553851 -5.234624 -1
-9.036668 -3.553862 -5.234624 -1
-9.036668 -3.553862 -5.234624 -1
-9.036668 -3.553862 -5.234624 -1
-9.036668 -3.553862 -5.234624 -1
-9.03667 -3.553869 -5.234624 -1
-9.03667 -3.553869 -5.234624 -1
-7.119163 -4.12112 -5.234624 -1
-7.119163 -4.121119 -5.234624 -1
-7.11917 -4.12114 -5.234624 -1
-7.11917 -4.12114 -5.234624 -1
-7.119168 -4.121136 -5.234624 -1
-7.119168 -4.121136 -5.234624 -1
-7.119172 -4.121148 -5.234624 -1
-7.119172 -4.121149 -5.234624 -1
-8.072618 -3.553886 -6.19868 -1
-8.072618 -3.553885 -6.198679 -1
-8.072618 -3.553865 -6.198674 -1
-8.072618 -3.553866 -6.198674 -1
-8.072618 -3.553874 -6.198676 -1
-8.072618 -3.553874 -6.198676 -1
-8.072618 -3.55387 -6.198675 -1
-8.072618 -3.55387 -6.198675 -1
-8.072618 -4.121171 -4.281185 -1
-8.072618 -4.121171 -4.281185 -1
-8.072618 -4.121142 -4.281176 -1
-8.072618 -4.121142 -4.281176 -1
-8.072618 -4.121136 -4.281174 -1
-8.072618 -4.121135 -4.281173 -1
-8.072618 -4.121117 -4.281168 -1
-8.072618 -4.121116 -4.281168 -1
-8.072618 -3.553885 -4.270568 -1
-8.072618 -3.553885 -4.270568 -1
-8.072618 -3.553865 -4.270574 -1
-8.072618 -3.553866 -4.270574 -1
-8.072618 -3.553874 -4.270571 -1
-8.072618 -3.553874 -4.270571 -1
-8.072618 -3.55387 -4.270573 -1
-8.072618 -3.55387 -4.270573 -1
-8.072618 -4.121171 -6.188063 -1
-8.072618 -4.121171 -6.188063 -1
-8.072618 -4.121142 -6.188072 -1
-8.072618 -4.121142 -6.188072 -1
-8.072618 -4.121136 -6.188075 -1
-8.072618 -4.121135 -6.188075 -1
-8.072618 -4.121117 -6.18808 -1
-8.072618 -4.121116 -6.18808 -1
-7.108564 -3.55388 -5.234624 -1
-7.108565 -3.553879 -5.234624 -1
-7.108571 -3.553855 -5.234624 -1
-7.108571 -3.553856 -5.234624 -1
-7.108569 -3.553862 -5.234624 -1
-7.108569 -3.553863 -5.234624 -1
-7.108572 -3.553854 -5.234624 -1
-7.108571 -3.553855 -5.234624 -1
-9.026073 -4.12112 -5.234624 -1
-9.026073 -4.121119 -5.234624 -1
-9.026068 -4.12114 -5.234624 -1
-9.026068 -4.121141 -5.234624 -1
-9.026068 -4.121139 -5.234624 -1
-9.026068 -4.121139 -5.234624 -1
-9.026068 -4.12114 -5.234624 -1
-9.026068 -4.12114 -5.234624 -1
9.003356 4.185273 5.234624 1
8.876884 4.413856 5.234624 1
9.042397 3.575597 5.234624 1
9.009176 3.469074 5.234624 1
7.141889 4.185293 5.234624 1
7.268321 4.413813 5.234624 1
7.102797 3.575771 5.234624 1
7.135993 3.469253 5.234624 1
8.072618 4.185388 6.165317 1
8.072618 4.413973 6.038803 1
8.072618 3.575677 6.204422 1
8.072618 3.469143 6.171208 1
8.072618 4.185388 4.303931 1
8.072618 4.413973 4.430445 1
8.072618 3.575677 4.264826 1
8.072618 3.469143 4.29804 1
8.072618 4.185264 4.303883 1
8.072618 4.413834 4.430342 1
8.072618 3.575659 4.264831 1
8.072618 3.46914 4.298041 1
8.072618 4.170032 6.171207 1
8.072618 4.063513 6.204417 1
8.072618 3.225338 6.038906 1
8.072618 3.453908 6.165365 1
7.135993 4.169919 5.234624 1
7.102797 4.063401 5.234624 1
7.268321 3.225359 5.234624 1
7.141889 3.453879 5.234624 1
9.009176 4.170098 5.234624 1
9.042397 4.063574 5.234624 1
8.876884 3.225316 5.234624 1
9.003356 3.453899 5.234624 1
-9.046341 -4.047322 -5.234624 -1
-9.046356 -4.04726 -5.234624 -1
-9.046356 -4.047257 -5.234624 -1
-9.046341 -4.047323 -5.234624 -1
-9.046346 -4.047304 -5.234624 -1
-9.046346 -4.047303 -5.234624 -1
-9.046348 -4.047297 -5.234624 -1
-9.046348 -4.047297 -5.234624 -1
-7.10857 -3.55386 -5.234624 -1
-7.10857 -3.55386 -5.234624 -1
-7.108568 -3.553865 -5.234624 -1
-7.108568 -3.553865 -5.234624 -1
-7.108564 -3.553879 -5.234624 -1
-7.108565 -3.553879 -5.234624 -1
-7.108561 -3.553894 -5.234624 -1
-7.108561 -3.553894 -5.234624 -1
-8.072618 -4.047299 -6.208352 -1
-8.072618 -4.0473 -6.208352 -1
-8.072618 -4.04731 -6.20835 -1
-8.072618 -4.047309 -6.20835 -1
-8.072618 -4.047287 -6.208355 -1
-8.072618 -4.047287 -6.208355 -1
-8.072618 -4.047323 -6.208346 -1
-8.072618 -4.047325 -6.208346 -1
-8.072618 -3.55386 -4.270575 -1
-8.072618 -3.55386 -4.270575 -1
-8.072618 -3.553865 -4.270574 -1
-8.072618 -3.553865 -4.270574 -1
-8.072618 -3.553867 -4.270574 -1
-8.072618 -3.553867 -4.270574 -1
-8.072618 -3.553856 -4.270576 -1
-8.072618 -3.553857 -4.270576 -1
-8.072618 -3.55386 -6.198673 -1
-8.072618 -3.55386 -6.198673 -1
-8.072618 -3.553865 -6.198674 -1
-8.072618 -3.553865 -6.198674 -1
-8.072618 -3.553867 -6.198674 -1
-8.072618 -3.553867 -6.198675 -1
-8.072618 -3.553856 -6.198671 -1
-8.072618 -3.553857 -6.198672 -1
-8.072618 -4.0473 -4.260896 -1
-8.072618 -4.0473 -4.260896 -1
-8.072618 -4.047303 -4.260897 -1
-8.072618 -4.047304 -4.260897 -1
-8.072618 -4.047323 -4.260901 -1
-8.072618 -4.047323 -4.260901 -1
-8.072618 -4.047326 -4.260902 -1
-8.072618 -4.047326 -4.260902 -1
-9.036667 -3.55386 -5.234624 -1
-9.036667 -3.55386 -5.234624 -1
-9.036669 -3.553865 -5.234624 -1
-9.036669 -3.553865 -5.234624 -1
-9.036669 -3.553867 -5.234624 -1
-9.036669 -3.553867 -5.234624 -1
-9.036666 -3.553856 -5.234624 -1
-9.036666 -3.553857 -5.234624 -1
-7.09889 -4.047299 -5.234624 -1
-7.09889 -4.047299 -5.234624 -1
-7.09889 -4.047299 -5.234624 -1
-7.09889 -4.047299 -5.234624 -1
-7.098894 -4.047313 -5.234624 -1
-7.098894 -4.047313 -5.234624 -1
-7.098897 -4.047325 -5.234624 -1
-7.098897 -4.047325 -5.234624 -1
-9.072618 -3.819586 -5.234624 -1
-9.072618 -3.819586 -5.234624 -1
-9.072618 -3.819586 -5.234624 -1
-9.072618 -3.819586 -5.234624 -1
-9.072618 -3.819586 -5.234624 -1
-9.072618 -3.819586 -5.234624 -1
-9.072618 -3.819586 -5.234624 -1
-9.072618 -3.819586 -5.234624 -1
-9.072618 -3.819586 -5.234624 -1
-9.072618 -3.819586 -5.234624 -1
-9.072618 -3.819586 -5.234624 -1
-9.072618 -3.819586 -5.234624 -1
-9.072618 -3.819586 -5.234624 -1
-9.072618 -3.819586 -5.234624 -1
-9.072618 -3.819586 -5.234624 -1
-9.072618 -3.819586 -5.234624 -1
-9.072618 -3.819586 -5.234624 -1
-9.072618 -3.819586 -5.234624 -1
-9.072618 -3.819586 -5.234624 -1
-9.072618 -3.819586 -5.234624 -1
-9.072618 -3.819586 -5.234624 -1
-9.072618 -3.819586 -5.234624 -1
-9.072618 -3.819586 -5.234612 -1
-9.072618 -3.819586 -5.234635 -1
-9.072618 -3.819586 -5.2346 -1
-9.072618 -3.819586 -5.234646 -1
-9.072618 -3.819586 -5.234624 -1
-9.072618 -3.819586 -5.234614 -1
-9.072618 -3.819586 -5.234624 -1
-9.072618 -3.819586 -5.234624 -1
-9.072618 -3.819586 -5.234624 -1
-9.072618 -3.819586 -5.234624 -1
-9.072618 -3.819586 -5.234624 -1
-9.072618 -3.819586 -5.234624 -1
-9.072618 -3.819586 -5.234624 -1
-9.072618 -3.819586 -5.234624 -1
-9.072618 -3.819586 -5.234624 -1
-9.072618 -3.819586 -5.234624 -1
-9.072618 -3.819586 -5.234638 -1
-9.072618 -3.819586 -5.234609 -1
-9.072618 -3.819586 -5.234648 -1
-9.072618 -3.819586 -5.234598 -1
-9.072618 -3.819586 -5.234624 -1
-9.072618 -3.819586 -5.234624 -1
-9.072618 -3.819586 -5.234624 -1
-9.072618 -3.819586 -5.234624 -1
-9.072618 -3.819586 -5.234624 -1
-9.072618 -3.819586 -5.234624 -1
-9.072618 -3.819586 -5.234624 -1
-9.072618 -3.819586 -5.234624 -1
-9.072618 -3.819586 -5.234624 -1
-9.072618 -3.819586 -5.234624 -1
-9.072618 -3.819586 -5.234624 -1
-9.072618 -3.819586 -5.234624 -1
-9.072618 -3.819586 -5.234624 -1
-9.072618 -3.819586 -5.234624 -1
-9.072618 -3.819586 -5.234624 -1
-9.072618 -3.819586 -5.234624 -1
-9.072618 -3.819586 -5.234613 -1
-9.072618 -3.819586 -5.234624 -1
-9.072618 -3.819586 -5.234624 -1
-9.072618 -3.819586 -5.234624 -1
-9.072618 -3.819586 -5.234624 -1
-9.072618 -3.819586 -5.234624 -1
-7.930035 -3.819586 -4.244841 -1
-7.930038 -3.819586 -4.244841 -1
-7.93004 -3.819586 -4.244841 -1
-7.930042 -3.819586 -4.24484 -1
-7.930048 -3.819586 -4.244839 -1
-7.930045 -3.819586 -4.24484 -1
-7.930043 -3.819586 -4.24484 -1
-7.930045 -3.819586 -4.24484 -1
-7.930056 -3.819586 -4.244838 -1
-7.930037 -3.819586 -4.244841 -1
-7.930059 -3.819586 -4.244838 -1
-7.930034 -3.819586 -4.244841 -1
-7.930017 -3.819586 -4.244843 -1
-7.930036 -3.819586 -4.244841 -1
-7.930047 -3.826393 -4.244863 -1
-7.930027 -3.819586 -4.244843 -1
-7.930091 -3.833549 -4.244932 -1
-7.930053 -3.819586 -4.244839 -1
-7.930079 -3.834267 -4.244944 -1
-7.930047 -3.819586 -4.24484 -1
-7.930039 -3.819639 -4.244841 -1
-7.930034 -3.819586 -4.244841 -1
-7.929981 -3.811713 -4.24488 -1
-7.930035 -3.819586 -4.244841 -1
-7.930028 -3.819586 -4.244842 -1
-7.930042 -3.830156 -4.244896 -1
-7.930028 -3.819586 -4.244842 -1
-7.930041 -3.824334 -4.244852 -1
-7.930025 -3.819586 -4.244843 -1
-7.93014 -3.81152 -4.244859 -1
-7.930024 -3.819586 -4.244843 -1
-7.930097 -3.813139 -4.244853 -1
-7.930037 -3.819586 -4.244841 -1
-7.930032 -3.813619 -4.24486 -1
-7.930036 -3.819586 -4.244841 -1
-7.930037 -3.819586 -4.244841 -1
-7.930048 -3.819586 -4.244839 -1
-7.930037 -3.819586 -4.244841 -1
-7.930056 -3.819586 -4.244838 -1
-7.930045 -3.819586 -4.24484 -1
-7.930039 -3.819586 -4.244841 -1
-7.930061 -3.819586 -4.244837 -1
-7.930045 -3.819586 -4.24484 -1
-7.930062 -3.819586 -4.244837 -1
-7.930037 -3.819586 -4.244841 -1
-7.930062 -3.819586 -4.244837 -1
-7.930039 -3.821217 -4.244842 -1
-7.930062 -3.819586 -4.244837 -1
-7.930043 -3.814738 -4.244852 -1
-7.930046 -3.819586 -4.24484 -1
-7.93004 -3.816312 -4.244846 -1
-7.930051 -3.819586 -4.244839 -1
-7.930045 -3.812818 -4.244863 -1
-7.930027 -3.819586 -4.244842 -1
-7.930044 -3.81251 -4.244865 -1
-7.930037 -3.819586 -4.244841 -1
-7.93005 -3.819586 -4.244839 -1
-7.930039 -3.819586 -4.244841 -1
-7.930047 -3.819586 -4.244839 -1
-7.930042 -3.819586 -4.24484 -1
-7.930043 -3.819586 -4.24484 -1
-7.930038 -3.819586 -4.244841 -1
-7.930041 -3.819586 -4.24484 -1
-7.930037 -3.819586 -4.244841 -1
-9.072618 -3.819586 -5.234606 -1
-9.072618 -3.819586 -5.234624 -1
-9.072618 -3.819586 -5.234624 -1
-9.072618 -3.819586 -5.234605 -1
-9.072618 -3.819586 -5.234643 -1
-9.072618 -3.819586 -5.234624 -1
-9.072618 -3.819586 -5.234641 -1
-9.072618 -3.819586 -5.234624 -1
-9.072618 -3.819586 -5.234624 -1
-9.072618 -3.819586 -5.234608 -1
-9.072618 -3.819586 -5.234624 -1
-9.072618 -3.819586 -5.234611 -1
-9.072618 -3.819586 -5.234613 -1
-9.072618 -3.819586 -5.234624 -1
-9.072618 -3.819586 -5.234612 -1
-9.072618 -3.819586 -5.234609 -1
-9.072618 -3.819586 -5.234624 -1
-9.072618 -3.819586 -5.234611 -1
-9.072618 -3.819586 -5.234613 -1
-9.072618 -3.819586 -5.234601 -1
-9.072618 -3.819586 -5.234653 -1
-9.072618 -3.819586 -5.234624 -1
-9.072618 -3.819586 -5.23465 -1
-9.072618 -3.819586 -5.234624 -1
-9.072618 -3.819586 -5.234624 -1
-9.072618 -3.819586 -5.234624 -1
-9.072618 -3.819586 -5.234624 -1
-9.072618 -3.819586 -5.234636 -1
-9.072618 -3.819586 -5.234624 -1
-9.072618 -3.819586 -5.234624 -1
-9.072618 -3.819586 -5.234624 -1
-9.072618 -3.819586 -5.234624 -1
-9.072618 -3.819586 -5.234624 -1
-9.072618 -3.819586 -5.234624 -1
-9.072618 -3.819586 -5.234624 -1
-9.072618 -3.819586 -5.234611 -1
-9.072618 -3.819586 -5.234636 -1
-9.072618 -3.819586 -5.234624 -1
-9.072618 -3.819586 -5.234624 -1
-9.072618 -3.819586 -5.234624 -1
-9.072618 -3.819586 -5.234624 -1
-9.072618 -3.819586 -5.234636 -1
-9.072618 -3.819586 -5.234624 -1
-9.072618 -3.819586 -5.234645 -1
-9.072618 -3.819586 -5.234594 -1
-9.072618 -3.819586 -5.234624 -1
-9.072618 -3.819586 -5.234597 -1
-9.072618 -3.819586 -5.234639 -1
-9.072618 -3.819586 -5.234624 -1
-9.072618 -3.819586 -5.234639 -1
-9.072618 -3.819586 -5.234634 -1
-9.072618 -3.819586 -5.234636 -1
-9.072618 -3.819586 -5.234624 -1
-9.072618 -3.819586 -5.234624 -1
-9.072618 -3.819586 -5.234635 -1
-9.072618 -3.819586 -5.234624 -1
-9.072618 -3.819586 -5.234624 -1
-9.072618 -3.819586 -5.234642 -1
-9.072618 -3.819586 -5.234624 -1
-9.072618 -3.819586 -5.234642 -1
-9.072618 -3.819586 -5.234605 -1
-9.072618 -3.819586 -5.234624 -1
-9.072618 -3.819586 -5.234607 -1
-9.072618 -3.819586 -5.234624 -1
-7.939076 -4.169108 -4.307262 -1
-7.939908 -4.184206 -4.312973 -1
-7.939913 -4.184206 -4.312973 -1
-7.939075 -4.169108 -4.307262 -1
-7.940053 -4.187007 -4.314065 -1
-7.937664 -4.141647 -4.297574 -1
-7.940041 -4.187007 -4.314067 -1
-7.937674 -4.141649 -4.297573 -1
-7.939515 -4.177536 -4.310419 -1
-7.935845 -4.101866 -4.285092 -1
-7.939521 -4.177535 -4.310418 -1
-7.935843 -4.101865 -4.285092 -1
-7.93864 -4.160728 -4.304209 -1
-7.933867 -4.050192 -4.27152 -1
-7.938655 -4.160951 -4.304289 -1
-7.933859 -4.05019 -4.271521 -1
-7.936741 -4.119631 -4.290426 -1
-7.932029 -3.987785 -4.258948 -1
-7.936749 -4.120051 -4.290558 -1
-7.93203 -3.987786 -4.258948 -1
-7.934566 -4.067868 -4.275824 -1
-7.930676 -3.916843 -4.249538 -1
-7.934574 -4.068046 -4.275869 -1
-7.930678 -3.916844 -4.249538 -1
-7.932949 -4.017521 -4.26441 -1
-7.930099 -3.851273 -4.245339 -1
-7.932956 -4.017519 -4.264409 -1
-7.930089 -3.853073 -4.2454 -1
-7.931327 -3.950149 -4.253304 -1
-7.93007 -3.764398 -4.246376 -1
-7.93133 -3.950147 -4.253303 -1
-7.929782 -3.764795 -4.246395 -1
-7.930289 -3.875894 -4.246408 -1
-7.931931 -3.678027 -4.254742 -1
-7.930292 -3.875892 -4.246407 -1
-7.931819 -3.67636 -4.255001 -1
-7.93007 -3.798522 -4.24506 -1
-7.932882 -3.621628 -4.264425 -1
-7.930078 -3.798519 -4.245059 -1
-7.932888 -3.62163 -4.264423 -1
-7.930655 -3.722337 -4.249541 -1
-7.934796 -3.563932 -4.27773 -1
-7.930672 -3.72233 -4.249539 -1
-7.934792 -3.563931 -4.277731 -1
-7.9324 -3.663213 -4.256929 -1
-7.936694 -3.517604 -4.29105 -1
-7.931912 -3.660883 -4.257375 -1
-7.9367 -3.517605 -4.291049 -1
-7.933636 -3.588836 -4.271588 -1
-7.938293 -3.483429 -4.302446 -1
-7.933283 -3.58916 -4.271561 -1
-7.938298 -3.48343 -4.302445 -1
-7.936139 -3.528978 -4.287565 -1
-7.939453 -3.461631 -4.31043 -1
-7.936059 -3.531049 -4.286944 -1
-7.939433 -3.461629 -4.310433 -1
-7.937583 -3.497539 -4.29758 -1
-7.939986 -3.452163 -4.314075 -1
-7.93758 -3.497539 -4.29758 -1
-7.939986 -3.452163 -4.314075 -1
-7.938987 -3.470073 -4.307271 -1
-7.939811 -3.454971 -4.312985 -1
-7.938989 -3.470073 -4.307271 -1
-7.939817 -3.45497 -4.312984 -1
-7.099626 -4.03808 -5.16016 -1
-7.07268 -3.829427 -5.239884 -1
-7.072671 -3.828163 -5.240313 -1
-7.093842 -4.014673 -5.171872 -1
-7.170666 -4.229249 -5.098034 -1
-7.091485 -3.641188 -5.309131 -1
-7.096176 -3.621903 -5.321115 -1
-7.150107 -4.186962 -5.116269 -1
-7.268894 -4.389608 -5.064033 -1
-7.146099 -3.466652 -5.365007 -1
-7.163172 -3.432938 -5.387631 -1
-7.229398 -4.335187 -5.082525 -1
-7.374257 -4.513997 -5.061176 -1
-7.224739 -3.315538 -5.399052 -1
-7.257342 -3.273978 -5.428627 -1
-7.316857 -4.454555 -5.074502 -1
-7.469657 -4.603464 -5.086392 -1
-7.312457 -3.193186 -5.407184 -1
-7.360049 -3.148745 -5.440093 -1
-7.398677 -4.544334 -5.091294 -1
-7.543305 -4.661941 -5.133305 -1
-7.395128 -3.100713 -5.39028 -1
-7.455386 -3.05583 -5.42357 -1
-7.464076 -4.605985 -5.128545 -1
-7.586345 -4.691633 -5.179208 -1
-7.461709 -3.036715 -5.352533 -1
-7.53186 -2.991751 -5.383855 -1
-7.506546 -4.642559 -5.186899 -1
-7.601242 -4.701471 -5.243693 -1
-7.504704 -2.999104 -5.300076 -1
-7.581982 -2.953177 -5.327422 -1
-7.519884 -4.652886 -5.244309 -1
-7.581982 -4.685995 -5.327422 -1
-7.519884 -2.986285 -5.244309 -1
-7.601242 -2.937701 -5.243692 -1
-7.504705 -4.640067 -5.300077 -1
-7.531863 -4.647424 -5.383845 -1
-7.506546 -2.996613 -5.186898 -1
-7.586345 -2.947538 -5.179207 -1
-7.461709 -4.602457 -5.352531 -1
-7.455391 -4.58335 -5.423558 -1
-7.464078 -3.033184 -5.128554 -1
-7.543308 -2.977229 -5.133309 -1
-7.395129 -4.538461 -5.390275 -1
-7.360044 -4.490417 -5.440107 -1
-7.398674 -3.094843 -5.091281 -1
-7.469651 -3.035715 -5.086375 -1
-7.312455 -4.445982 -5.407191 -1
-7.257338 -4.365183 -5.428638 -1
-7.316854 -3.184624 -5.07449 -1
-7.374242 -3.125198 -5.061142 -1
-7.224737 -4.323628 -5.399058 -1
-7.163173 -4.206234 -5.387633 -1
-7.229398 -3.303985 -5.082524 -1
-7.26889 -3.249573 -5.064022 -1
-7.146099 -4.17252 -5.365008 -1
-7.096177 -4.017278 -5.321111 -1
-7.150109 -3.452202 -5.116274 -1
-7.170666 -3.409923 -5.098033 -1
-7.091485 -3.997983 -5.309132 -1
-7.07268 -3.809752 -5.239879 -1
-7.093843 -3.624498 -5.171871 -1
-7.099629 -3.601073 -5.16017 -1
-7.072671 -3.811013 -5.240309 -1
-7.172729 -3.393567 -5.141315 -1
-7.121624 -3.518626 -5.163675 -1
-7.085943 -3.660879 -5.198792 -1
-7.072668 -3.812513 -5.241634 -1
-7.08441 -3.964155 -5.28505 -1
-7.118947 -4.108036 -5.320106 -1
-7.230323 -3.28984 -5.135084 -1
-7.16951 -4.235246 -5.342433 -1
-7.285393 -3.209422 -5.145317 -1
-7.2271 -4.341178 -5.348818 -1
-7.330266 -3.15268 -5.170208 -1
-7.282518 -4.423565 -5.339268 -1
-7.359842 -3.118493 -5.214162 -1
-7.32799 -4.482095 -5.315924 -1
-7.368665 -3.109551 -5.251934 -1
-7.357828 -4.517287 -5.282452 -1
-7.357828 -3.121885 -5.282451 -1
-7.368665 -4.529621 -5.251923 -1
-7.32799 -3.157076 -5.315924 -1
-7.359841 -4.520677 -5.214148 -1
-7.282518 -3.215606 -5.339267 -1
-7.330266 -4.486492 -5.170209 -1
-7.227102 -3.297988 -5.348807 -1
-7.285396 -4.429756 -5.145332 -1
-7.169512 -3.403919 -5.342421 -1
-7.23032 -4.349325 -5.135074 -1
-7.118946 -3.531142 -5.32011 -1
-7.172724 -4.245592 -5.1413 -1
-7.08441 -3.675018 -5.285052 -1
-7.121623 -4.120538 -5.163667 -1
-7.072668 -3.826657 -5.241635 -1
-7.085945 -3.978308 -5.198808 -1
-7.126749 -3.50191 -5.301055 -1
-7.09832 -3.600556 -5.287241 -1
-7.079171 -3.709876 -5.266644 -1
-7.072656 -3.824447 -5.24182 -1
-7.079992 -3.939719 -5.218497 -1
-7.099892 -4.048779 -5.198939 -1
-7.159794 -3.417443 -5.305566 -1
-7.128643 -4.145794 -5.184649 -1
-7.192148 -3.350278 -5.301866 -1
-7.161706 -4.22853 -5.17983 -1
-7.219151 -3.301495 -5.290967 -1
-7.193956 -4.294425 -5.184824 -1
-7.237286 -3.271168 -5.272802 -1
-7.220726 -4.342103 -5.199206 -1
-7.244057 -3.259867 -5.248822 -1
-7.238299 -4.370728 -5.222204 -1
-7.238299 -3.268444 -5.222206 -1
-7.244057 -4.379304 -5.248814 -1
-7.220726 -3.297068 -5.199208 -1
-7.237286 -4.368003 -5.272809 -1
-7.193959 -3.344739 -5.184847 -1
-7.21915 -4.337673 -5.290986 -1
-7.161707 -3.410636 -5.179842 -1
-7.192147 -4.288889 -5.301883 -1
-7.128644 -3.493372 -5.184658 -1
-7.159793 -4.221725 -5.305577 -1
-7.099894 -3.590384 -5.198954 -1
-7.126749 -4.137261 -5.301056 -1
-7.079992 -3.699449 -5.218503 -1
-7.098322 -4.038631 -5.287217 -1
-7.072656 -3.814724 -5.24182 -1
-7.079172 -3.929314 -5.266616 -1
-7.084756 -3.664615 -5.224024 -1
-7.075839 -3.739514 -5.230348 -1
-7.072626 -3.818112 -5.238126 -1
-7.075618 -3.895735 -5.248446 -1
-7.084108 -3.968328 -5.261513 -1
-7.09678 -4.035044 -5.270908 -1
-7.097696 -3.597718 -5.217267 -1
-7.111924 -4.094924 -5.270045 -1
-7.112655 -3.540274 -5.213284 -1
-7.126975 -4.143367 -5.265037 -1
-7.127403 -3.49384 -5.213255 -1
-7.139497 -4.178211 -5.26054 -1
-7.139827 -3.459538 -5.218335 -1
-7.147892 -4.199796 -5.252526 -1
-7.148081 -3.438559 -5.227611 -1
-7.150924 -4.207468 -5.239744 -1
-7.150924 -3.431704 -5.23975 -1
-7.148081 -4.200612 -5.227602 -1
-7.147892 -3.439375 -5.252523 -1
-7.139828 -4.179637 -5.218361 -1
-7.139496 -3.460962 -5.260546 -1
-7.127403 -4.145332 -5.213258 -1
-7.126975 -3.495808 -5.265051 -1
-7.112653 -4.098887 -5.21325 -1
-7.111921 -3.544265 -5.270105 -1
-7.097698 -4.041465 -5.217306 -1
-7.096777 -3.604152 -5.270979 -1
-7.084756 -3.974558 -5.224028 -1
-7.084108 -3.670843 -5.261507 -1
-7.075837 -3.899641 -5.230308 -1
-7.075617 -3.743445 -5.248466 -1
-7.072626 -3.821074 -5.238159 -1
-7.082777 -3.679597 -5.259463 -1
-7.078877 -3.708945 -5.250004 -1
-7.072624 -3.819586 -5.237969 -1
-7.086692 -3.654155 -5.258735 -1
-7.075604 -3.742728 -5.2421 -1
-7.090008 -3.634362 -5.247589 -1
-7.073391 -3.780625 -5.239753 -1
-7.092238 -3.622568 -5.240775 -1
-7.072623 -3.820201 -5.237622 -1
-7.093027 -3.618618 -5.238254 -1
-7.073397 -3.858898 -5.231242 -1
-7.092278 -3.622276 -5.235971 -1
-7.075601 -3.896356 -5.226685 -1
-7.090092 -3.63347 -5.23322 -1
-7.078913 -3.931192 -5.224927 -1
-7.086776 -3.651986 -5.229663 -1
-7.08284 -3.961958 -5.226279 -1
-7.08284 -3.677213 -5.226276 -1
-7.086775 -3.987176 -5.229586 -1
-7.078913 -3.70798 -5.224922 -1
-7.090092 -4.005702 -5.233218 -1
-7.075602 -3.742812 -5.226701 -1
-7.092278 -4.016897 -5.235995 -1
-7.073397 -3.780295 -5.231136 -1
-7.093027 -4.020554 -5.238264 -1
-7.072623 -3.818949 -5.237728 -1
-7.092238 -4.016605 -5.240748 -1
-7.07339 -3.85853 -5.239836 -1
-7.090008 -4.004813 -5.247548 -1
-7.075605 -3.896461 -5.242007 -1
-7.086691 -3.985028 -5.258629 -1
-7.078877 -3.930212 -5.250088 -1
-7.082777 -3.959567 -5.259512 -1
16
0.01 0.25204
0.01 0.256554
0.012046 0.254297
0.204952 0.25204
0.202906 0.254297
0.204952 0.256554
0.988159 0.81071
0.998718 0.836246
0.998718 0.81071
0.988159 0.836246
0.977599 0.81071
0.977599 0.836246
0.96704 0.81071
0.96704 0.836246
0.95648 0.81071
0.95648 0.836246
0.945921 0.81071
0.945921 0.836246
0.935362 0.81071
0.935362 0.836246
0.924802 0.81071
0.924802 0.836246
0.914243 0.81071
0.914243 0.836246
0.903683 0.81071
0.903683 0.836246
0.893124 0.81071
0.893124 0.836246
0.882565 0.81071
0.882565 0.836246
0.872005 0.81071
0.872005 0.836246
0.861446 0.81071
0.861446 0.836246
0.850886 0.81071
0.850886 0.836246
0.840327 0.81071
0.840327 0.836246
0.829768 0.81071
0.829768 0.836246
0.819208 0.81071
0.819208 0.836246
0.808649 0.81071
0.808649 0.836246
0.798089 0.81071
0.798089 0.836246
0.78753 0.81071
0.78753 0.836246
0.77697 0.81071
0.77697 0.836246
0.766411 0.81071
0.766411 0.836246
0.755852 0.81071
0.755852 0.836246
0.745292 0.81071
0.745292 0.836246
0.734733 0.81071
0.734733 0.836246
0.724173 0.81071
0.724173 0.836246
0.713614 0.81071
0.713614 0.836246
0.703055 0.81071
0.703055 0.836246
0.692495 0.81071
0.692495 0.836246
0.681936 0.81071
0.681936 0.836246
0.671376 0.81071
0.671376 0.836246
0.660817 0.81071
0.660817 0.836246
0.991382 0.837973
0.991382 0.857428
0.980823 0.857428
0.980823 0.837973
0.970263 0.857428
0.970263 0.837973
0.959704 0.857428
0.959704 0.837973
0.949145 0.857428
0.949145 0.837973
0.938585 0.857167
0.938585 0.837973
0.928026 0.857428
0.928026 0.837973
0.917466 0.857428
0.917466 0.837973
0.906907 0.857428
0.906907 0.837973
0.896348 0.857428
0.896348 0.837973
0.885788 0.857428
0.885788 0.837973
0.875229 0.857428
0.875229 0.837973
0.864669 0.857428
0.864669 0.837973
0.85411 0.857167
0.85411 0.837973
0.843551 0.857428
0.843551 0.837973
0.832991 0.857428
0.832991 0.837973
0.822432 0.857428
0.822432 0.837973
0.811872 0.857428
0.811872 0.837973
0.801313 0.857428
0.801313 0.837973
0.790754 0.857428
0.790754 0.837973
0.780194 0.857428
0.780194 0.837973
0.769635 0.857428
0.769635 0.837973
0.759075 0.857428
0.759075 0.837973
0.748516 0.857428
0.748516 0.837973
0.737957 0.857428
0.737957 0.837973
0.727397 0.857167
0.727397 0.837973
0.716838 0.857428
0.716838 0.837973
0.706278 0.857428
0.706278 0.837973
0.695719 0.857428
0.695719 0.837973
0.68516 0.857428
0.68516 0.837973
0.6746 0.857428
0.6746 0.837973
0.664041 0.857428
0.664041 0.837973
0.653481 0.857428
0.653481 0.837973
0.672439 0.726047
0.660115 0.755799
0.667742 0.74153
0.637344 0.77857
0.649851 0.768306
0.649851 0.651584
0.59149 0.627411
0.607592 0.790894
0.59149 0.79248
0.623075 0.786197
0.575389 0.790894
0.545637 0.77857
0.559906 0.786197
0.667742 0.678361
0.660115 0.664091
0.672439 0.693843
0.674025 0.709945
0.623075 0.633693
0.637344 0.64132
0.607592 0.628996
0.53313 0.651584
0.559906 0.633693
0.575389 0.628996
0.545637 0.64132
0.510542 0.726047
0.515238 0.678361
0.522865 0.664091
0.510542 0.693843
0.508956 0.709945
0.522865 0.755799
0.53313 0.768306
0.515238 0.74153
0.144188 0.590431
0.152542 0.552748
0.14651 0.571178
0.174681 0.521131
0.162055 0.535849
0.186348 0.673622
0.159657 0.64574
0.171629 0.660996
0.150891 0.628442
0.145492 0.607477
0.146286 0.611979
0.257976 0.690185
0.221677 0.689167
0.203247 0.683135
0.24093 0.691489
0.207234 0.500392
0.189937 0.509158
0.226309 0.497431
0.259867 0.687748
0.223698 0.495787
0.2282 0.494994
0.245246 0.493689
0.282929 0.502044
0.264499 0.496011
0.324121 0.649329
0.296239 0.67602
0.311495 0.664048
0.278942 0.684786
0.262477 0.689391
0.335285 0.556736
0.339666 0.614
0.333634 0.63243
0.341988 0.594747
0.340683 0.577701
0.33989 0.5732
0.314547 0.524182
0.299828 0.511556
0.326519 0.539438
0.278955 0.827164
0.237694 0.7802
0.235088 0.829138
0.271964 0.778658
0.323946 0.816091
0.265718 0.735317
0.240023 0.736473
0.242111 0.697276
0.260118 0.696466
0.293044 0.728592
0.279973 0.691579
0.307626 0.769882
0.365912 0.796454
0.318534 0.716665
0.298493 0.682913
0.340891 0.754316
0.40324 0.769008
0.341206 0.699994
0.314966 0.670801
0.370479 0.73256
0.434497 0.734806
0.360191 0.67922
0.32876 0.655708
0.395255 0.70545
0.458481 0.695163
0.374758 0.655142
0.339344 0.638213
0.414266 0.674027
0.47427 0.651603
0.384348 0.628684
0.346312 0.61899
0.426781 0.639499
0.480892 0.608194
0.431954 0.605587
0.388227 0.603258
0.34903 0.60117
0.479174 0.559514
0.432211 0.600774
0.481148 0.603381
0.430669 0.566505
0.468102 0.514523
0.387328 0.572751
0.388484 0.598445
0.349286 0.596358
0.348476 0.578351
0.380602 0.545425
0.34359 0.558496
0.421892 0.530843
0.448465 0.472557
0.368675 0.519935
0.334924 0.539976
0.406327 0.497578
0.421018 0.435229
0.352004 0.497262
0.322811 0.523503
0.384571 0.46799
0.386816 0.403972
0.331231 0.478278
0.307718 0.509709
0.357461 0.443214
0.347174 0.379988
0.307153 0.46371
0.290224 0.499125
0.326038 0.424203
0.303614 0.364199
0.280695 0.45412
0.271 0.492157
0.29151 0.411688
0.260204 0.357577
0.257598 0.406514
0.255269 0.450241
0.253181 0.489439
0.601885 0.582398
0.634155 0.585852
0.63446 0.549633
0.60925 0.546935
0.5692 0.572182
0.615831 0.515247
0.634733 0.51727
0.634978 0.488259
0.621731 0.486842
0.595979 0.509042
0.607307 0.482333
0.583343 0.538837
0.539136 0.555785
0.577719 0.499083
0.59404 0.475097
0.559513 0.52584
0.512849 0.533839
0.561753 0.485753
0.582439 0.465412
0.538676 0.508444
0.491349 0.507185
0.548694 0.469564
0.572951 0.45365
0.521634 0.487317
0.475462 0.47685
0.539044 0.451139
0.56594 0.440263
0.50904 0.463271
0.465798 0.443997
0.533174 0.431185
0.561675 0.425765
0.50138 0.437231
0.462889 0.411673
0.499108 0.411979
0.531471 0.412251
0.560481 0.412496
0.466372 0.375841
0.462919 0.408111
0.499138 0.408417
0.501836 0.383207
0.476588 0.343157
0.533523 0.389788
0.531501 0.408689
0.560511 0.408934
0.561929 0.395687
0.539729 0.369936
0.566437 0.381263
0.509934 0.357299
0.492985 0.313093
0.549688 0.351676
0.573673 0.367996
0.522931 0.333469
0.514932 0.286806
0.563018 0.335709
0.583358 0.356396
0.540327 0.312632
0.541585 0.265305
0.579206 0.32265
0.59512 0.346907
0.561453 0.29559
0.571921 0.249418
0.597632 0.313001
0.608508 0.339896
0.585499 0.282997
0.604773 0.239754
0.617586 0.307131
0.623006 0.335631
0.61154 0.275337
0.637097 0.236845
0.636792 0.273064
0.636519 0.305427
0.636274 0.334437
0.186866 0.822259
0.230275 0.828881
0.232882 0.779944
0.198969 0.77477
0.143306 0.80647
0.209784 0.732338
0.235211 0.736217
0.237298 0.69702
0.219479 0.694301
0.183327 0.722748
0.200256 0.687333
0.164441 0.762255
0.103663 0.782487
0.159249 0.708181
0.182761 0.676749
0.133018 0.743245
0.069461 0.75123
0.138475 0.689196
0.167668 0.662956
0.105908 0.718469
0.042014 0.713901
0.121804 0.666523
0.155555 0.646482
0.084152 0.68888
0.022377 0.671935
0.109877 0.641034
0.146889 0.627962
0.068587 0.655616
0.011305 0.626945
0.103152 0.613707
0.142003 0.608108
0.05981 0.619954
0.009331 0.583077
0.058268 0.585684
0.101996 0.588013
0.141193 0.590101
0.016209 0.534855
0.009587 0.578265
0.058525 0.580871
0.063698 0.546959
0.031998 0.491296
0.106131 0.557774
0.102252 0.5832
0.141449 0.585288
0.144167 0.567469
0.115721 0.531317
0.151135 0.548245
0.076213 0.512431
0.055982 0.451653
0.130288 0.507238
0.161719 0.530751
0.095224 0.481008
0.087239 0.417451
0.149273 0.486465
0.175513 0.515657
0.12 0.453898
0.124567 0.390004
0.171945 0.469794
0.191986 0.503545
0.149588 0.432142
0.166533 0.370367
0.197435 0.457867
0.210506 0.494879
0.182853 0.416577
0.211524 0.359294
0.224761 0.451141
0.230361 0.489993
0.218515 0.4078
0.255391 0.35732
0.252785 0.406258
0.250456 0.449985
0.248368 0.489182
0.670041 0.582973
0.638022 0.549663
0.637717 0.585882
0.663274 0.54739
0.702893 0.573309
0.657228 0.515596
0.638295 0.5173
0.63854 0.488289
0.651809 0.487095
0.677182 0.509726
0.666306 0.482831
0.689315 0.53973
0.733229 0.557422
0.695608 0.500076
0.679694 0.475819
0.713361 0.527137
0.759882 0.535921
0.711797 0.487018
0.691456 0.466331
0.734488 0.510094
0.781829 0.509634
0.725127 0.471051
0.701141 0.454731
0.751884 0.489258
0.798226 0.47957
0.735085 0.452791
0.708377 0.441463
0.76488 0.465428
0.808442 0.446886
0.741291 0.432939
0.712885 0.42704
0.772979 0.43952
0.811895 0.414615
0.775676 0.41431
0.743313 0.414037
0.714303 0.413793
0.809017 0.37873
0.775706 0.410748
0.811925 0.411053
0.773434 0.385496
0.799353 0.345877
0.74164 0.391542
0.743343 0.410475
0.714333 0.410231
0.713139 0.396962
0.73577 0.371588
0.708874 0.382464
0.765774 0.359456
0.783465 0.315542
0.72612 0.353163
0.701863 0.369077
0.753181 0.33541
0.761965 0.288888
0.713061 0.336974
0.692375 0.357315
0.736138 0.314283
0.735678 0.266941
0.697095 0.323644
0.680774 0.347629
0.715302 0.296887
0.705614 0.250545
0.678835 0.313685
0.667507 0.340393
0.691472 0.28389
0.67293 0.240328
0.658983 0.30748
0.653083 0.335885
0.665564 0.275792
0.640659 0.236875
0.640354 0.273094
0.640081 0.305457
0.639836 0.334467
0.144797 0.070253
0.189003 0.065738
0.144797 0.065738
0.189003 0.070253
0.229634 0.065738
0.229634 0.070253
0.266281 0.065738
0.266281 0.070253
0.181347 0.137047
0.1447 0.137047
0.1447 0.141561
0.181347 0.141561
0.221978 0.137047
0.221978 0.141561
0.266184 0.137047
0.266184 0.141561
0.189003 0.028579
0.144797 0.028579
0.144798 0.033094
0.189003 0.033094
0.229634 0.028579
0.229634 0.033094
0.266282 0.028579
0.266282 0.033094
0.266184 0.11947
0.229536 0.123985
0.266184 0.123985
0.229536 0.11947
0.188905 0.123985
0.188905 0.11947
0.144699 0.123985
0.144699 0.11947
0.188905 0.101894
0.144699 0.101894
0.144699 0.106408
0.188905 0.106408
0.229536 0.101894
0.229536 0.106408
0.266184 0.101894
0.266184 0.106408
0.266184 0.084318
0.221978 0.088832
0.266184 0.088832
0.221978 0.084318
0.181347 0.088832
0.181347 0.084318
0.144699 0.088832
0.144699 0.084318
0.222076 0.051673
0.266282 0.051673
0.266282 0.047159
0.222076 0.047159
0.181445 0.051673
0.181445 0.047159
0.144797 0.051673
0.144797 0.047159
0.266282 0.01
0.222075 0.014514
0.266281 0.014514
0.222076 0.01
0.181445 0.014514
0.181445 0.01
0.144797 0.014514
0.144797 0.01
0.484451 -0.355877
0.452677 -0.355878
0.452677 -0.355878
0.484451 -0.355878
0.897937 0.936282
0.92549 0.980076
0.92549 0.936282
0.897937 0.980076
0.870384 0.936282
0.870384 0.980076
0.842832 0.936282
0.842832 0.980076
0.815279 0.936282
0.815279 0.980076
0.787727 0.936282
0.787727 0.980076
0.760174 0.936282
0.760174 0.980076
0.732622 0.936282
0.732622 0.980076
0.705069 0.936282
0.705069 0.980076
0.677517 0.936282
0.677517 0.980076
0.649965 0.936282
0.649965 0.980076
0.622412 0.936282
0.622412 0.980076
0.59486 0.936282
0.59486 0.980076
0.567307 0.936282
0.567307 0.980076
0.539755 0.936282
0.539755 0.980076
0.512202 0.936282
0.512202 0.980076
0.48465 0.936282
0.48465 0.980076
0.457098 0.936282
0.457098 0.980076
0.429545 0.936282
0.429545 0.980076
0.401992 0.936282
0.401992 0.980076
0.37444 0.936282
0.37444 0.980076
0.346888 0.936282
0.346888 0.980076
0.319335 0.936282
0.319335 0.980076
0.291783 0.936282
0.291783 0.980076
0.26423 0.936282
0.26423 0.980076
0.236678 0.936282
0.236678 0.980076
0.209126 0.936282
0.209126 0.980076
0.181573 0.936282
0.181573 0.980076
0.15402 0.936282
0.15402 0.980076
0.126468 0.936282
0.126468 0.980076
0.098916 0.936282
0.098916 0.980076
0.071363 0.936282
0.071363 0.980076
0.043811 0.936282
0.043811 0.980076
0.903246 0.928125
0.930745 0.86248
0.930745 0.928125
0.903246 0.86248
0.875747 0.928125
0.875747 0.86248
0.848249 0.928125
0.848249 0.86248
0.820751 0.928125
0.820751 0.86248
0.793252 0.928125
0.793252 0.86248
0.765754 0.928125
0.765754 0.86248
0.738255 0.928125
0.738255 0.86248
0.710757 0.928125
0.710757 0.86248
0.683259 0.928125
0.683259 0.86248
0.65576 0.928125
0.65576 0.86248
0.628262 0.928125
0.628262 0.86248
0.600763 0.928125
0.600763 0.86248
0.573265 0.928125
0.573265 0.86248
0.545767 0.928125
0.545767 0.86248
0.518268 0.928125
0.518268 0.86248
0.49077 0.928125
0.49077 0.86248
0.463271 0.928125
0.463271 0.86248
0.435773 0.928125
0.435773 0.86248
0.408275 0.928125
0.408275 0.86248
0.380776 0.928125
0.380776 0.86248
0.353278 0.928125
0.353278 0.86248
0.325779 0.928125
0.325779 0.86248
0.298281 0.928125
0.298281 0.86248
0.270782 0.928125
0.270782 0.86248
0.243284 0.928125
0.243284 0.86248
0.215786 0.928125
0.215786 0.86248
0.188287 0.928125
0.188287 0.86248
0.160789 0.928125
0.160789 0.86248
0.13329 0.928125
0.13329 0.86248
0.105792 0.928125
0.105792 0.86248
0.078294 0.928125
0.078294 0.86248
0.050795 0.928125
0.050795 0.86248
0.182156 0.315382
0.195041 0.317529
0.193522 0.315382
0.195041 0.339795
0.196561 0.315382
0.182156 0.339795
0.207927 0.339795
0.169271 0.315382
0.207927 0.315382
0.169271 0.339795
0.220812 0.339795
0.156386 0.315382
0.220812 0.315382
0.156386 0.339795
0.233697 0.339795
0.143501 0.315382
0.233697 0.315382
0.143501 0.339795
0.246582 0.339795
0.130615 0.315382
0.246582 0.315382
0.130615 0.339795
0.259468 0.339795
0.11773 0.315382
0.259468 0.315382
0.11773 0.339795
0.272353 0.339795
0.104845 0.315382
0.272353 0.315382
0.104845 0.339795
0.285238 0.339795
0.093479 0.315382
0.09196 0.339795
0.285238 0.315382
0.09196 0.317529
0.079074 0.339795
0.298123 0.339795
0.079074 0.315382
0.09044 0.315382
0.066189 0.339795
0.066189 0.315382
0.053304 0.339795
0.053304 0.315382
0.040419 0.339795
0.040419 0.315382
0.027534 0.339795
0.027534 0.315382
0.014648 0.339795
0.014648 0.315382
0.298123 0.317529
0.296604 0.315382
0.299643 0.315382
0.311008 0.315382
0.311008 0.339795
0.323894 0.315382
0.323894 0.339795
0.336779 0.315382
0.336779 0.339795
0.349664 0.315382
0.349664 0.339795
0.362549 0.315382
0.362549 0.339795
0.375435 0.315382
0.375435 0.339795
0.38832 0.315382
0.38832 0.339795
0.401205 0.317529
0.399686 0.315382
0.401205 0.339795
0.402724 0.315382
0.41409 0.315382
0.41409 0.339795
0.426976 0.315382
0.426975 0.339795
0.018217 0.30894
0.01001 0.30894
0.01001 0.279896
0.018217 0.279896
0.026424 0.30894
0.026424 0.279896
0.034632 0.30894
0.034632 0.279896
0.042839 0.30894
0.042839 0.279896
0.051047 0.30894
0.051047 0.279896
0.059254 0.30894
0.059254 0.279896
0.067462 0.279896
0.067462 0.30894
0.075669 0.279896
0.075669 0.30894
0.083876 0.279896
0.083876 0.30894
0.092084 0.279896
0.092084 0.30894
0.100291 0.279896
0.100291 0.30894
0.108499 0.279896
0.108499 0.30894
0.116706 0.279896
0.116706 0.30894
0.124914 0.279896
0.124914 0.30894
0.133121 0.279896
0.133121 0.30894
0.141328 0.279896
0.141328 0.30894
0.149536 0.279896
0.149536 0.30894
0.157743 0.279896
0.157743 0.30894
0.165951 0.279896
0.165951 0.30894
0.174158 0.279896
0.174158 0.30894
0.182366 0.279896
0.182366 0.30894
0.190573 0.279896
0.190573 0.30894
0.198781 0.30894
0.198781 0.279896
0.206988 0.30894
0.206988 0.279896
0.215195 0.30894
0.215195 0.279896
0.223403 0.30894
0.223403 0.279896
0.23161 0.30894
0.23161 0.279896
0.239818 0.30894
0.239818 0.279896
0.248025 0.30894
0.248025 0.279896
0.256233 0.30894
0.256233 0.279896
0.26444 0.30894
0.26444 0.279896
0.272647 0.30894
0.272647 0.279896
0.171466 0.178977
0.169296 0.181235
0.171466 0.183492
0.174173 0.178977
0.174173 0.183492
0.171466 0.171315
0.171466 0.1668
0.169296 0.169058
0.174173 0.1668
0.174173 0.171315
0.171466 0.195669
0.171466 0.191155
0.169296 0.193412
0.174173 0.191155
0.174173 0.195669
0.171466 0.154623
0.169296 0.15688
0.171466 0.159138
0.174173 0.154623
0.174173 0.159138
0.075133 0.139047
0.075133 0.14221
0.079648 0.14221
0.079648 0.139047
0.062765 0.139047
0.062765 0.14221
0.067279 0.14221
0.067279 0.139047
0.068949 0.139047
0.068949 0.14221
0.073463 0.14221
0.073463 0.139047
0.081318 0.139047
0.081318 0.14221
0.085832 0.14221
0.085832 0.139047
0.254196 0.191356
0.254196 0.222225
0.283152 0.222225
0.283152 0.191356
0.313694 0.222225
0.313694 0.191356
0.344237 0.222225
0.344237 0.191356
0.37478 0.191356
0.37478 0.222225
0.405322 0.222225
0.405322 0.191356
0.435865 0.222225
0.435865 0.191356
0.466408 0.191356
0.466408 0.222225
0.495363 0.191356
0.495363 0.222225
0.739705 0.191356
0.710749 0.222225
0.739705 0.222225
0.710749 0.191356
0.680207 0.191356
0.680207 0.222225
0.649664 0.222225
0.649664 0.191356
0.619121 0.191356
0.619121 0.222225
0.588579 0.222225
0.588579 0.191356
0.558036 0.222225
0.558036 0.191356
0.527493 0.222225
0.527493 0.191356
0.498538 0.222225
0.498538 0.191356
0.251021 0.191356
0.222066 0.222225
0.251021 0.222225
0.222066 0.191356
0.191523 0.222225
0.191523 0.191356
0.160981 0.222225
0.160981 0.191356
0.130438 0.191356
0.130438 0.222225
0.099895 0.222225
0.099895 0.191356
0.069353 0.222225
0.069353 0.191356
0.03881 0.191356
0.03881 0.222225
0.009855 0.191356
0.009855 0.222225
0.74288 0.191356
0.74288 0.222225
0.771835 0.222225
0.771835 0.191356
0.802378 0.191356
0.802378 0.222225
0.832921 0.222225
0.832921 0.191356
0.863463 0.191356
0.863463 0.222225
0.894006 0.222225
0.894006 0.191356
0.924549 0.222225
0.924549 0.191356
0.955091 0.222225
0.955091 0.191356
0.984046 0.222225
0.984046 0.191356
0.495344 0.198976
0.495344 0.214605
0.498557 0.214603
0.498557 0.198976
0.254215 0.214604
0.254215 0.198977
0.251002 0.198977
0.251002 0.214604
0.742899 0.214604
0.742899 0.198976
0.739686 0.198976
0.739686 0.214604
0.987241 0.214605
0.987241 0.198976
0.984027 0.198976
0.984027 0.214603
0.137785 0.108804
0.135728 0.106401
0.088523 0.111299
0.088611 0.114461
0.04706 0.108823
0.046751 0.111971
0.010429 0.103804
0.01 0.106938
0.139787 0.031695
0.139242 0.028579
0.102824 0.034963
0.10325 0.038097
0.061482 0.038986
0.061513 0.042149
0.014128 0.035855
0.012161 0.038333
0.137785 0.091227
0.135728 0.088825
0.088523 0.093722
0.088611 0.096884
0.04706 0.091247
0.046751 0.094395
0.010429 0.086228
0.01 0.089362
0.139787 0.013115
0.139242 0.01
0.102824 0.016384
0.10325 0.019518
0.061482 0.020406
0.061513 0.023569
0.014127 0.017276
0.012161 0.019753
0.137785 0.143956
0.135728 0.141554
0.088523 0.146451
0.088611 0.149613
0.04706 0.143976
0.046751 0.147124
0.010429 0.138957
0.01 0.142091
0.139787 0.050274
0.139242 0.047159
0.102824 0.053543
0.10325 0.056677
0.061482 0.057565
0.061513 0.060728
0.014127 0.054435
0.012161 0.056912
0.137785 0.12638
0.135727 0.123978
0.088523 0.128875
0.088611 0.132037
0.04706 0.126399
0.046751 0.129547
0.010429 0.121381
0.01 0.124514
0.139787 0.068854
0.139242 0.065738
0.102824 0.072122
0.10325 0.075256
0.061482 0.076145
0.061513 0.079308
0.014127 0.073014
0.012161 0.075492
0.498538 0.191356
0.498557 0.198976
0.498557 0.214603
0.498538 0.222225
0.495363 0.222225
0.495344 0.214605
0.495344 0.198976
0.495363 0.191356
0.254196 0.191356
0.254215 0.198977
0.254215 0.214604
0.254196 0.222225
0.251021 0.222225
0.251002 0.214604
0.251002 0.198977
0.251021 0.191356
0.74288 0.191356
0.742899 0.198976
0.742899 0.214604
0.74288 0.222225
0.739705 0.222225
0.739686 0.214604
0.739686 0.198976
0.739705 0.191356
0.009855 0.191356
0.009874 0.198976
0.009874 0.214605
0.009855 0.222225
0.984046 0.222225
0.984027 0.214603
0.984027 0.198976
0.984046 0.191356
0.40934 0.15091
0.460514 0.161744
0.462867 0.159206
0.409109 0.154364
0.363463 0.151837
0.363665 0.155292
0.323062 0.155763
0.323396 0.159209
0.323062 0.092444
0.325313 0.095073
0.376968 0.089714
0.376872 0.086254
0.422341 0.092423
0.422678 0.088978
0.462425 0.097915
0.462894 0.094485
0.323062 0.168392
0.323396 0.171837
0.363665 0.167921
0.363463 0.164465
0.409109 0.166992
0.40934 0.163539
0.460514 0.174373
0.462867 0.171834
0.323062 0.118458
0.325313 0.121087
0.376968 0.115728
0.376872 0.112268
0.422341 0.118437
0.422678 0.114992
0.462425 0.123929
0.462894 0.1205
0.323062 0.105451
0.325313 0.10808
0.376968 0.102721
0.376872 0.099261
0.422341 0.10543
0.422678 0.101985
0.462425 0.110922
0.462894 0.107493
0.323062 0.18102
0.323396 0.184465
0.363665 0.180549
0.363463 0.177094
0.409109 0.179621
0.40934 0.176167
0.460514 0.187001
0.462867 0.184462
0.323062 0.131465
0.325313 0.134094
0.376968 0.128735
0.376872 0.125275
0.422341 0.131444
0.422678 0.127999
0.462425 0.136936
0.462894 0.133507
0.323062 0.143135
0.323396 0.14658
0.363665 0.142664
0.363463 0.139208
0.409109 0.141736
0.40934 0.138282
0.460514 0.149116
0.462867 0.146577
0.42592 0.310254
0.399033 0.291
0.399033 0.312902
0.372146 0.310254
0.421647 0.288773
0.376419 0.288773
0.451773 0.302412
0.346293 0.302412
0.443391 0.282177
0.354674 0.282177
0.475599 0.289676
0.322466 0.289676
0.463431 0.271465
0.334634 0.271465
0.496483 0.272537
0.301582 0.272537
0.480996 0.25705
0.317069 0.25705
0.513623 0.251653
0.284443 0.251653
0.495412 0.239485
0.302654 0.239485
0.526358 0.227826
0.271708 0.227826
0.506123 0.219445
0.291942 0.219445
0.534201 0.201973
0.263865 0.201973
0.51272 0.1977
0.285346 0.1977
0.536849 0.175087
0.261217 0.175087
0.514947 0.175087
0.283119 0.175087
0.534201 0.1482
0.263865 0.1482
0.51272 0.152473
0.285346 0.152473
0.526358 0.122347
0.271708 0.122347
0.506123 0.130728
0.291942 0.130728
0.513623 0.09852
0.284443 0.09852
0.495412 0.110688
0.302654 0.110688
0.496483 0.077636
0.301582 0.077636
0.480996 0.093123
0.317069 0.093123
0.475599 0.060497
0.322467 0.060497
0.463431 0.078708
0.334635 0.078708
0.451773 0.047761
0.346293 0.047761
0.443391 0.067996
0.354674 0.067996
0.425919 0.039919
0.372146 0.039919
0.421647 0.0614
0.376419 0.0614
0.399033 0.037271
0.399033 0.059173
0.746441 0.670589
0.766995 0.67355
0.771506 0.655217
0.751924 0.648303
0.745411 0.693516
0.779506 0.638116
0.766148 0.69241
0.761649 0.627515
0.748874 0.716204
0.790689 0.622905
0.768996 0.711073
0.775243 0.609023
0.756696 0.73778
0.804624 0.610167
0.775431 0.728823
0.792184 0.593539
0.768578 0.757416
0.820777 0.600393
0.785205 0.744975
0.811819 0.581658
0.784061 0.774356
0.838526 0.593958
0.797943 0.758911
0.833396 0.573835
0.802553 0.78795
0.85719 0.59111
0.813154 0.770094
0.856084 0.570373
0.823341 0.797676
0.87605 0.591957
0.830255 0.778094
0.879011 0.571402
0.845627 0.803159
0.894383 0.596467
0.848588 0.782605
0.901297 0.576886
0.868554 0.804189
0.911484 0.604468
0.867448 0.783452
0.922085 0.586611
0.891242 0.800726
0.926695 0.615651
0.886112 0.780603
0.940576 0.600205
0.912818 0.792904
0.939432 0.629586
0.903861 0.774168
0.95606 0.617145
0.932454 0.781022
0.949206 0.645739
0.920014 0.764394
0.967942 0.636781
0.949394 0.765538
0.955641 0.663488
0.933949 0.751657
0.975764 0.658358
0.962989 0.747047
0.95849 0.682151
0.945132 0.736446
0.979227 0.681045
0.972714 0.726259
0.957643 0.701012
0.953132 0.719345
0.978197 0.703973
0.706713 0.685369
0.689746 0.709063
0.709047 0.709063
0.687783 0.689135
0.687783 0.728991
0.699802 0.662586
0.706713 0.732757
0.68197 0.669972
0.68197 0.748154
0.688579 0.641588
0.699802 0.75554
0.67253 0.652312
0.67253 0.765814
0.673475 0.623184
0.688579 0.776537
0.659827 0.636832
0.659827 0.781294
0.65507 0.60808
0.673475 0.794942
0.644347 0.624129
0.644347 0.793997
0.634073 0.596857
0.655071 0.810046
0.626687 0.614689
0.626687 0.803437
0.61129 0.589946
0.634073 0.821269
0.607524 0.608876
0.607525 0.80925
0.587596 0.587612
0.61129 0.82818
0.587596 0.606913
0.587596 0.811213
0.563902 0.589946
0.587596 0.830514
0.567668 0.608876
0.567668 0.80925
0.541119 0.596857
0.563902 0.82818
0.548505 0.614689
0.548505 0.803437
0.520122 0.60808
0.541119 0.821269
0.530845 0.624129
0.530845 0.793997
0.501717 0.623184
0.520121 0.810046
0.515365 0.636832
0.515365 0.781294
0.486613 0.641588
0.501717 0.794942
0.502662 0.652312
0.502662 0.765814
0.47539 0.662586
0.486613 0.776537
0.493222 0.669972
0.493222 0.748154
0.468479 0.685369
0.47539 0.75554
0.487409 0.689135
0.487409 0.728991
0.466145 0.709063
0.468479 0.732757
0.485446 0.709063
0.771506 0.655217
0.766995 0.67355
0.790214 0.676893
0.793626 0.663026
0.789573 0.69116
0.779506 0.638116
0.766148 0.69241
0.799677 0.65009
0.791728 0.705277
0.790689 0.622905
0.768996 0.711073
0.808136 0.638584
0.796595 0.718703
0.804624 0.610167
0.775431 0.728823
0.818677 0.628949
0.803988 0.730921
0.820777 0.600393
0.785205 0.744975
0.830896 0.621556
0.813623 0.741462
0.838526 0.593958
0.797943 0.758911
0.844322 0.616688
0.82513 0.749921
0.85719 0.59111
0.813154 0.770094
0.858439 0.614534
0.838065 0.755973
0.87605 0.591957
0.830255 0.778094
0.872706 0.615175
0.851932 0.759385
0.894383 0.596467
0.848588 0.782605
0.886573 0.618586
0.866199 0.760026
0.911484 0.604468
0.867448 0.783452
0.899508 0.624638
0.880316 0.757871
0.926695 0.615651
0.886112 0.780603
0.911015 0.633097
0.893742 0.753004
0.939432 0.629586
0.903861 0.774168
0.920649 0.643638
0.90596 0.74561
0.949206 0.645739
0.920014 0.764394
0.928043 0.655856
0.916502 0.735976
0.955641 0.663488
0.933949 0.751657
0.93291 0.669282
0.924961 0.724469
0.95849 0.682151
0.945132 0.736446
0.935065 0.6834
0.931012 0.711534
0.957643 0.701012
0.953132 0.719345
0.934424 0.697666
0.879329 0.015823
0.851665 0.012806
0.8514 0.037012
0.874354 0.039512
0.905879 0.024172
0.828402 0.039024
0.823943 0.015233
0.896385 0.046438
0.930296 0.037535
0.806238 0.045485
0.797225 0.023021
0.916646 0.057523
0.951643 0.055404
0.785764 0.056147
0.772541 0.035874
0.934358 0.072344
0.969095 0.077098
0.767767 0.0706
0.750842 0.053296
0.948836 0.090337
0.981972 0.101784
0.752937 0.088285
0.732962 0.074613
0.959519 0.110811
0.989775 0.128509
0.741841 0.108518
0.719583 0.099004
0.965991 0.132977
0.992201 0.156235
0.734902 0.130523
0.711216 0.125536
0.967997 0.155971
0.98917 0.183893
0.732388 0.153458
0.708184 0.153194
0.965484 0.178906
0.980802 0.210425
0.734394 0.176452
0.71061 0.18092
0.958544 0.200911
0.967423 0.234816
0.740866 0.198618
0.718413 0.207645
0.947448 0.221145
0.949543 0.256134
0.75155 0.219092
0.73129 0.232332
0.932618 0.238829
0.927845 0.273555
0.766027 0.237085
0.748742 0.254026
0.914622 0.253282
0.90316 0.286408
0.783739 0.251906
0.770089 0.271894
0.894147 0.263944
0.876442 0.294196
0.804 0.262991
0.794506 0.285257
0.871983 0.270405
0.84872 0.296624
0.826031 0.269917
0.821056 0.293606
0.848985 0.272417
0.797131 0.232316
0.81332 0.241166
0.830932 0.246698
0.849265 0.248671
0.867626 0.247077
0.885329 0.241912
0.782982 0.220485
0.901676 0.233392
0.771416 0.206125
0.91604 0.221845
0.762877 0.189781
0.927874 0.207718
0.757696 0.172067
0.936727 0.191559
0.756135 0.153717
0.94226 0.173993
0.758125 0.135436
0.94425 0.155712
0.763658 0.11787
0.942689 0.137362
0.772511 0.101711
0.937508 0.119649
0.784345 0.087585
0.928969 0.103304
0.798709 0.076037
0.917403 0.088944
0.815056 0.067517
0.903254 0.077113
0.83276 0.062352
0.887065 0.068264
0.85112 0.060758
0.869453 0.062731
0.811526 0.095813
0.823759 0.089418
0.837005 0.085538
0.850797 0.084323
0.864604 0.085782
0.877818 0.089942
0.800777 0.104483
0.889952 0.096566
0.791919 0.115089
0.900557 0.105422
0.785294 0.127219
0.909221 0.116161
0.78116 0.140408
0.915614 0.128362
0.779696 0.154166
0.919493 0.141538
0.780893 0.167891
0.920689 0.155264
0.784771 0.181067
0.919225 0.169021
0.791164 0.193268
0.915092 0.18221
0.799828 0.204008
0.908466 0.19434
0.810433 0.212863
0.899608 0.204946
0.822567 0.219488
0.888859 0.213616
0.835781 0.223648
0.876627 0.220011
0.849588 0.225107
0.86338 0.223892
0.831882 0.19786
0.840752 0.200635
0.850005 0.201582
0.859268 0.200694
0.868062 0.198032
0.876128 0.19377
0.823736 0.193419
0.883268 0.187969
0.816661 0.187506
0.889194 0.18081
0.810911 0.18037
0.893543 0.172645
0.806682 0.172297
0.896201 0.16392
0.804111 0.16358
0.897117 0.154888
0.803268 0.154542
0.896274 0.14585
0.804185 0.145509
0.893704 0.137133
0.806842 0.136783
0.889474 0.129059
0.811192 0.128618
0.883724 0.121924
0.817119 0.121459
0.876649 0.116011
0.824257 0.115659
0.868503 0.111569
0.832323 0.111398
0.859633 0.108795
0.841117 0.108735
0.85038 0.107848
0.833746 0.138252
0.837292 0.135382
0.850192 0.154715
0.830876 0.141686
0.841394 0.133225
0.828754 0.145654
0.845798 0.131884
0.827404 0.150038
0.850302 0.131454
0.826932 0.154611
0.854798 0.131912
0.827364 0.159186
0.859128 0.133239
0.828683 0.16358
0.863133 0.135386
0.830834 0.16762
0.866655 0.138278
0.83373 0.171152
0.869551 0.141809
0.837252 0.174043
0.871702 0.145849
0.841257 0.176191
0.873021 0.150243
0.845587 0.177517
0.873453 0.154819
0.850084 0.177975
0.872981 0.159392
0.854587 0.177546
0.87163 0.163776
0.858991 0.176205
0.869508 0.167744
0.863094 0.174047
0.866639 0.171179
256
0 1 2
3 4 5
6 7 8
6 9 7
10 9 6
10 11 9
12 11 10
12 13 11
14 13 12
14 15 13
16 15 14
16 17 15
18 17 16
18 19 17
20 19 18
20 21 19
22 21 20
22 23 21
24 23 22
24 25 23
26 25 24
26 27 25
28 27 26
28 29 27
30 29 28
30 31 29
32 31 30
32 33 31
34 33 32
34 35 33
36 35 34
36 37 35
38 37 36
38 39 37
40 39 38
40 41 39
42 41 40
42 43 41
44 43 42
44 45 43
46 45 44
46 47 45
48 47 46
48 49 47
50 49 48
50 51 49
52 51 50
52 53 51
54 53 52
54 55 53
56 55 54
56 57 55
58 57 56
58 59 57
60 59 58
60 61 59
62 61 60
62 63 61
64 63 62
64 65 63
66 65 64
66 67 65
68 67 66
68 69 67
70 69 68
70 71 69
72 73 74
72 74 75
75 74 76
75 76 77
77 76 78
77 78 79
79 78 80
79 80 81
81 80 82
81 82 83
83 82 84
83 84 85
85 84 86
85 86 87
87 86 88
87 88 89
89 88 90
89 90 91
91 90 92
91 92 93
93 92 94
93 94 95
95 94 96
95 96 97
97 96 98
97 98 99
99 98 100
99 100 101
101 100 102
101 102 103
103 102 104
103 104 105
105 104 106
105 106 107
107 106 108
107 108 109
109 108 110
109 110 111
111 110 112
111 112 113
113 112 114
113 114 115
115 114 116
115 116 117
117 116 118
117 118 119
119 118 120
119 120 121
121 120 122
121 122 123
123 122 124
123 124 125
125 124 126
125 126 127
127 126 128
127 128 129
129 128 130
129 130 131
131 130 132
131 132 133
133 132 134
133 134 135
135 134 136
135 136 137
138 139 140
138 141 139
139 141 142
141 138 143
141 143 144
141 144 145
145 144 146
141 145 147
144 148 146
144 149 148
148 149 150
143 138 151
143 151 152
138 153 151
138 154 153
144 143 155
155 143 156
144 155 157
158 149 144
158 144 159
159 144 160
158 159 161
158 162 149
163 162 158
163 158 164
165 162 163
165 166 162
149 162 167
149 167 168
167 162 169
170 171 172
170 173 171
171 173 174
173 170 175
175 170 176
175 176 177
170 178 176
170 179 178
180 178 179
173 175 181
181 175 182
182 175 183
181 182 184
173 181 185
173 185 186
185 181 187
187 181 188
185 187 189
188 190 187
188 191 190
191 188 192
191 192 193
194 192 188
194 188 195
194 195 196
197 195 188
197 188 198
194 199 192
200 199 194
200 194 201
202 199 200
202 203 199
204 199 203
192 199 205
192 205 206
205 199 207
208 209 210
208 211 209
212 211 208
213 209 211
213 214 209
213 215 214
213 216 215
217 216 213
217 213 211
217 218 216
212 219 211
217 211 219
220 219 212
221 218 217
221 217 219
221 222 218
220 223 219
221 219 223
224 223 220
225 222 221
225 221 223
225 226 222
224 227 223
225 223 227
228 227 224
229 226 225
229 225 227
229 230 226
228 231 227
229 227 231
232 231 228
233 230 229
233 229 231
233 234 230
232 235 231
233 231 235
236 235 232
237 234 233
237 233 235
237 238 234
236 239 235
237 235 239
240 239 236
240 241 239
242 239 241
242 237 239
242 238 237
242 243 238
244 245 246
244 247 245
248 247 244
249 245 247
249 250 245
249 251 250
249 252 251
253 252 249
253 249 247
253 254 252
248 255 247
253 247 255
256 255 248
257 254 253
257 253 255
257 258 254
256 259 255
257 255 259
260 259 256
261 258 257
261 257 259
261 262 258
260 263 259
261 259 263
264 263 260
265 262 261
265 261 263
265 266 262
264 267 263
265 263 267
268 267 264
269 266 265
269 265 267
269 270 266
268 271 267
269 267 271
272 271 268
273 270 269
273 269 271
273 274 270
272 275 271
273 271 275
276 275 272
276 277 275
278 275 277
278 273 275
278 274 273
278 279 274
280 281 282
280 282 283
284 280 283
285 283 282
285 282 286
285 286 287
285 287 288
289 285 288
289 283 285
289 288 290
284 283 291
289 291 283
292 284 291
293 289 290
293 291 289
293 290 294
292 291 295
293 295 291
296 292 295
297 293 294
297 295 293
297 294 298
296 295 299
297 299 295
300 296 299
301 297 298
301 299 297
301 298 302
300 299 303
301 303 299
304 300 303
305 301 302
305 303 301
305 302 306
304 303 307
305 307 303
308 304 307
309 305 306
309 307 305
309 306 310
308 307 311
309 311 307
312 308 311
312 311 313
314 313 311
314 311 309
314 309 310
314 310 315
316 317 318
316 318 319
320 316 319
321 319 318
321 318 322
321 322 323
321 323 324
325 321 324
325 319 321
325 324 326
320 319 327
325 327 319
328 320 327
329 325 326
329 327 325
329 326 330
328 327 331
329 331 327
332 328 331
333 329 330
333 331 329
333 330 334
332 331 335
333 335 331
336 332 335
337 333 334
337 335 333
337 334 338
336 335 339
337 339 335
340 336 339
341 337 338
341 339 337
341 338 342
340 339 343
341 343 339
344 340 343
345 341 342
345 343 341
345 342 346
344 343 347
345 347 343
348 344 347
348 347 349
350 349 347
350 347 345
350 345 346
350 346 351
352 353 354
352 354 355
356 352 355
357 355 354
357 354 358
357 358 359
357 359 360
361 357 360
361 355 357
361 360 362
356 355 363
361 363 355
364 356 363
365 361 362
365 363 361
365 362 366
364 363 367
365 367 363
368 364 367
369 365 366
369 367 365
369 366 370
368 367 371
369 371 367
372 368 371
373 369 370
373 371 369
373 370 374
372 371 375
373 375 371
376 372 375
377 373 374
377 375 373
377 374 378
376 375 379
377 379 375
380 376 379
381 377 378
381 379 377
381 378 382
380 379 383
381 383 379
384 380 383
384 383 385
386 385 383
386 383 381
386 381 382
386 382 387
388 389 390
388 390 391
392 388 391
393 391 390
393 390 394
393 394 395
393 395 396
397 393 396
397 391 393
397 396 398
392 391 399
397 399 391
400 392 399
401 397 398
401 399 397
401 398 402
400 399 403
401 403 399
404 400 403
405 401 402
405 403 401
405 402 406
404 403 407
405 407 403
408 404 407
409 405 406
409 407 405
409 406 410
408 407 411
409 411 407
412 408 411
413 409 410
413 411 409
413 410 414
412 411 415
413 415 411
416 412 415
417 413 414
417 415 413
417 414 418
416 415 419
417 419 415
420 416 419
420 419 421
422 421 419
422 419 417
422 417 418
422 418 423
424 425 426
424 427 425
428 427 424
429 425 427
429 430 425
429 431 430
429 432 431
433 432 429
433 429 427
433 434 432
428 435 427
433 427 435
436 435 428
437 434 433
437 433 435
437 438 434
436 439 435
437 435 439
440 439 436
441 438 437
441 437 439
441 442 438
440 443 439
441 439 443
444 443 440
445 442 441
445 441 443
445 446 442
444 447 443
445 443 447
448 447 444
449 446 445
449 445 447
449 450 446
448 451 447
449 447 451
452 451 448
453 450 449
453 449 451
453 454 450
452 455 451
453 451 455
456 455 452
456 457 455
458 455 457
458 453 455
458 454 453
458 459 454
460 461 462
460 463 461
464 463 460
465 461 463
465 466 461
465 467 466
465 468 467
469 468 465
469 465 463
469 470 468
464 471 463
469 463 471
472 471 464
473 470 469
473 469 471
473 474 470
472 475 471
473 471 475
476 475 472
477 474 473
477 473 475
477 478 474
476 479 475
477 475 479
480 479 476
481 478 477
481 477 479
481 482 478
480 483 479
481 479 483
484 483 480
485 482 481
485 481 483
485 486 482
484 487 483
485 483 487
488 487 484
489 486 485
489 485 487
489 490 486
488 491 487
489 487 491
492 491 488
492 493 491
494 491 493
494 489 491
494 490 489
494 495 490
496 497 498
496 499 497
500 497 499
500 499 501
501 502 500
501 503 502
504 505 506
504 506 507
508 504 507
508 507 509
510 508 509
510 509 511
512 513 514
512 514 515
515 516 512
515 517 516
518 516 517
518 517 519
520 521 522
520 523 521
523 524 521
523 525 524
526 524 525
526 525 527
528 529 530
528 530 531
531 532 528
531 533 532
534 532 533
534 533 535
536 537 538
536 539 537
540 537 539
540 539 541
542 540 541
542 541 543
544 545 546
544 546 547
547 548 544
547 549 548
550 548 549
550 549 551
552 553 554
552 555 553
556 553 555
556 555 557
557 558 556
557 559 558
560 561 562
560 562 563
564 565 566
564 567 565
568 567 564
568 569 567
570 569 568
570 571 569
572 571 570
572 573 571
574 573 572
574 575 573
576 575 574
576 577 575
578 577 576
578 579 577
580 579 578
580 581 579
582 581 580
582 583 581
584 583 582
584 585 583
586 585 584
586 587 585
588 587 586
588 589 587
590 589 588
590 591 589
592 591 590
592 593 591
594 593 592
594 595 593
596 595 594
596 597 595
598 597 596
598 599 597
600 599 598
600 601 599
602 601 600
602 603 601
604 603 602
604 605 603
606 605 604
606 607 605
608 607 606
608 609 607
610 609 608
610 611 609
612 611 610
612 613 611
614 613 612
614 615 613
616 615 614
616 617 615
618 617 616
618 619 617
620 619 618
620 621 619
622 621 620
622 623 621
624 623 622
624 625 623
626 625 624
626 627 625
628 627 626
628 629 627
630 631 632
630 633 631
634 633 630
634 635 633
636 635 634
636 637 635
638 637 636
638 639 637
640 639 638
640 641 639
642 641 640
642 643 641
644 643 642
644 645 643
646 645 644
646 647 645
648 647 646
648 649 647
650 649 648
650 651 649
652 651 650
652 653 651
654 653 652
654 655 653
656 655 654
656 657 655
658 657 656
658 659 657
660 659 658
660 661 659
662 661 660
662 663 661
664 663 662
664 665 663
666 665 664
666 667 665
668 667 666
668 669 667
670 669 668
670 671 669
672 671 670
672 673 671
674 673 672
674 675 673
676 675 674
676 677 675
678 677 676
678 679 677
680 679 678
680 681 679
682 681 680
682 683 681
684 683 682
684 685 683
686 685 684
686 687 685
688 687 686
688 689 687
690 689 688
690 691 689
692 691 690
692 693 691
694 693 692
694 695 693
696 697 698
696 699 697
697 699 700
696 701 699
700 699 702
703 701 696
700 702 704
703 705 701
704 702 706
707 705 703
704 706 708
707 709 705
708 706 710
711 709 707
708 710 712
711 713 709
712 710 714
715 713 711
712 714 716
715 717 713
716 714 718
719 717 715
716 718 720
719 721 717
720 718 722
723 721 719
720 722 724
723 725 721
724 722 726
727 725 723
727 728 725
724 726 729
730 728 727
730 731 728
729 726 732
730 733 731
734 733 730
733 735 731
733 736 735
736 737 735
736 738 737
738 739 737
738 740 739
740 741 739
740 742 741
742 743 741
742 744 743
729 732 745
729 745 746
732 747 745
748 747 732
748 732 749
750 748 749
750 749 751
752 750 751
752 751 753
754 752 753
754 753 755
756 754 755
756 755 757
758 756 757
758 757 759
760 758 759
760 759 761
762 760 761
763 760 762
762 761 764
764 765 762
766 765 764
766 764 767
768 766 767
768 767 769
770 771 772
770 772 773
774 770 773
774 773 775
776 774 775
776 775 777
778 776 777
778 777 779
780 778 779
780 779 781
782 780 781
782 781 783
782 783 784
782 784 785
785 784 786
785 786 787
787 786 788
787 788 789
789 788 790
789 790 791
791 790 792
791 792 793
793 792 794
793 794 795
795 794 796
795 796 797
797 796 798
797 798 799
799 798 800
799 800 801
801 800 802
801 802 803
803 802 804
803 804 805
805 804 806
805 806 807
807 806 808
807 808 809
809 808 810
809 810 811
811 810 812
811 812 813
813 812 814
813 814 815
816 815 814
816 814 817
818 816 817
818 817 819
820 818 819
820 819 821
822 820 821
822 821 823
824 822 823
824 823 825
826 824 825
826 825 827
828 826 827
828 827 829
830 828 829
830 829 831
832 830 831
832 831 833
834 832 833
834 833 835
836 837 838
838 839 836
838 840 839
841 842 843
841 844 842
841 845 844
846 847 848
846 849 847
846 850 849
851 852 853
853 854 851
853 855 854
856 857 858
856 858 859
860 861 862
860 862 863
864 865 866
864 866 867
868 869 870
868 870 871
872 873 874
872 874 875
875 874 876
875 876 877
877 876 878
877 878 879
880 879 878
880 878 881
880 881 882
880 882 883
883 882 884
883 884 885
886 885 884
886 884 887
888 886 887
888 887 889
890 891 892
890 893 891
894 891 893
894 895 891
894 896 895
894 897 896
898 896 897
898 899 896
898 900 899
898 901 900
901 902 900
901 903 902
903 904 902
903 905 904
905 906 904
905 907 906
908 909 910
908 911 909
911 912 909
911 913 912
913 914 912
913 915 914
916 914 915
916 917 914
916 918 917
916 919 918
919 920 918
919 921 920
922 920 921
922 923 920
924 923 922
924 925 923
926 927 928
926 928 929
930 929 928
930 928 931
930 931 932
930 932 933
934 933 932
934 932 935
934 935 936
934 936 937
937 936 938
937 938 939
939 938 940
939 940 941
941 940 942
941 942 943
944 945 946
944 946 947
948 949 950
948 950 951
952 953 954
952 954 955
956 957 958
956 958 959
960 961 962
960 962 963
963 962 964
963 964 965
965 964 966
965 966 967
968 969 970
968 970 971
971 970 972
971 972 973
973 972 974
973 974 975
976 977 978
976 978 979
979 978 980
979 980 981
981 980 982
981 982 983
984 985 986
984 986 987
987 986 988
987 988 989
989 988 990
989 990 991
992 993 994
992 994 995
995 994 996
995 996 997
997 996 998
997 998 999
1000 1001 1002
1000 1002 1003
1003 1002 1004
1003 1004 1005
1005 1004 1006
1005 1006 1007
1008 1009 1010
1008 1010 1011
1011 1010 1012
1011 1012 1013
1013 1012 1014
1013 1014 1015
1016 1017 1018
1016 1018 1019
1019 1018 1020
1019 1020 1021
1021 1020 1022
1021 1022 1023
1024 1025 1026
1024 1026 1027
1028 1029 1030
1028 1030 1031
1032 1033 1034
1032 1034 1035
1036 1037 1038
1036 1038 1039
1040 1041 1042
1040 1042 1043
1044 1045 1046
1044 1046 1047
1048 1049 1050
1048 1050 1051
1052 1053 1054
1052 1054 1055
1056 1057 1058
1056 1059 1057
1060 1059 1056
1060 1061 1059
1062 1061 1060
1062 1063 1061
1064 1065 1066
1064 1066 1067
1067 1066 1068
1067 1068 1069
1069 1068 1070
1069 1070 1071
1072 1073 1074
1072 1074 1075
1075 1074 1076
1075 1076 1077
1077 1076 1078
1077 1078 1079
1080 1081 1082
1080 1082 1083
1083 1082 1084
1083 1084 1085
1085 1084 1086
1085 1086 1087
1088 1089 1090
1088 1090 1091
1091 1090 1092
1091 1092 1093
1093 1092 1094
1093 1094 1095
1096 1097 1098
1096 1098 1099
1099 1098 1100
1099 1100 1101
1101 1100 1102
1101 1102 1103
1104 1105 1106
1104 1106 1107
1107 1106 1108
1107 1108 1109
1109 1108 1110
1109 1110 1111
1112 1113 1114
1112 1114 1115
1115 1114 1116
1115 1116 1117
1117 1116 1118
1117 1118 1119
1120 1121 1122
1123 1122 1121
1120 1124 1121
1123 1121 1125
1126 1124 1120
1127 1123 1125
1126 1128 1124
1127 1125 1129
1130 1128 1126
1131 1127 1129
1130 1132 1128
1131 1129 1133
1134 1132 1130
1135 1131 1133
1134 1136 1132
1135 1133 1137
1138 1136 1134
1139 1135 1137
1138 1140 1136
1139 1137 1141
1142 1140 1138
1143 1139 1141
1142 1144 1140
1143 1141 1145
1146 1144 1142
1147 1143 1145
1146 1148 1144
1147 1145 1149
1150 1148 1146
1151 1147 1149
1150 1152 1148
1151 1149 1153
1154 1152 1150
1155 1151 1153
1154 1156 1152
1155 1153 1157
1158 1156 1154
1159 1155 1157
1158 1160 1156
1159 1157 1161
1162 1160 1158
1163 1159 1161
1162 1164 1160
1163 1161 1165
1166 1164 1162
1167 1163 1165
1166 1168 1164
1167 1165 1169
1170 1168 1166
1171 1167 1169
1170 1172 1168
1171 1169 1173
1174 1172 1170
1175 1171 1173
1174 1176 1172
1175 1173 1177
1178 1176 1174
1179 1175 1177
1178 1180 1176
1179 1177 1181
1182 1180 1178
1182 1179 1181
1182 1183 1180
1182 1181 1183
1184 1185 1186
1184 1186 1187
1188 1185 1184
1187 1186 1189
1188 1190 1185
1187 1189 1191
1192 1190 1188
1191 1189 1193
1192 1194 1190
1191 1193 1195
1196 1194 1192
1195 1193 1197
1196 1198 1194
1195 1197 1199
1200 1198 1196
1199 1197 1201
1200 1202 1198
1199 1201 1203
1204 1202 1200
1203 1201 1205
1204 1206 1202
1203 1205 1207
1208 1206 1204
1207 1205 1209
1208 1210 1206
1207 1209 1211
1212 1210 1208
1211 1209 1213
1212 1214 1210
1211 1213 1215
1216 1214 1212
1215 1213 1217
1216 1218 1214
1215 1217 1219
1220 1218 1216
1219 1217 1221
1220 1222 1218
1219 1221 1223
1224 1222 1220
1223 1221 1225
1224 1226 1222
1223 1225 1227
1228 1226 1224
1227 1225 1229
1228 1230 1226
1227 1229 1231
1232 1230 1228
1231 1229 1233
1232 1234 1230
1231 1233 1235
1236 1234 1232
1235 1233 1237
1236 1238 1234
1235 1237 1239
1240 1238 1236
1239 1237 1241
1240 1242 1238
1239 1241 1243
1244 1242 1240
1243 1241 1245
1244 1246 1242
1243 1245 1247
1247 1246 1244
1247 1245 1246
1248 1249 1250
1248 1251 1249
1250 1249 1252
1253 1251 1248
1250 1252 1254
1253 1255 1251
1254 1252 1256
1257 1255 1253
1254 1256 1258
1257 1259 1255
1258 1256 1260
1261 1259 1257
1258 1260 1262
1261 1263 1259
1262 1260 1264
1265 1263 1261
1262 1264 1266
1265 1267 1263
1266 1264 1268
1269 1267 1265
1266 1268 1270
1269 1271 1267
1270 1268 1272
1273 1271 1269
1270 1272 1274
1273 1275 1271
1274 1272 1276
1277 1275 1273
1274 1276 1278
1277 1279 1275
1278 1276 1280
1281 1279 1277
1278 1280 1282
1281 1283 1279
1282 1280 1284
1285 1283 1281
1282 1284 1286
1285 1287 1283
1286 1284 1288
1289 1287 1285
1286 1288 1290
1289 1291 1287
1290 1288 1292
1293 1291 1289
1290 1292 1294
1293 1295 1291
1294 1292 1296
1297 1295 1293
1294 1296 1298
1297 1299 1295
1298 1296 1300
1301 1299 1297
1298 1300 1302
1301 1303 1299
1302 1300 1304
1305 1303 1301
1302 1304 1306
1305 1307 1303
1306 1304 1308
1309 1307 1305
1306 1308 1310
1309 1311 1307
1310 1308 1311
1310 1311 1309
1312 1313 1314
1312 1314 1315
1313 1316 1314
1317 1312 1315
1313 1318 1316
1317 1315 1319
1318 1320 1316
1321 1317 1319
1318 1322 1320
1321 1319 1323
1322 1324 1320
1325 1321 1323
1322 1326 1324
1325 1323 1327
1326 1328 1324
1329 1325 1327
1326 1330 1328
1329 1327 1331
1330 1332 1328
1333 1329 1331
1330 1334 1332
1333 1331 1335
1334 1336 1332
1337 1333 1335
1334 1338 1336
1337 1335 1339
1338 1340 1336
1341 1337 1339
1338 1342 1340
1341 1339 1343
1342 1344 1340
1345 1341 1343
1342 1346 1344
1345 1343 1347
1346 1348 1344
1349 1345 1347
1346 1350 1348
1349 1347 1351
1350 1352 1348
1353 1349 1351
1350 1354 1352
1353 1351 1355
1354 1356 1352
1357 1353 1355
1354 1358 1356
1357 1355 1359
1358 1360 1356
1361 1357 1359
1358 1362 1360
1361 1359 1363
1362 1364 1360
1365 1361 1363
1362 1366 1364
1365 1363 1367
1366 1368 1364
1369 1365 1367
1366 1370 1368
1369 1367 1371
1370 1372 1368
1373 1369 1371
1370 1374 1372
1373 1371 1375
1374 1373 1375
1374 1375 1372
1376 1377 1378
1376 1378 1379
1380 1376 1379
1377 1381 1378
1377 1382 1381
1380 1379 1383
1384 1380 1383
1382 1385 1381
1382 1386 1385
1384 1383 1387
1388 1384 1387
1386 1389 1385
1386 1390 1389
1388 1387 1391
1392 1388 1391
1390 1393 1389
1390 1394 1393
1392 1391 1395
1396 1392 1395
1394 1397 1393
1394 1398 1397
1396 1395 1399
1400 1396 1399
1398 1401 1397
1398 1402 1401
1400 1399 1403
1404 1400 1403
1402 1405 1401
1402 1406 1405
1404 1403 1407
1408 1404 1407
1406 1409 1405
1406 1410 1409
1408 1407 1411
1412 1408 1411
1410 1413 1409
1410 1414 1413
1412 1411 1415
1416 1412 1415
1414 1417 1413
1414 1418 1417
1416 1415 1419
1420 1416 1419
1418 1421 1417
1418 1422 1421
1420 1419 1423
1424 1420 1423
1422 1425 1421
1422 1426 1425
1424 1423 1427
1428 1424 1427
1426 1429 1425
1426 1430 1429
1428 1427 1431
1432 1428 1431
1430 1433 1429
1430 1434 1433
1432 1431 1435
1436 1432 1435
1434 1437 1433
1434 1438 1437
1438 1436 1439
1436 1435 1439
1438 1439 1437
1425 1429 1440
1429 1433 1441
1429 1441 1440
1433 1437 1442
1433 1442 1441
1437 1439 1443
1437 1443 1442
1439 1435 1444
1439 1444 1443
1435 1431 1445
1435 1445 1444
1425 1440 1446
1421 1425 1446
1431 1447 1445
1431 1427 1447
1421 1446 1448
1417 1421 1448
1427 1449 1447
1427 1423 1449
1417 1448 1450
1413 1417 1450
1423 1451 1449
1423 1419 1451
1413 1450 1452
1409 1413 1452
1419 1453 1451
1419 1415 1453
1409 1452 1454
1405 1409 1454
1415 1455 1453
1415 1411 1455
1405 1454 1456
1401 1405 1456
1411 1457 1455
1411 1407 1457
1401 1456 1458
1397 1401 1458
1407 1459 1457
1407 1403 1459
1397 1458 1460
1393 1397 1460
1403 1461 1459
1403 1399 1461
1393 1460 1462
1389 1393 1462
1399 1463 1461
1399 1395 1463
1389 1462 1464
1385 1389 1464
1395 1465 1463
1395 1391 1465
1385 1464 1466
1381 1385 1466
1391 1467 1465
1391 1387 1467
1381 1466 1468
1378 1381 1468
1387 1469 1467
1387 1383 1469
1378 1468 1470
1379 1378 1470
1383 1379 1471
1383 1471 1469
1379 1470 1471
1466 1464 1472
1468 1466 1473
1466 1472 1473
1470 1468 1474
1468 1473 1474
1471 1470 1475
1470 1474 1475
1469 1471 1476
1471 1475 1476
1467 1469 1477
1469 1476 1477
1464 1478 1472
1464 1462 1478
1467 1477 1479
1465 1467 1479
1462 1480 1478
1462 1460 1480
1465 1479 1481
1463 1465 1481
1460 1482 1480
1460 1458 1482
1463 1481 1483
1461 1463 1483
1458 1484 1482
1458 1456 1484
1461 1483 1485
1459 1461 1485
1456 1486 1484
1456 1454 1486
1459 1485 1487
1457 1459 1487
1454 1488 1486
1454 1452 1488
1457 1487 1489
1455 1457 1489
1452 1490 1488
1452 1450 1490
1455 1489 1491
1453 1455 1491
1450 1492 1490
1450 1448 1492
1453 1491 1493
1451 1453 1493
1448 1494 1492
1448 1446 1494
1451 1493 1495
1449 1451 1495
1446 1496 1494
1446 1440 1496
1449 1495 1497
1447 1449 1497
1440 1498 1496
1440 1441 1498
1447 1497 1499
1445 1447 1499
1441 1500 1498
1441 1442 1500
1445 1499 1501
1444 1445 1501
1442 1502 1500
1442 1443 1502
1443 1444 1503
1444 1501 1503
1443 1503 1502
1496 1498 1504
1498 1500 1505
1498 1505 1504
1500 1502 1506
1500 1506 1505
1502 1503 1507
1502 1507 1506
1503 1501 1508
1503 1508 1507
1501 1499 1509
1501 1509 1508
1496 1504 1510
1494 1496 1510
1499 1511 1509
1499 1497 1511
1494 1510 1512
1492 1494 1512
1497 1513 1511
1497 1495 1513
1492 1512 1514
1490 1492 1514
1495 1515 1513
1495 1493 1515
1490 1514 1516
1488 1490 1516
1493 1517 1515
1493 1491 1517
1488 1516 1518
1486 1488 1518
1491 1519 1517
1491 1489 1519
1486 1518 1520
1484 1486 1520
1489 1521 1519
1489 1487 1521
1484 1520 1522
1482 1484 1522
1487 1523 1521
1487 1485 1523
1482 1522 1524
1480 1482 1524
1485 1525 1523
1485 1483 1525
1480 1524 1526
1478 1480 1526
1483 1527 1525
1483 1481 1527
1478 1526 1528
1472 1478 1528
1481 1529 1527
1481 1479 1529
1472 1528 1530
1473 1472 1530
1479 1531 1529
1479 1477 1531
1473 1530 1532
1474 1473 1532
1477 1533 1531
1477 1476 1533
1474 1532 1534
1475 1474 1534
1476 1475 1535
1476 1535 1533
1475 1534 1535
1530 1528 1536
1532 1530 1537
1530 1536 1537
1538 1537 1536
1528 1539 1536
1538 1536 1539
1528 1526 1539
1532 1537 1540
1534 1532 1540
1538 1540 1537
1526 1541 1539
1538 1539 1541
1526 1524 1541
1534 1540 1542
1535 1534 1542
1538 1542 1540
1524 1543 1541
1538 1541 1543
1524 1522 1543
1535 1542 1544
1538 1544 1542
1538 1543 1545
1522 1545 1543
1538 1546 1544
1533 1535 1544
1533 1544 1546
1522 1520 1545
1531 1533 1546
1520 1547 1545
1538 1545 1547
1520 1518 1547
1531 1546 1548
1538 1548 1546
1529 1531 1548
1518 1549 1547
1538 1547 1549
1518 1516 1549
1529 1548 1550
1538 1550 1548
1527 1529 1550
1516 1551 1549
1538 1549 1551
1516 1514 1551
1527 1550 1552
1538 1552 1550
1538 1551 1553
1514 1553 1551
1538 1554 1552
1525 1527 1552
1525 1552 1554
1514 1512 1553
1523 1525 1554
1512 1555 1553
1538 1553 1555
1512 1510 1555
1523 1554 1556
1538 1556 1554
1521 1523 1556
1510 1557 1555
1538 1555 1557
1510 1504 1557
1521 1556 1558
1538 1558 1556
1519 1521 1558
1504 1559 1557
1538 1557 1559
1504 1505 1559
1519 1558 1560
1538 1560 1558
1538 1559 1561
1505 1561 1559
1538 1562 1560
1517 1519 1560
1517 1560 1562
1505 1506 1561
1515 1517 1562
1506 1563 1561
1538 1561 1563
1506 1507 1563
1515 1562 1564
1538 1564 1562
1513 1515 1564
1507 1565 1563
1538 1563 1565
1507 1508 1565
1513 1564 1566
1538 1566 1564
1511 1513 1566
1508 1567 1565
1538 1565 1567
1508 1509 1567
1511 1566 1568
1538 1568 1566
1509 1511 1568
1538 1567 1568
1509 1568 1567
16384
0 4062
4062 1056
32768
UFO_body_0
UFO_cockpit_0
