MeshGeometry
1
2
1376
4062
7
1
347.5999 323.2459 272.6087
348.2925 323.2459 272.6087
347.9462 323.2459 272.2948
347.5998 323.2459 242.6969
347.9462 323.2459 243.0108
348.2925 323.2459 242.6969
347.9281 321.5393 242.6342
350.4581 325.8565 244.8908
350.8497 321.5393 242.9219
347.9281 325.8565 244.6416
345.0065 321.5393 242.9219
345.3982 325.8565 244.8908
342.1972 321.5393 243.7741
342.9655 325.8565 245.6288
339.6081 321.5393 245.158
340.7234 325.8565 246.8271
337.3388 321.5393 247.0204
338.7583 325.8565 248.4399
335.4763 321.5393 249.2898
337.1455 325.8565 250.4051
334.0925 321.5393 251.8789
335.9471 325.8565 252.6471
333.2403 321.5393 254.6882
335.2092 325.8565 255.0798
332.9525 321.5393 257.6098
334.96 325.8565 257.6098
333.2403 321.5393 260.5313
335.2092 325.8565 260.1397
334.0924 321.5393 263.3407
335.9471 325.8565 262.5724
335.4763 321.5393 265.9298
337.1455 325.8565 264.8145
337.3387 321.5393 268.1991
338.7582 325.8565 266.7796
339.6081 321.5393 270.0615
340.7234 325.8565 268.3924
342.1972 321.5393 271.4454
342.9654 325.8565 269.5908
345.0065 321.5393 272.2976
345.3982 325.8565 270.3287
347.9281 321.5393 272.5854
347.9281 325.8565 270.5779
350.8497 321.5393 272.2976
350.4581 325.8565 270.3287
353.6591 321.5393 271.4454
352.8908 325.8565 269.5908
356.2481 321.5393 270.0615
355.1328 325.8565 268.3924
358.5175 321.5393 268.1991
357.098 325.8565 266.7796
360.3799 321.5393 265.9298
358.7107 325.8565 264.8145
361.7638 321.5393 263.3407
359.9091 325.8565 262.5725
362.616 321.5393 260.5314
360.6471 325.8565 260.1397
362.9037 321.5393 257.6098
360.8963 325.8565 257.6098
362.616 321.5393 254.6882
360.6471 325.8565 255.0798
361.7638 321.5393 251.8789
359.9091 325.8565 252.6471
360.3799 321.5393 249.2898
358.7108 325.8565 250.4051
358.5175 321.5393 247.0204
357.098 325.8565 248.4399
356.2481 321.5393 245.158
355.1328 325.8565 246.8272
353.659 321.5393 243.7741
352.8908 325.8565 245.6288
350.8497 321.5393 242.9219
350.4581 325.8565 244.8908
349.4828 321.5393 249.7936
349.5024 324.8285 249.6954
347.9281 324.8285 249.5404
347.9281 321.5393 249.6405
346.3539 324.8285 249.6954
346.3734 321.5393 249.7936
344.8401 324.8285 250.1546
344.8784 321.5393 250.2471
343.445 324.8285 250.9003
343.5006 321.5393 250.9836
342.2222 324.7845 251.9038
342.293 321.5393 251.9746
341.2187 324.8285 253.1266
341.3019 321.5393 253.1823
340.473 324.8285 254.5217
340.5655 321.5393 254.5601
340.0138 324.8285 256.0355
340.112 321.5393 256.0551
339.8587 324.8285 257.6098
339.9589 321.5393 257.6098
340.0137 324.8285 259.184
340.112 321.5393 259.1645
340.4729 324.8285 260.6978
340.5655 321.5393 260.6595
341.2186 324.8285 262.0929
341.3019 321.5393 262.0373
342.2222 324.7845 263.3157
342.293 321.5393 263.2449
343.445 324.8285 264.3192
343.5006 321.5393 264.236
344.8401 324.8285 265.0649
344.8784 321.5393 264.9724
346.3539 324.8285 265.5241
346.3734 321.5393 265.4259
347.9281 324.8285 265.6792
347.9281 321.5393 265.579
349.5024 324.8285 265.5241
349.4828 321.5393 265.4259
351.0161 324.8285 265.0649
350.9778 321.5393 264.9724
352.4113 324.8285 264.3192
352.3556 321.5393 264.236
353.6341 324.8285 263.3157
353.5632 321.5393 263.2449
354.6376 324.8285 262.0929
354.5543 321.5393 262.0373
355.3833 324.8285 260.6978
355.2908 321.5393 260.6595
355.8425 324.8285 259.1841
355.7443 321.5393 259.1645
355.9975 324.7845 257.6098
355.8974 321.5393 257.6098
355.8425 324.8285 256.0355
355.7443 321.5393 256.0551
355.3833 324.8285 254.5217
355.2908 321.5393 254.5601
354.6376 324.8285 253.1266
354.5543 321.5393 253.1823
353.6341 324.8285 251.9038
353.5632 321.5393 251.9747
352.4113 324.8285 250.9003
352.3556 321.5393 250.9836
351.0161 324.8285 250.1546
350.9778 321.5393 250.2471
349.5024 324.8285 249.6954
349.4828 321.5393 249.7936
340.0092 311.0202 259.2315
341.2176 311.0202 262.1487
340.4698 311.0202 260.7496
343.4503 311.0202 264.3814
342.224 311.0202 263.375
342.224 311.0202 251.9306
347.9462 311.0202 249.5604
346.3674 311.0202 265.5897
347.9462 311.0202 265.7452
344.8493 311.0202 265.1292
349.5249 311.0202 265.5897
352.4421 311.0202 264.3814
351.043 311.0202 265.1292
340.4698 311.0202 254.556
341.2176 311.0202 253.1569
340.0092 311.0202 256.074
339.8538 311.0202 257.6528
344.8493 311.0202 250.1764
343.4503 311.0202 250.9242
346.3674 311.0202 249.7159
353.6684 311.0202 251.9306
351.043 311.0202 250.1764
349.5249 311.0202 249.7159
352.4421 311.0202 250.9242
355.8831 311.0202 259.2315
355.4226 311.0202 254.556
354.6747 311.0202 253.1569
355.8831 311.0202 256.074
356.0386 311.0202 257.6528
354.6748 311.0202 262.1487
353.6684 311.0202 263.375
355.4226 311.0202 260.7496
333.2442 323.2459 254.7284
335.4824 323.2459 249.3248
334.0972 323.2459 251.9164
339.6182 323.2459 245.189
337.3466 323.2459 247.0532
337.3466 323.2459 268.2523
334.0972 323.2459 263.3892
335.4824 323.2459 265.9808
333.2442 323.2459 260.5772
332.9903 323.2459 257.3065
332.9903 323.2459 257.9991
347.5999 323.2459 272.6087
342.2097 323.2459 271.5017
339.6181 323.2459 270.1165
345.0218 323.2459 272.3548
345.0218 323.2459 242.9508
342.2097 323.2459 243.8038
347.9462 323.2459 243.0108
347.9462 323.2459 272.2948
347.5998 323.2459 242.6969
348.2925 323.2459 242.6969
350.8706 323.2459 242.9508
356.2742 323.2459 245.189
353.6826 323.2459 243.8038
358.5457 323.2459 268.2523
353.6826 323.2459 271.5017
356.2742 323.2459 270.1165
350.8706 323.2459 272.3548
348.2925 323.2459 272.6087
362.6482 323.2459 254.7284
361.7951 323.2459 263.3892
360.4099 323.2459 265.9808
362.6482 323.2459 260.5771
362.9021 323.2459 257.9991
362.9021 323.2459 257.3065
360.4099 323.2459 249.3248
358.5457 323.2459 247.0532
361.7951 323.2459 251.9164
341.3194 318.3121 224.3379
347.5998 321.1537 230.7624
347.5998 318.3121 223.7194
342.6935 321.1537 231.2457
334.9474 318.3121 226.2709
343.9212 322.492 237.4179
347.5998 322.492 237.0556
347.5998 323.2459 242.6969
345.0218 323.2459 242.9508
340.0509 322.492 238.592
342.2097 323.2459 243.8038
337.6426 321.1537 232.7778
329.0748 318.3121 229.4098
336.484 322.492 240.4985
339.6182 323.2459 245.189
332.9877 321.1537 235.2659
323.9275 318.3121 233.6341
333.3576 322.492 243.0643
337.3466 323.2459 247.0532
328.9077 321.1537 238.6143
319.7032 318.3121 238.7814
330.7919 322.492 246.1907
335.4824 323.2459 249.3248
325.5593 321.1537 242.6944
316.5643 318.3121 244.654
328.8853 322.492 249.7575
334.0972 323.2459 251.9164
323.0712 321.1537 247.3492
314.6313 318.3121 251.0261
327.7113 322.492 253.6278
333.2442 323.2459 254.7284
321.5391 321.1537 252.4001
314.0128 318.3121 257.3065
321.0558 321.1537 257.3065
327.349 322.492 257.3065
332.9903 323.2459 257.3065
314.6313 318.3121 264.2795
321.0558 321.1537 257.9991
314.0128 318.3121 257.9991
321.539 321.1537 262.9055
316.5642 318.3121 270.6516
327.7113 322.492 261.6777
327.349 322.492 257.9991
332.9903 323.2459 257.9991
333.2442 323.2459 260.5772
328.8853 322.492 265.548
334.0972 323.2459 263.3892
323.0712 321.1537 267.9563
319.7032 318.3121 276.5241
330.7919 322.492 269.1149
335.4824 323.2459 265.9808
325.5593 321.1537 272.6112
323.9275 318.3121 281.6714
333.3576 322.492 272.2413
337.3466 323.2459 268.2523
328.9077 321.1537 276.6912
329.0748 318.3121 285.8958
336.484 322.492 274.8071
339.6181 323.2459 270.1165
332.9877 321.1537 280.0396
334.9473 318.3121 289.0347
340.0509 322.492 276.7136
342.2097 323.2459 271.5017
337.6426 321.1537 282.5277
341.3194 318.3121 290.9677
343.9212 322.492 277.8876
345.0218 323.2459 272.3548
342.6935 321.1537 284.0599
347.5999 318.3121 291.5862
347.5999 321.1537 284.5432
347.5999 322.492 278.25
347.5999 323.2459 272.6087
341.3194 316.6028 224.3379
347.5998 316.6028 223.7194
347.5998 313.7611 230.7624
342.6935 313.7611 231.2457
334.9474 316.6028 226.2709
343.9212 312.4228 237.4179
347.5998 312.4228 237.0556
347.5999 311.6689 242.6969
345.0218 311.6689 242.9508
340.0509 312.4228 238.592
342.2097 311.6689 243.8038
337.6426 313.7611 232.7778
329.0748 316.6028 229.4098
336.484 312.4228 240.4985
339.6182 311.6689 245.189
332.9877 313.7611 235.2659
323.9275 316.6028 233.6341
333.3576 312.4228 243.0643
337.3466 311.6689 247.0532
328.9077 313.7611 238.6143
319.7032 316.6028 238.7814
330.7919 312.4228 246.1907
335.4824 311.6689 249.3248
325.5593 313.7611 242.6944
316.5643 316.6028 244.654
328.8853 312.4228 249.7575
334.0972 311.6689 251.9164
323.0712 313.7611 247.3492
314.6313 316.6028 251.0261
327.7113 312.4228 253.6278
333.2442 311.6689 254.7284
321.5391 313.7611 252.4001
314.0128 316.6028 257.3065
321.0558 313.7611 257.3065
327.349 312.4228 257.3065
332.9903 311.6689 257.3065
314.6313 316.6028 264.2795
314.0128 316.6028 257.9991
321.0558 313.7611 257.9991
321.539 313.7611 262.9055
316.5642 316.6028 270.6516
327.7113 312.4228 261.6777
327.349 312.4228 257.9991
332.9903 311.6689 257.9991
333.2442 311.6689 260.5772
328.8853 312.4228 265.548
334.0972 311.6689 263.3892
323.0712 313.7611 267.9563
319.7032 316.6028 276.5241
330.7919 312.4228 269.1149
335.4824 311.6689 265.9808
325.5593 313.7611 272.6112
323.9275 316.6028 281.6714
333.3576 312.4228 272.2413
337.3466 311.6689 268.2523
328.9077 313.7611 276.6912
329.0748 316.6028 285.8958
336.484 312.4228 274.8071
339.6181 311.6689 270.1165
332.9877 313.7611 280.0396
334.9473 316.6028 289.0347
340.0509 312.4228 276.7136
342.2097 311.6689 271.5017
337.6426 313.7611 282.5277
341.3194 316.6028 290.9677
343.9212 312.4228 277.8876
345.0218 311.6689 272.3548
342.6935 313.7611 284.0599
347.5999 316.6028 291.5862
347.5999 313.7611 284.5432
347.5999 312.4228 278.25
347.5999 311.6689 272.6087
354.5729 318.3121 224.3379
348.2925 318.3121 223.7194
348.2925 321.1537 230.7624
353.1989 321.1537 231.2457
360.945 318.3121 226.2709
351.9711 322.492 237.4179
348.2925 322.492 237.0556
348.2925 323.2459 242.6969
350.8706 323.2459 242.9508
355.8414 322.492 238.592
353.6826 323.2459 243.8038
358.2497 321.1537 232.7778
366.8175 318.3121 229.4098
359.4083 322.492 240.4985
356.2742 323.2459 245.189
362.9046 321.1537 235.2659
371.9648 318.3121 233.6341
362.5347 322.492 243.0643
358.5457 323.2459 247.0532
366.9846 321.1537 238.6143
376.1891 318.3121 238.7814
365.1005 322.492 246.1907
360.4099 323.2459 249.3248
370.333 321.1537 242.6944
379.3281 318.3121 244.654
367.007 322.492 249.7575
361.7951 323.2459 251.9164
372.8211 321.1537 247.3492
381.261 318.3121 251.026
368.181 322.492 253.6278
362.6482 323.2459 254.7284
374.3533 321.1537 252.4001
381.8796 318.3121 257.3065
374.8365 321.1537 257.3065
368.5433 322.492 257.3065
362.9021 323.2459 257.3065
381.261 318.3121 264.2794
381.8796 318.3121 257.9991
374.8365 321.1537 257.9991
374.3533 321.1537 262.9054
379.3281 318.3121 270.6516
368.181 322.492 261.6777
368.5433 322.492 257.9991
362.9021 323.2459 257.9991
362.6482 323.2459 260.5771
367.007 322.492 265.548
361.7951 323.2459 263.3892
372.8211 321.1537 267.9563
376.1892 318.3121 276.5241
365.1005 322.492 269.1149
360.4099 323.2459 265.9808
370.3331 321.1537 272.6112
371.9649 318.3121 281.6714
362.5347 322.492 272.2413
358.5457 323.2459 268.2523
366.9847 321.1537 276.6912
366.8176 318.3121 285.8957
359.4083 322.492 274.8071
356.2742 323.2459 270.1165
362.9046 321.1537 280.0396
360.945 318.3121 289.0347
355.8414 322.492 276.7136
353.6826 323.2459 271.5017
358.2498 321.1537 282.5277
354.5729 318.3121 290.9677
351.9712 322.492 277.8876
350.8706 323.2459 272.3548
353.1989 321.1537 284.0599
348.2925 318.3121 291.5862
348.2925 321.1537 284.5432
348.2925 322.492 278.25
348.2925 323.2459 272.6087
354.5729 316.6028 224.3379
348.2925 313.7611 230.7624
348.2925 316.6028 223.7194
353.1989 313.7611 231.2457
360.945 316.6028 226.2709
351.9711 312.4228 237.4179
348.2925 312.4228 237.0556
348.2925 311.6689 242.6969
350.8706 311.6689 242.9508
355.8414 312.4228 238.592
353.6826 311.6689 243.8038
358.2497 313.7611 232.7778
366.8175 316.6028 229.4098
359.4083 312.4228 240.4985
356.2742 311.6689 245.189
362.9046 313.7611 235.2659
371.9648 316.6028 233.6341
362.5347 312.4228 243.0643
358.5457 311.6689 247.0532
366.9846 313.7611 238.6143
376.1891 316.6028 238.7814
365.1005 312.4228 246.1907
360.4099 311.6689 249.3248
370.333 313.7611 242.6944
379.3281 316.6028 244.654
367.007 312.4228 249.7575
361.7951 311.6689 251.9164
372.8211 313.7611 247.3492
381.261 316.6028 251.026
368.181 312.4228 253.6278
362.6482 311.6689 254.7284
374.3533 313.7611 252.4001
381.8796 316.6028 257.3065
374.8365 313.7611 257.3065
368.5433 312.4228 257.3065
362.9021 311.6689 257.3065
381.261 316.6028 264.2794
374.8365 313.7611 257.9991
381.8796 316.6028 257.9991
374.3533 313.7611 262.9054
379.3281 316.6028 270.6516
368.181 312.4228 261.6777
368.5433 312.4228 257.9991
362.9021 311.6689 257.9991
362.6482 311.6689 260.5771
367.007 312.4228 265.548
361.7951 311.6689 263.3892
372.8211 313.7611 267.9563
376.1892 316.6028 276.5241
365.1005 312.4228 269.1149
360.4099 311.6689 265.9808
370.3331 313.7611 272.6112
371.9649 316.6028 281.6714
362.5347 312.4228 272.2413
358.5457 311.6689 268.2523
366.9847 313.7611 276.6912
366.8176 316.6028 285.8957
359.4083 312.4228 274.8071
356.2742 311.6689 270.1165
362.9046 313.7611 280.0396
360.945 316.6028 289.0347
355.8414 312.4228 276.7136
353.6826 311.6689 271.5017
358.2498 313.7611 282.5277
354.5729 316.6028 290.9677
351.9712 312.4228 277.8876
350.8706 311.6689 272.3548
353.1989 313.7611 284.0599
348.2925 316.6028 291.5862
348.2925 313.7611 284.5432
348.2925 312.4228 278.25
348.2925 311.6689 272.6087
314.415 318.0406 257.9991
321.1976 320.6895 257.3065
314.415 318.0406 257.3065
321.1976 320.6895 257.9991
327.4317 322.0138 257.3065
327.4317 322.0138 257.9991
333.0545 322.7649 257.3065
333.0545 322.7649 257.9991
347.5998 322.0138 237.1383
347.5998 322.7649 242.7612
348.2925 322.7649 242.7612
348.2925 322.0138 237.1383
347.5998 320.6895 230.9042
348.2925 320.6895 230.9042
347.5998 318.0406 224.1216
348.2925 318.0406 224.1216
321.1976 314.2253 257.9991
314.415 316.8743 257.9991
314.415 316.8742 257.3065
321.1976 314.2253 257.3065
327.4317 312.901 257.9991
327.4317 312.901 257.3065
333.0545 312.1499 257.9991
333.0545 312.1499 257.3065
347.5998 312.1499 242.7612
348.2925 312.901 237.1383
348.2925 312.1499 242.7612
347.5998 312.901 237.1383
348.2925 314.2253 230.9042
347.5998 314.2253 230.9042
348.2925 316.8742 224.1216
347.5998 316.8742 224.1216
347.5999 320.6895 284.4013
347.5999 318.0406 291.1839
348.2925 318.0406 291.1839
348.2925 320.6895 284.4013
347.5999 322.0138 278.1673
348.2925 322.0138 278.1673
347.5999 322.7649 272.5444
348.2925 322.7649 272.5444
347.5999 316.8742 291.1839
348.2925 314.2253 284.4013
348.2925 316.8742 291.1839
347.5999 314.2253 284.4013
348.2925 312.901 278.1673
347.5999 312.901 278.1673
348.2925 312.1499 272.5444
347.5999 312.1499 272.5444
374.6947 320.6895 257.9991
381.4773 318.0406 257.9991
381.4773 318.0406 257.3065
374.6947 320.6895 257.3065
368.4607 322.0138 257.9991
368.4607 322.0138 257.3065
362.8378 322.7649 257.9991
362.8378 322.7649 257.3065
381.4773 316.8743 257.9991
374.6947 314.2253 257.3065
381.4773 316.8742 257.3065
374.6947 314.2253 257.9991
368.4607 312.901 257.3065
368.4607 312.901 257.9991
362.8378 312.1499 257.3065
362.8378 312.1499 257.9991
349.4828 321.5393 265.4259
350.9778 321.5393 264.9724
353.6591 321.5393 271.4454
350.8497 321.5393 272.2976
347.9462 308.8064 268.6706
349.8232 306.2552 267.0894
350.0956 308.8064 268.4589
347.9462 306.2552 267.2743
345.7967 308.8064 268.4589
346.0691 306.2552 267.0894
343.7298 308.8064 267.8319
344.2642 306.2552 266.5419
341.825 308.8064 266.8138
342.6008 306.2552 265.6527
340.1554 308.8064 265.4435
341.1428 306.2552 264.4562
338.7852 308.8064 263.7739
339.9462 306.2552 262.9982
337.7671 308.8064 261.8691
339.0571 306.2552 261.3347
337.1401 308.8064 259.8022
338.5096 306.2552 259.5298
336.9284 308.8064 257.6528
338.3247 306.2552 257.6528
337.1401 308.8064 255.5033
338.5096 306.2552 255.7757
337.7671 308.8064 253.4365
339.0571 306.2552 253.9708
338.7852 308.8064 251.5316
339.9462 306.2552 252.3074
340.1554 308.8064 249.862
341.1428 306.2552 250.8494
341.825 308.8064 248.4918
342.6008 306.2552 249.6528
343.7298 308.8064 247.4737
344.2642 306.2552 248.7637
345.7967 308.8064 246.8467
346.0691 306.2552 248.2162
347.9462 308.8064 246.635
347.9462 306.2552 248.0313
350.0956 308.8064 246.8467
349.8232 306.2552 248.2162
352.1625 308.8064 247.4737
351.6281 306.2552 248.7637
354.0673 308.8064 248.4918
353.2916 306.2552 249.6528
355.7369 308.8064 249.862
354.7496 306.2552 250.8494
357.1071 308.8064 251.5316
355.9461 306.2552 252.3074
358.1253 308.8064 253.4364
356.8352 306.2552 253.9708
358.7523 308.8064 255.5033
357.3828 306.2552 255.7757
358.964 308.8064 257.6528
357.5676 306.2552 257.6528
358.7523 308.8064 259.8022
357.3828 306.2552 259.5298
358.1253 308.8064 261.8691
356.8353 306.2552 261.3347
357.1071 308.8064 263.7739
355.9461 306.2552 262.9982
355.7369 308.8064 265.4435
354.7496 306.2552 264.4562
354.0674 308.8064 266.8137
353.2916 306.2552 265.6527
352.1625 308.8064 267.8319
351.6282 306.2552 266.5419
350.0956 308.8064 268.4589
349.8232 306.2552 267.0894
347.9462 306.2552 265.7452
349.5249 311.0202 265.5897
349.5249 306.2552 265.5897
347.9462 311.0202 265.7452
346.3674 306.2552 265.5897
346.3674 311.0202 265.5897
344.8493 306.2552 265.1292
344.8493 311.0202 265.1292
343.4503 306.2552 264.3814
343.4503 311.0202 264.3814
342.224 306.2552 263.375
342.224 311.0202 263.375
341.2176 306.2552 262.1487
341.2176 311.0202 262.1487
340.4698 306.2552 260.7496
340.4698 311.0202 260.7496
340.0092 306.2552 259.2315
340.0092 311.0202 259.2315
339.8538 306.2552 257.6528
339.8538 311.0202 257.6528
340.0092 306.2552 256.074
340.0092 311.0202 256.074
340.4698 306.2552 254.556
340.4698 311.0202 254.556
341.2176 306.2552 253.1569
341.2176 311.0202 253.1569
342.224 306.2552 251.9306
342.224 311.0202 251.9306
343.4503 306.2552 250.9242
343.4503 311.0202 250.9242
344.8493 306.2552 250.1764
344.8493 311.0202 250.1764
346.3674 306.2552 249.7159
346.3674 311.0202 249.7159
347.9462 306.2552 249.5604
347.9462 311.0202 249.5604
349.5249 306.2552 249.7159
349.5249 311.0202 249.7159
351.043 306.2552 250.1764
351.043 311.0202 250.1764
352.4421 306.2552 250.9242
352.4421 311.0202 250.9242
353.6684 306.2552 251.9306
353.6684 311.0202 251.9306
354.6747 306.2552 253.1569
354.6747 311.0202 253.1569
355.4226 306.2552 254.556
355.4226 311.0202 254.556
355.8831 306.2552 256.074
355.8831 311.0202 256.074
356.0386 306.2552 257.6528
356.0386 311.0202 257.6528
355.8831 306.2552 259.2315
355.8831 311.0202 259.2315
355.4226 306.2552 260.7496
355.4226 311.0202 260.7496
354.6748 306.2552 262.1487
354.6748 311.0202 262.1487
353.6684 306.2552 263.375
353.6684 311.0202 263.375
352.4421 306.2552 264.3814
352.4421 311.0202 264.3814
351.043 306.2552 265.1292
351.043 311.0202 265.1292
349.5249 306.2552 265.5897
349.5249 311.0202 265.5897
333.2442 311.6689 254.7284
333.1232 311.3636 257.6528
332.9903 311.6689 257.3065
334.8559 308.1978 257.6528
332.9903 311.6689 257.9991
335.1074 308.1978 255.099
335.1074 308.1978 260.2065
334.0972 311.6689 251.9164
333.2442 311.6689 260.5772
335.8523 308.1978 252.6433
335.8523 308.1978 262.6622
335.4824 311.6689 249.3248
334.0972 311.6689 263.3892
337.062 308.1978 250.3802
337.062 308.1978 264.9254
337.3466 311.6689 247.0532
335.4824 311.6689 265.9808
338.6899 308.1978 248.3966
338.6899 308.1978 266.909
339.6182 311.6689 245.189
337.3466 311.6689 268.2523
340.6736 308.1978 246.7686
340.6736 308.1978 268.537
342.2097 311.6689 243.8038
339.6181 311.6689 270.1165
342.9367 308.1978 245.5589
342.9367 308.1978 269.7466
345.0218 311.6689 242.9508
342.2097 311.6689 271.5017
345.3924 308.1978 244.814
345.3924 308.1978 270.4915
347.5999 311.6689 242.6969
347.9462 308.1978 244.5625
345.0218 311.6689 272.3548
347.9462 311.3636 242.8298
350.4999 308.1978 244.814
347.9462 308.1978 270.7431
350.8706 311.6689 242.9508
348.2925 311.6689 242.6969
352.9556 308.1978 245.5589
353.6826 311.6689 243.8038
355.2188 308.1978 246.7686
356.2742 311.6689 245.189
357.2024 308.1978 248.3965
358.5457 311.6689 247.0532
358.8304 308.1978 250.3802
360.4099 311.6689 249.3248
360.04 308.1978 252.6433
361.7951 311.6689 251.9164
347.9462 311.3636 272.4757
347.5999 311.6689 272.6087
348.2925 311.6689 272.6087
350.8706 311.6689 272.3548
350.5 308.1978 270.4915
353.6826 311.6689 271.5017
352.9556 308.1978 269.7466
356.2742 311.6689 270.1165
355.2188 308.1978 268.537
358.5457 311.6689 268.2523
357.2024 308.1978 266.909
360.4099 311.6689 265.9808
358.8304 308.1978 264.9254
361.7951 311.6689 263.3892
360.04 308.1978 262.6622
362.6482 311.6689 260.5771
360.7849 308.1978 260.2065
362.7691 311.3636 257.6528
362.9021 311.6689 257.9991
361.0365 308.1978 257.6528
362.9021 311.6689 257.3065
362.6482 311.6689 254.7284
360.7849 308.1978 255.099
361.7951 311.6689 251.9164
360.04 308.1978 252.6433
357.1006 308.1978 251.536
358.118 308.1978 253.4395
358.118 314.6808 253.4395
357.1006 314.6808 251.536
355.7314 308.1978 249.8676
355.7314 314.6808 249.8676
354.063 308.1978 248.4983
354.063 314.6808 248.4983
352.1595 308.1978 247.4809
352.1595 314.6808 247.4809
350.0941 308.1978 246.8544
350.0941 314.6808 246.8544
347.9462 308.1978 246.6428
347.9462 314.6808 246.6428
345.7982 314.6808 246.8544
345.7982 308.1978 246.8544
343.7328 314.6808 247.4809
343.7328 308.1978 247.4809
341.8293 314.6808 248.4984
341.8293 308.1978 248.4984
340.1609 314.6808 249.8676
340.1609 308.1978 249.8676
338.7917 314.6808 251.536
338.7917 308.1978 251.536
337.7743 314.6808 253.4395
337.7743 308.1978 253.4395
337.1478 314.6808 255.5049
337.1478 308.1978 255.5049
336.9362 314.6808 257.6528
336.9362 308.1978 257.6528
337.1478 314.6808 259.8007
337.1478 308.1978 259.8007
337.7743 314.6808 261.8661
337.7743 308.1978 261.8661
338.7917 314.6808 263.7696
338.7917 308.1978 263.7696
340.1609 314.6808 265.438
340.1609 308.1978 265.438
341.8293 314.6808 266.8072
341.8293 308.1978 266.8072
343.7328 314.6808 267.8246
343.7328 308.1978 267.8246
345.7982 314.6808 268.4512
345.7982 308.1978 268.4512
347.9462 314.6808 268.6628
347.9462 308.1978 268.6628
350.0941 308.1978 268.4512
350.0941 314.6808 268.4512
352.1595 308.1978 267.8246
352.1595 314.6808 267.8246
354.063 308.1978 266.8072
354.063 314.6808 266.8072
355.7314 308.1978 265.438
355.7314 314.6808 265.438
357.1006 308.1978 263.7696
357.1006 314.6808 263.7696
358.118 308.1978 261.8661
358.118 314.6808 261.8661
358.7446 308.1978 259.8007
358.7446 314.6808 259.8007
358.9561 308.1978 257.6528
358.9561 314.6808 257.6528
358.7446 308.1978 255.5049
358.7446 314.6808 255.5049
358.118 308.1978 253.4395
358.118 314.6808 253.4395
332.9903 311.6689 257.3065
333.1232 311.3636 257.6528
332.9903 311.6689 257.9991
333.0545 312.1499 257.3065
333.0545 312.1499 257.9991
347.5999 311.6689 242.6969
348.2925 311.6689 242.6969
347.9462 311.3636 242.8298
348.2925 312.1499 242.7612
347.5998 312.1499 242.7612
362.9021 311.6689 257.3065
362.9021 311.6689 257.9991
362.7691 311.3636 257.6528
362.8378 312.1499 257.9991
362.8378 312.1499 257.3065
347.5999 311.6689 272.6087
347.9462 311.3636 272.4757
348.2925 311.6689 272.6087
347.5999 312.1499 272.5444
348.2925 312.1499 272.5444
332.9903 323.2459 257.3065
333.0545 322.7649 257.3065
333.0545 322.7649 257.9991
332.9903 323.2459 257.9991
348.2925 323.2459 242.6969
348.2925 322.7649 242.7612
347.5998 322.7649 242.7612
347.5998 323.2459 242.6969
347.5999 323.2459 272.6087
347.5999 322.7649 272.5444
348.2925 322.7649 272.5444
348.2925 323.2459 272.6087
362.9021 323.2459 257.9991
362.8378 322.7649 257.9991
362.8378 322.7649 257.3065
362.9021 323.2459 257.3065
314.0128 316.6028 257.9991
314.415 316.8743 257.9991
321.1976 314.2253 257.9991
321.0558 313.7611 257.9991
327.4317 312.901 257.9991
327.349 312.4228 257.9991
333.0545 312.1499 257.9991
332.9903 311.6689 257.9991
332.9903 311.6689 257.3065
333.0545 312.1499 257.3065
327.4317 312.901 257.3065
327.349 312.4228 257.3065
321.1976 314.2253 257.3065
321.0558 313.7611 257.3065
314.415 316.8742 257.3065
314.0128 316.6028 257.3065
347.5998 316.6028 223.7194
347.5998 316.8742 224.1216
347.5998 314.2253 230.9042
347.5998 313.7611 230.7624
347.5998 312.901 237.1383
347.5998 312.4228 237.0556
347.5998 312.1499 242.7612
347.5999 311.6689 242.6969
348.2925 311.6689 242.6969
348.2925 312.1499 242.7612
348.2925 312.901 237.1383
348.2925 312.4228 237.0556
348.2925 314.2253 230.9042
348.2925 313.7611 230.7624
348.2925 316.8742 224.1216
348.2925 316.6028 223.7194
348.2925 316.6028 291.5862
348.2925 316.8742 291.1839
348.2925 314.2253 284.4013
348.2925 313.7611 284.5432
348.2925 312.901 278.1673
348.2925 312.4228 278.25
348.2925 312.1499 272.5444
348.2925 311.6689 272.6087
347.5999 311.6689 272.6087
347.5999 312.1499 272.5444
347.5999 312.901 278.1673
347.5999 312.4228 278.25
347.5999 314.2253 284.4013
347.5999 313.7611 284.5432
347.5999 316.8742 291.1839
347.5999 316.6028 291.5862
381.8796 316.6028 257.3065
381.4773 316.8742 257.3065
374.6947 314.2253 257.3065
374.8365 313.7611 257.3065
368.4607 312.901 257.3065
368.5433 312.4228 257.3065
362.8378 312.1499 257.3065
362.9021 311.6689 257.3065
362.9021 311.6689 257.9991
362.8378 312.1499 257.9991
368.4607 312.901 257.9991
368.5433 312.4228 257.9991
374.6947 314.2253 257.9991
374.8365 313.7611 257.9991
381.4773 316.8743 257.9991
381.8796 316.6028 257.9991
321.0558 321.1537 257.9991
314.415 318.0406 257.9991
314.0128 318.3121 257.9991
321.1976 320.6895 257.9991
327.349 322.492 257.9991
327.4317 322.0138 257.9991
332.9903 323.2459 257.9991
333.0545 322.7649 257.9991
314.0128 318.3121 257.3065
314.415 318.0406 257.3065
321.1976 320.6895 257.3065
321.0558 321.1537 257.3065
327.4317 322.0138 257.3065
327.349 322.492 257.3065
333.0545 322.7649 257.3065
332.9903 323.2459 257.3065
347.5998 323.2459 242.6969
347.5998 322.7649 242.7612
347.5998 322.0138 237.1383
347.5998 322.492 237.0556
347.5998 320.6895 230.9042
347.5998 321.1537 230.7624
347.5998 318.0406 224.1216
347.5998 318.3121 223.7194
348.2925 318.3121 223.7194
348.2925 318.0406 224.1216
348.2925 320.6895 230.9042
348.2925 321.1537 230.7624
348.2925 322.0138 237.1383
348.2925 322.492 237.0556
348.2925 322.7649 242.7612
348.2925 323.2459 242.6969
347.5999 318.3121 291.5862
347.5999 318.0406 291.1839
347.5999 320.6895 284.4013
347.5999 321.1537 284.5432
347.5999 322.0138 278.1673
347.5999 322.492 278.25
347.5999 322.7649 272.5444
347.5999 323.2459 272.6087
348.2925 323.2459 272.6087
348.2925 322.7649 272.5444
348.2925 322.0138 278.1673
348.2925 322.492 278.25
348.2925 320.6895 284.4013
348.2925 321.1537 284.5432
348.2925 318.0406 291.1839
348.2925 318.3121 291.5862
381.8796 318.3121 257.9991
381.4773 318.0406 257.9991
374.6947 320.6895 257.9991
374.8365 321.1537 257.9991
368.4607 322.0138 257.9991
368.5433 322.492 257.9991
362.8378 322.7649 257.9991
362.9021 323.2459 257.9991
362.9021 323.2459 257.3065
362.8378 322.7649 257.3065
368.4607 322.0138 257.3065
368.5433 322.492 257.3065
374.6947 320.6895 257.3065
374.8365 321.1537 257.3065
381.4773 318.0406 257.3065
381.8796 318.3121 257.3065
345.3924 308.1978 270.4915
347.9462 308.1978 268.6628
347.9462 308.1978 270.7431
350.5 308.1978 270.4915
345.7982 308.1978 268.4512
350.0941 308.1978 268.4512
342.9367 308.1978 269.7466
352.9556 308.1978 269.7466
343.7328 308.1978 267.8246
352.1595 308.1978 267.8246
340.6736 308.1978 268.537
355.2188 308.1978 268.537
341.8293 308.1978 266.8072
354.063 308.1978 266.8072
338.6899 308.1978 266.909
357.2024 308.1978 266.909
340.1609 308.1978 265.438
355.7314 308.1978 265.438
337.062 308.1978 264.9254
358.8304 308.1978 264.9254
338.7917 308.1978 263.7696
357.1006 308.1978 263.7696
335.8523 308.1978 262.6622
360.04 308.1978 262.6622
337.7743 308.1978 261.8661
358.118 308.1978 261.8661
335.1074 308.1978 260.2065
360.7849 308.1978 260.2065
337.1478 308.1978 259.8007
358.7446 308.1978 259.8007
334.8559 308.1978 257.6528
361.0365 308.1978 257.6528
336.9362 308.1978 257.6528
358.9561 308.1978 257.6528
335.1074 308.1978 255.099
360.7849 308.1978 255.099
337.1478 308.1978 255.5049
358.7446 308.1978 255.5049
335.8523 308.1978 252.6433
360.04 308.1978 252.6433
337.7743 308.1978 253.4395
358.118 308.1978 253.4395
337.062 308.1978 250.3802
358.8304 308.1978 250.3802
338.7917 308.1978 251.536
357.1006 308.1978 251.536
338.6899 308.1978 248.3966
357.2024 308.1978 248.3965
340.1609 308.1978 249.8676
355.7314 308.1978 249.8676
340.6736 308.1978 246.7686
355.2188 308.1978 246.7686
341.8293 308.1978 248.4984
354.063 308.1978 248.4983
342.9367 308.1978 245.5589
352.9556 308.1978 245.5589
343.7328 308.1978 247.4809
352.1595 308.1978 247.4809
345.3924 308.1978 244.814
350.4999 308.1978 244.814
345.7982 308.1978 246.8544
350.0941 308.1978 246.8544
347.9462 308.1978 244.5625
347.9462 308.1978 246.6428
347.9281 325.8565 244.6416
347.9281 325.8565 246.9419
350.0093 325.8565 247.1469
350.4581 325.8565 244.8908
345.3982 325.8565 244.8908
352.0105 325.8565 247.754
345.8469 325.8565 247.1469
352.8908 325.8565 245.6288
342.9655 325.8565 245.6288
353.8549 325.8565 248.7398
343.8457 325.8565 247.754
355.1328 325.8565 246.8272
340.7234 325.8565 246.8271
355.4714 325.8565 250.0665
342.0014 325.8565 248.7398
357.098 325.8565 248.4399
338.7583 325.8565 248.4399
356.7981 325.8565 251.683
340.3848 325.8124 250.0665
358.7108 325.8565 250.4051
337.1455 325.8565 250.4051
357.7839 325.8565 253.5274
339.0581 325.8565 251.683
359.9091 325.8565 252.6471
335.9471 325.8565 252.6471
358.391 325.8565 255.5286
338.0723 325.8565 253.5274
360.6471 325.8565 255.0798
335.2092 325.8565 255.0798
358.596 325.8124 257.6098
337.4652 325.8565 255.5286
360.8963 325.8565 257.6098
334.96 325.8565 257.6098
358.391 325.8565 259.691
337.2603 325.8565 257.6098
360.6471 325.8565 260.1397
335.2092 325.8565 260.1397
357.7839 325.8565 261.6922
337.4652 325.8565 259.6909
359.9091 325.8565 262.5725
335.9471 325.8565 262.5724
356.7981 325.8565 263.5365
338.0723 325.8565 261.6922
358.7107 325.8565 264.8145
337.1455 325.8565 264.8145
355.4714 325.8565 265.1531
339.0581 325.8565 263.5365
357.098 325.8565 266.7796
338.7582 325.8565 266.7796
353.8549 325.8565 266.4798
340.3848 325.8124 265.1531
355.1328 325.8565 268.3924
340.7234 325.8565 268.3924
352.0105 325.8565 267.4656
342.0014 325.8565 266.4798
352.8908 325.8565 269.5908
342.9654 325.8565 269.5908
350.0093 325.8565 268.0727
343.8457 325.8565 267.4656
350.4581 325.8565 270.3287
345.3982 325.8565 270.3287
347.9281 325.8565 268.2776
345.8469 325.8565 268.0727
347.9281 325.8565 270.5779
338.5096 306.2552 255.7757
339.8538 306.2552 257.6528
338.3247 306.2552 257.6528
340.0092 306.2552 256.074
340.0092 306.2552 259.2315
339.0571 306.2552 253.9708
338.5096 306.2552 259.5298
340.4698 306.2552 254.556
340.4698 306.2552 260.7496
339.9462 306.2552 252.3074
339.0571 306.2552 261.3347
341.2176 306.2552 253.1569
341.2176 306.2552 262.1487
341.1428 306.2552 250.8494
339.9462 306.2552 262.9982
342.224 306.2552 251.9306
342.224 306.2552 263.375
342.6008 306.2552 249.6528
341.1428 306.2552 264.4562
343.4503 306.2552 250.9242
343.4503 306.2552 264.3814
344.2642 306.2552 248.7637
342.6008 306.2552 265.6527
344.8493 306.2552 250.1764
344.8493 306.2552 265.1292
346.0691 306.2552 248.2162
344.2642 306.2552 266.5419
346.3674 306.2552 249.7159
346.3674 306.2552 265.5897
347.9462 306.2552 248.0313
346.0691 306.2552 267.0894
347.9462 306.2552 249.5604
347.9462 306.2552 265.7452
349.8232 306.2552 248.2162
347.9462 306.2552 267.2743
349.5249 306.2552 249.7159
349.5249 306.2552 265.5897
351.6281 306.2552 248.7637
349.8232 306.2552 267.0894
351.043 306.2552 250.1764
351.043 306.2552 265.1292
353.2916 306.2552 249.6528
351.6282 306.2552 266.5419
352.4421 306.2552 250.9242
352.4421 306.2552 264.3814
354.7496 306.2552 250.8494
353.2916 306.2552 265.6527
353.6684 306.2552 251.9306
353.6684 306.2552 263.375
355.9461 306.2552 252.3074
354.7496 306.2552 264.4562
354.6747 306.2552 253.1569
354.6748 306.2552 262.1487
356.8352 306.2552 253.9708
355.9461 306.2552 262.9982
355.4226 306.2552 254.556
355.4226 306.2552 260.7496
357.3828 306.2552 255.7757
356.8353 306.2552 261.3347
355.8831 306.2552 256.074
355.8831 306.2552 259.2315
357.5676 306.2552 257.6528
357.3828 306.2552 259.5298
356.0386 306.2552 257.6528
350.0093 325.8565 247.1469
347.9281 325.8565 246.9419
347.9281 324.8285 249.5404
349.5024 324.8285 249.6954
346.3539 324.8285 249.6954
352.0105 325.8565 247.754
345.8469 325.8565 247.1469
351.0161 324.8285 250.1546
344.8401 324.8285 250.1546
353.8549 325.8565 248.7398
343.8457 325.8565 247.754
352.4113 324.8285 250.9003
343.445 324.8285 250.9003
355.4714 325.8565 250.0665
342.0014 325.8565 248.7398
353.6341 324.8285 251.9038
342.2222 324.7845 251.9038
356.7981 325.8565 251.683
340.3848 325.8124 250.0665
354.6376 324.8285 253.1266
341.2187 324.8285 253.1266
357.7839 325.8565 253.5274
339.0581 325.8565 251.683
355.3833 324.8285 254.5217
340.473 324.8285 254.5217
358.391 325.8565 255.5286
338.0723 325.8565 253.5274
355.8425 324.8285 256.0355
340.0138 324.8285 256.0355
358.596 325.8124 257.6098
337.4652 325.8565 255.5286
355.9975 324.7845 257.6098
339.8587 324.8285 257.6098
358.391 325.8565 259.691
337.2603 325.8565 257.6098
355.8425 324.8285 259.1841
340.0137 324.8285 259.184
357.7839 325.8565 261.6922
337.4652 325.8565 259.6909
355.3833 324.8285 260.6978
340.4729 324.8285 260.6978
356.7981 325.8565 263.5365
338.0723 325.8565 261.6922
354.6376 324.8285 262.0929
341.2186 324.8285 262.0929
355.4714 325.8565 265.1531
339.0581 325.8565 263.5365
353.6341 324.8285 263.3157
342.2222 324.7845 263.3157
353.8549 325.8565 266.4798
340.3848 325.8124 265.1531
352.4113 324.8285 264.3192
343.445 324.8285 264.3192
352.0105 325.8565 267.4656
342.0014 325.8565 266.4798
351.0161 324.8285 265.0649
344.8401 324.8285 265.0649
350.0093 325.8565 268.0727
343.8457 325.8565 267.4656
349.5024 324.8285 265.5241
346.3539 324.8285 265.5241
347.9281 325.8565 268.2776
345.8469 325.8565 268.0727
347.9281 324.8285 265.6792
347.5998 318.3121 223.7194
347.5998 316.6028 223.7194
341.3194 316.6028 224.3379
341.3194 318.3121 224.3379
334.9474 316.6028 226.2709
334.9474 318.3121 226.2709
329.0748 316.6028 229.4098
329.0748 318.3121 229.4098
323.9275 318.3121 233.6341
323.9275 316.6028 233.6341
319.7032 316.6028 238.7814
319.7032 318.3121 238.7814
316.5643 316.6028 244.654
316.5643 318.3121 244.654
314.6313 318.3121 251.0261
314.6313 316.6028 251.0261
314.0128 318.3121 257.3065
314.0128 316.6028 257.3065
347.5999 318.3121 291.5862
341.3194 316.6028 290.9677
347.5999 316.6028 291.5862
341.3194 318.3121 290.9677
334.9473 318.3121 289.0347
334.9473 316.6028 289.0347
329.0748 316.6028 285.8958
329.0748 318.3121 285.8958
323.9275 318.3121 281.6714
323.9275 316.6028 281.6714
319.7032 316.6028 276.5241
319.7032 318.3121 276.5241
316.5642 316.6028 270.6516
316.5642 318.3121 270.6516
314.6313 316.6028 264.2795
314.6313 318.3121 264.2795
314.0128 316.6028 257.9991
314.0128 318.3121 257.9991
348.2925 318.3121 223.7194
354.5729 316.6028 224.3379
348.2925 316.6028 223.7194
354.5729 318.3121 224.3379
360.945 316.6028 226.2709
360.945 318.3121 226.2709
366.8175 316.6028 229.4098
366.8175 318.3121 229.4098
371.9648 318.3121 233.6341
371.9648 316.6028 233.6341
376.1891 316.6028 238.7814
376.1891 318.3121 238.7814
379.3281 316.6028 244.654
379.3281 318.3121 244.654
381.261 318.3121 251.026
381.261 316.6028 251.026
381.8796 318.3121 257.3065
381.8796 316.6028 257.3065
348.2925 318.3121 291.5862
348.2925 316.6028 291.5862
354.5729 316.6028 290.9677
354.5729 318.3121 290.9677
360.945 318.3121 289.0347
360.945 316.6028 289.0347
366.8176 316.6028 285.8957
366.8176 318.3121 285.8957
371.9649 318.3121 281.6714
371.9649 316.6028 281.6714
376.1892 316.6028 276.5241
376.1892 318.3121 276.5241
379.3281 316.6028 270.6516
379.3281 318.3121 270.6516
381.261 316.6028 264.2794
381.261 318.3121 264.2794
381.8796 316.6028 257.9991
381.8796 318.3121 257.9991
314.415 318.0406 257.3065
314.415 316.8742 257.3065
314.415 316.8743 257.9991
314.415 318.0406 257.9991
347.5998 316.8742 224.1216
347.5998 318.0406 224.1216
348.2925 318.0406 224.1216
348.2925 316.8742 224.1216
348.2925 316.8742 291.1839
348.2925 318.0406 291.1839
347.5999 318.0406 291.1839
347.5999 316.8742 291.1839
381.4773 316.8742 257.3065
381.4773 318.0406 257.3065
381.4773 318.0406 257.9991
381.4773 316.8743 257.9991
314.0128 318.3121 257.9991
314.415 318.0406 257.9991
314.415 316.8743 257.9991
314.0128 316.6028 257.9991
314.0128 316.6028 257.3065
314.415 316.8742 257.3065
314.415 318.0406 257.3065
314.0128 318.3121 257.3065
347.5998 318.3121 223.7194
347.5998 318.0406 224.1216
347.5998 316.8742 224.1216
347.5998 316.6028 223.7194
348.2925 316.6028 223.7194
348.2925 316.8742 224.1216
348.2925 318.0406 224.1216
348.2925 318.3121 223.7194
348.2925 318.3121 291.5862
348.2925 318.0406 291.1839
348.2925 316.8742 291.1839
348.2925 316.6028 291.5862
347.5999 316.6028 291.5862
347.5999 316.8742 291.1839
347.5999 318.0406 291.1839
347.5999 318.3121 291.5862
381.8796 318.3121 257.3065
381.4773 318.0406 257.3065
381.4773 316.8742 257.3065
381.8796 316.6028 257.3065
381.8796 316.6028 257.9991
381.4773 316.8743 257.9991
381.4773 318.0406 257.9991
381.8796 318.3121 257.9991
2
-0.004627999 0.9988847 0.04698799
0.004627999 0.9988847 0.04698799
0 1 0
-0.004627999 0.9988847 -0.04698799
0 1 0
0.004627999 0.9988847 -0.04698799
0 0.4216389 -0.9067638
0.1769009 0.4216388 -0.8893406
0.1769009 0.4216388 -0.8893406
0 0.4216389 -0.9067638
-0.1769 0.4216389 -0.8893408
-0.1769 0.4216389 -0.8893408
-0.347002 0.421639 -0.8377411
-0.347002 0.421639 -0.8377411
-0.5037701 0.4216391 -0.7539471
-0.5037701 0.4216391 -0.7539471
-0.6411778 0.4216389 -0.6411798
-0.6411783 0.4216392 -0.6411793
-0.7539463 0.4216392 -0.5037712
-0.7539463 0.4216392 -0.5037712
-0.8377407 0.4216388 -0.3470029
-0.8377407 0.4216388 -0.3470029
-0.8893408 0.4216389 -0.1769
-0.8893408 0.4216389 -0.1769
-0.9067638 0.4216389 0
-0.9067638 0.4216389 0
-0.8893408 0.4216389 0.1769
-0.8893408 0.4216389 0.1769
-0.8377411 0.421639 0.347002
-0.8377411 0.421639 0.347002
-0.7539471 0.4216391 0.5037701
-0.7539471 0.4216391 0.5037701
-0.6411798 0.4216389 0.6411778
-0.6411793 0.4216392 0.6411783
-0.503772 0.4216389 0.7539459
-0.503772 0.4216389 0.7539459
-0.3470041 0.4216391 0.8377402
-0.3470041 0.4216391 0.8377402
-0.1769019 0.4216388 0.8893405
-0.1769021 0.4216391 0.8893403
0 0.4216389 0.9067638
0 0.4216389 0.9067638
0.1769009 0.4216388 0.8893406
0.1769009 0.4216388 0.8893406
0.3470041 0.4216391 0.8377402
0.3470041 0.4216391 0.8377402
0.5037712 0.4216392 0.7539463
0.5037708 0.4216388 0.7539467
0.6411788 0.4216389 0.6411788
0.6411788 0.4216389 0.6411788
0.7539459 0.4216389 0.503772
0.7539459 0.4216389 0.503772
0.8377399 0.4216389 0.347005
0.8377399 0.4216389 0.347005
0.8893403 0.4216391 0.1769021
0.8893403 0.4216391 0.1769021
0.9067638 0.4216389 0
0.9067638 0.4216389 0
0.8893408 0.4216389 -0.1769
0.8893408 0.4216389 -0.1769
0.8377407 0.4216388 -0.3470029
0.8377407 0.4216388 -0.3470029
0.7539471 0.4216391 -0.5037701
0.7539471 0.4216391 -0.5037701
0.6411788 0.4216389 -0.6411788
0.6411788 0.4216389 -0.6411788
0.5037712 0.4216392 -0.7539463
0.5037712 0.4216392 -0.7539463
0.3470029 0.4216388 -0.8377407
0.3470029 0.4216388 -0.8377407
0.1769009 0.4216388 -0.8893406
0.1769009 0.4216388 -0.8893406
-0.195 0.030434 0.9803309
-0.195 0.030434 0.9803309
0 0.03043399 0.9995368
0 0.03043399 0.9995368
0.194999 0.030435 0.9803311
0.195 0.030435 0.9803309
0.3825059 0.03043499 0.9234517
0.382505 0.030435 0.9234521
0.5542312 0.03043401 0.8318062
0.5552081 0.030581 0.831149
0.7068604 0.03070102 0.7066864
0.70686 0.0307 0.706687
0.8317378 0.03057799 0.5543259
0.8310843 0.03043401 0.5553132
0.9234517 0.03043399 0.3825059
0.9234517 0.03043399 0.3825059
0.9803309 0.030434 0.195
0.9803309 0.030434 0.195
0.9995368 0.03043399 0
0.9995368 0.03043399 0
0.9803311 0.030435 -0.194999
0.9803311 0.030435 -0.194999
0.9234517 0.03043499 -0.3825059
0.9234521 0.030435 -0.382505
0.8318062 0.03043401 -0.5542312
0.831149 0.030581 -0.5552081
0.706687 0.030701 -0.70686
0.706688 0.0307 -0.706859
0.5543259 0.03057799 -0.8317378
0.5553138 0.03043399 -0.8310838
0.3825071 0.030434 -0.9234511
0.3825071 0.030434 -0.9234511
0.195001 0.03043399 -0.9803308
0.195001 0.03043399 -0.9803308
0 0.03043399 -0.9995368
0 0.03043399 -0.9995368
-0.195 0.030434 -0.9803309
-0.195 0.030434 -0.9803309
-0.3825059 0.03043399 -0.9234517
-0.3825059 0.03043399 -0.9234517
-0.5553132 0.03043401 -0.8310843
-0.5553132 0.03043501 -0.8310843
-0.7067787 0.03043499 -0.7067797
-0.7067792 0.03043501 -0.7067792
-0.8310843 0.03043501 -0.5553132
-0.8310843 0.03043501 -0.5553132
-0.9234511 0.030435 -0.3825071
-0.9234511 0.030435 -0.3825071
-0.9800765 0.03043401 -0.1962751
-0.9803025 0.03058098 -0.1951199
-0.9995286 0.03069999 0.000123
-0.9995286 0.03069999 0.000122
-0.9800951 0.030578 0.196159
-0.9803311 0.030434 0.194999
-0.9234517 0.03043399 0.3825059
-0.9234521 0.030434 0.382505
-0.8310851 0.030434 0.555312
-0.8310851 0.030434 0.555312
-0.7067797 0.03043398 0.7067787
-0.7067797 0.03043398 0.7067787
-0.5553127 0.03043398 0.8310846
-0.5553132 0.03043401 0.8310843
-0.3825063 0.03043402 0.9234515
-0.3825059 0.03043399 0.9234517
-0.195 0.030434 0.9803309
-0.195 0.030434 0.9803309
0 -1 0
0 -1 0
0 -1 0
0 -1 0
0 -1 0
0 -1 0
0 -1 0
0 -1 0
0 -1 0
0 -1 0
0 -1 0
0 -1 0
0 -1 0
0 -1 0
0 -1 0
0 -1 0
0 -1 0
0 -1 0
0 -1 0
0 -1 0
0 -1 0
0 -1 0
0 -1 0
0 -1 0
0 -1 0
0 -1 0
0 -1 0
0 -1 0
0 -1 0
0 -1 0
0 -1 0
0 -1 0
-0.06914897 0.9975115 -0.01375399
-0.05862097 0.9975115 -0.03916998
-0.06513697 0.9975115 -0.02697999
-0.03916998 0.9975115 -0.05862097
-0.04985298 0.9975116 -0.04985298
-0.04985298 0.9975116 0.04985298
-0.06513697 0.9975115 0.02697999
-0.05862098 0.9975116 0.03916898
-0.06914897 0.9975115 0.01375399
-0.04698799 0.9988847 -0.004627999
-0.04698799 0.9988847 0.004627999
-0.004627999 0.9988847 0.04698799
-0.02698099 0.9975115 0.06513697
-0.03916998 0.9975115 0.05862097
-0.01375499 0.9975115 0.06914897
-0.01375499 0.9975115 -0.06914897
-0.02697999 0.9975115 -0.06513697
0 1 0
0 1 0
-0.004627999 0.9988847 -0.04698799
0.004627999 0.9988847 -0.04698799
0.01375399 0.9975115 -0.06914897
0.03916998 0.9975115 -0.05862097
0.02697999 0.9975115 -0.06513697
0.04985298 0.9975116 0.04985298
0.02698099 0.9975115 0.06513697
0.03916998 0.9975115 0.05862097
0.01375499 0.9975115 0.06914897
0.004627999 0.9988847 0.04698799
0.06914897 0.9975115 -0.01375499
0.06513697 0.9975115 0.02697999
0.05862098 0.9975116 0.03916898
0.06914897 0.9975115 0.01375399
0.04698799 0.9988847 0.004627999
0.04698799 0.9988847 -0.004627999
0.05862097 0.9975115 -0.03916998
0.04985298 0.9975116 -0.04985298
0.06513697 0.9975115 -0.02697999
-0.072994 0.927366 -0.366966
-0.02925302 0.9544255 -0.2970122
-0.03682599 0.9267369 -0.373902
-0.05796901 0.9548341 -0.29143
-0.143183 0.9273662 -0.3456741
-0.03368999 0.9849765 -0.1693699
-0.017006 0.9848341 -0.172663
-0.004627999 0.9988847 -0.04698799
-0.01375499 0.9975115 -0.06914897
-0.06608497 0.9849765 -0.1595429
-0.02697999 0.9975115 -0.06513697
-0.11371 0.9548341 -0.274521
-0.2078691 0.9273664 -0.3110981
-0.09593995 0.9849765 -0.1435849
-0.03916998 0.9975115 -0.05862097
-0.165082 0.9548342 -0.2470621
-0.2645681 0.9273662 -0.264567
-0.1221089 0.9849765 -0.1221089
-0.04985298 0.9975116 -0.04985298
-0.210109 0.9548342 -0.210109
-0.311099 0.9273661 -0.207869
-0.1435849 0.9849765 -0.09593995
-0.05862097 0.9975115 -0.03916998
-0.247063 0.9548339 -0.165082
-0.3456741 0.9273662 -0.143183
-0.1595429 0.9849765 -0.06608497
-0.06513697 0.9975115 -0.02697999
-0.274521 0.9548341 -0.11371
-0.366966 0.927366 -0.072994
-0.1693699 0.9849765 -0.03368999
-0.06914897 0.9975115 -0.01375399
-0.29143 0.9548341 -0.05796901
-0.3739011 0.9267372 -0.03682601
-0.2970131 0.9544252 -0.02925301
-0.172663 0.9848341 -0.017006
-0.04698799 0.9988847 -0.004627999
-0.366966 0.927366 0.072994
-0.2970122 0.9544255 0.02925302
-0.373902 0.9267369 0.03682599
-0.29143 0.9548341 0.05796901
-0.3456741 0.9273663 0.143182
-0.1693699 0.9849765 0.03368999
-0.172663 0.9848341 0.017006
-0.04698799 0.9988847 0.004627999
-0.06914897 0.9975115 0.01375399
-0.1595429 0.9849765 0.06608497
-0.06513697 0.9975115 0.02697999
-0.274521 0.9548341 0.11371
-0.311099 0.9273661 0.207869
-0.1435849 0.9849765 0.09593995
-0.05862098 0.9975116 0.03916898
-0.247063 0.9548339 0.165082
-0.2645681 0.9273662 0.264567
-0.1221089 0.9849765 0.1221089
-0.04985298 0.9975116 0.04985298
-0.21011 0.954834 0.210109
-0.2078701 0.9273662 0.3110981
-0.09593995 0.9849765 0.1435849
-0.03916998 0.9975115 0.05862097
-0.165082 0.9548342 0.2470621
-0.143183 0.9273662 0.3456741
-0.06608497 0.9849765 0.1595429
-0.02698099 0.9975115 0.06513697
-0.113711 0.954834 0.274521
-0.072994 0.927366 0.366966
-0.03368999 0.9849765 0.1693699
-0.01375499 0.9975115 0.06914897
-0.05796901 0.9548341 0.29143
-0.03682601 0.9267372 0.3739011
-0.02925302 0.9544255 0.2970122
-0.017006 0.9848341 0.172663
-0.004627999 0.9988847 0.04698799
-0.072994 -0.927366 -0.366966
-0.03682599 -0.9267369 -0.373902
-0.02925302 -0.9544255 -0.2970122
-0.05796901 -0.9548341 -0.29143
-0.143183 -0.9273662 -0.3456741
-0.03368999 -0.9849765 -0.1693699
-0.017006 -0.9848341 -0.172663
-0.013045 -0.9911042 -0.132447
-0.02584099 -0.9911885 -0.1299129
-0.06608497 -0.9849765 -0.1595429
-0.05068998 -0.9911886 -0.122375
-0.11371 -0.9548341 -0.274521
-0.2078691 -0.9273664 -0.3110981
-0.09593995 -0.9849765 -0.1435849
-0.07358997 -0.9911885 -0.1101349
-0.165082 -0.9548342 -0.2470621
-0.2645681 -0.9273662 -0.264567
-0.1221089 -0.9849765 -0.1221089
-0.09366196 -0.9911885 -0.09366196
-0.210109 -0.9548342 -0.210109
-0.311099 -0.9273661 -0.207869
-0.1435849 -0.9849765 -0.09593995
-0.1101349 -0.9911885 -0.07358997
-0.247063 -0.9548339 -0.165082
-0.3456741 -0.9273662 -0.143183
-0.1595429 -0.9849765 -0.06608497
-0.122375 -0.9911886 -0.05068899
-0.274521 -0.9548341 -0.11371
-0.366966 -0.927366 -0.072994
-0.1693699 -0.9849765 -0.03368999
-0.1299129 -0.9911885 -0.02584099
-0.29143 -0.9548341 -0.05796901
-0.3739011 -0.9267372 -0.03682601
-0.2970122 -0.9544255 -0.02925302
-0.172663 -0.9848341 -0.017006
-0.132447 -0.9911042 -0.013045
-0.366966 -0.927366 0.072994
-0.373902 -0.9267369 0.03682599
-0.2970122 -0.9544255 0.02925302
-0.29143 -0.9548341 0.05796901
-0.3456741 -0.9273663 0.143182
-0.1693699 -0.9849765 0.03368999
-0.172663 -0.9848341 0.017006
-0.132447 -0.9911042 0.013045
-0.1299129 -0.9911885 0.02584099
-0.1595429 -0.9849765 0.06608497
-0.122375 -0.9911886 0.05068899
-0.274521 -0.9548341 0.11371
-0.311099 -0.9273661 0.207869
-0.1435849 -0.9849765 0.09593995
-0.1101349 -0.9911885 0.07358997
-0.247063 -0.9548339 0.165082
-0.2645681 -0.9273662 0.264567
-0.1221089 -0.9849765 0.1221089
-0.09366196 -0.9911885 0.09366196
-0.21011 -0.954834 0.210109
-0.2078701 -0.9273662 0.3110981
-0.09593995 -0.9849765 0.1435849
-0.07358997 -0.9911885 0.1101349
-0.165082 -0.9548342 0.2470621
-0.143183 -0.9273662 0.3456741
-0.06608497 -0.9849765 0.1595429
-0.05068998 -0.9911886 0.122375
-0.113711 -0.954834 0.274521
-0.072994 -0.927366 0.366966
-0.03368999 -0.9849765 0.1693699
-0.02584099 -0.9911885 0.1299129
-0.05796901 -0.9548341 0.29143
-0.03682601 -0.9267372 0.3739011
-0.02925302 -0.9544255 0.2970122
-0.017006 -0.9848341 0.172663
-0.013045 -0.9911042 0.132447
0.072994 0.927366 -0.366966
0.03682599 0.9267369 -0.373902
0.02925302 0.9544255 -0.2970122
0.05796901 0.9548341 -0.29143
0.143183 0.9273662 -0.3456741
0.03368999 0.9849765 -0.1693699
0.017006 0.9848341 -0.172663
0.004627999 0.9988847 -0.04698799
0.01375399 0.9975115 -0.06914897
0.06608497 0.9849765 -0.1595429
0.02697999 0.9975115 -0.06513697
0.11371 0.9548341 -0.274521
0.207869 0.9273661 -0.311099
0.09593995 0.9849765 -0.1435849
0.03916998 0.9975115 -0.05862097
0.165082 0.9548339 -0.247063
0.264567 0.9273662 -0.2645681
0.1221089 0.9849765 -0.1221089
0.04985298 0.9975116 -0.04985298
0.210109 0.9548342 -0.210109
0.311099 0.9273661 -0.207869
0.1435849 0.9849765 -0.09593995
0.05862097 0.9975115 -0.03916998
0.2470621 0.9548342 -0.165082
0.3456741 0.9273662 -0.143183
0.1595429 0.9849765 -0.06608497
0.06513697 0.9975115 -0.02697999
0.274521 0.9548341 -0.11371
0.366966 0.927366 -0.072994
0.1693699 0.9849765 -0.03368999
0.06914897 0.9975115 -0.01375499
0.29143 0.9548341 -0.05796901
0.3739011 0.9267372 -0.03682601
0.2970131 0.9544252 -0.02925301
0.172663 0.9848341 -0.017006
0.04698799 0.9988847 -0.004627999
0.3669661 0.9273661 0.07299301
0.373902 0.9267369 0.036825
0.2970122 0.9544255 0.02925302
0.29143 0.9548341 0.05796901
0.3456741 0.9273663 0.143182
0.1693699 0.9849765 0.03368999
0.172663 0.9848342 0.017005
0.04698799 0.9988847 0.004627999
0.06914897 0.9975115 0.01375399
0.1595429 0.9849765 0.06608497
0.06513697 0.9975115 0.02697999
0.274521 0.9548341 0.11371
0.311099 0.9273661 0.207869
0.1435849 0.9849765 0.09593995
0.05862098 0.9975116 0.03916898
0.247063 0.9548341 0.165081
0.2645681 0.9273662 0.264567
0.1221089 0.9849765 0.1221089
0.04985298 0.9975116 0.04985298
0.21011 0.954834 0.210109
0.2078701 0.9273662 0.3110981
0.09593995 0.9849765 0.1435849
0.03916998 0.9975115 0.05862097
0.165082 0.9548342 0.2470621
0.143183 0.9273662 0.3456741
0.06608497 0.9849765 0.1595429
0.02698099 0.9975115 0.06513697
0.113711 0.954834 0.274521
0.07299403 0.9273664 0.3669651
0.03368999 0.9849765 0.1693699
0.01375499 0.9975115 0.06914897
0.05796901 0.9548341 0.29143
0.03682601 0.9267372 0.3739011
0.02925302 0.9544255 0.2970122
0.017006 0.9848341 0.172663
0.004627999 0.9988847 0.04698799
0.072994 -0.927366 -0.366966
0.02925302 -0.9544255 -0.2970122
0.03682599 -0.9267369 -0.373902
0.05796901 -0.9548341 -0.29143
0.143183 -0.9273662 -0.3456741
0.03368999 -0.9849765 -0.1693699
0.017006 -0.9848341 -0.172663
0.013045 -0.9911042 -0.132447
0.02584099 -0.9911885 -0.1299129
0.06608497 -0.9849765 -0.1595429
0.05068899 -0.9911886 -0.122375
0.11371 -0.9548341 -0.274521
0.207869 -0.9273661 -0.311099
0.09593995 -0.9849765 -0.1435849
0.07358997 -0.9911885 -0.1101349
0.165082 -0.9548339 -0.247063
0.264567 -0.9273662 -0.2645681
0.1221089 -0.9849765 -0.1221089
0.09366196 -0.9911885 -0.09366196
0.210109 -0.9548342 -0.210109
0.311099 -0.9273661 -0.207869
0.1435849 -0.9849765 -0.09593995
0.1101349 -0.9911885 -0.07358997
0.2470621 -0.9548342 -0.165082
0.3456741 -0.9273662 -0.143183
0.1595429 -0.9849765 -0.06608497
0.122375 -0.9911886 -0.05068899
0.274521 -0.9548341 -0.11371
0.366966 -0.927366 -0.072994
0.1693699 -0.9849765 -0.03368999
0.1299129 -0.9911885 -0.02584099
0.29143 -0.9548341 -0.05796901
0.3739011 -0.9267372 -0.03682601
0.2970122 -0.9544255 -0.02925302
0.172663 -0.9848341 -0.017006
0.132447 -0.9911042 -0.013045
0.3669661 -0.9273661 0.07299301
0.2970122 -0.9544255 0.02925302
0.373902 -0.9267369 0.03682599
0.29143 -0.9548341 0.05796901
0.3456741 -0.9273663 0.143182
0.1693699 -0.9849765 0.03368999
0.172663 -0.9848342 0.017005
0.132447 -0.9911042 0.013045
0.1299129 -0.9911885 0.02584099
0.1595429 -0.9849765 0.06608497
0.1223759 -0.9911885 0.05068898
0.274521 -0.9548341 0.11371
0.311099 -0.9273661 0.207869
0.1435849 -0.9849765 0.09593995
0.1101349 -0.9911885 0.07358997
0.247063 -0.9548341 0.165081
0.2645681 -0.9273662 0.264567
0.1221089 -0.9849765 0.1221089
0.09366196 -0.9911885 0.09366196
0.21011 -0.954834 0.210109
0.2078701 -0.9273662 0.3110981
0.09593995 -0.9849765 0.1435849
0.07358997 -0.9911885 0.1101349
0.165082 -0.9548342 0.2470621
0.143184 -0.927366 0.345674
0.06608497 -0.9849765 0.1595429
0.05068998 -0.9911886 0.122375
0.113711 -0.954834 0.274521
0.07299403 -0.9273664 0.3669651
0.03368999 -0.9849765 0.1693699
0.02584099 -0.9911885 0.1299129
0.05796901 -0.9548341 0.29143
0.03682601 -0.9267372 0.3739011
0.02925302 -0.9544255 0.2970122
0.017006 -0.9848341 0.172663
0.013045 -0.9911042 0.132447
-0.36379 0.931481 0
-0.286742 0.9580079 0
-0.36379 0.931481 0
-0.2867429 0.9580076 0
-0.1702181 0.9854064 0
-0.1702181 0.9854064 0
-0.132396 0.9911969 0
-0.132396 0.9911969 0
0 0.9854064 -0.1702181
0 0.9911969 -0.132396
0 0.9911969 -0.132396
0 0.9854064 -0.1702181
0 0.9580079 -0.286742
0 0.9580076 -0.2867429
0 0.931481 -0.36379
0 0.931481 -0.36379
-0.2867429 -0.9580076 0
-0.363793 -0.9314799 5.999999E-05
-0.363793 -0.9314799 5.699999E-05
-0.2867401 -0.9580084 0
-0.1702181 -0.9854064 0
-0.1702169 -0.9854066 0
-0.132396 -0.9911969 0
-0.132396 -0.9911969 0
0 -0.9911969 -0.132396
0 -0.9854064 -0.1702181
0 -0.9911969 -0.132396
0 -0.9854064 -0.1702181
0 -0.9580076 -0.2867429
0 -0.9580076 -0.2867429
0 -0.931481 -0.36379
0 -0.931481 -0.36379
0 0.9580079 0.286742
0 0.931481 0.36379
0 0.931481 0.36379
0 0.9580079 0.286742
0 0.9854064 0.1702181
0 0.9854064 0.1702181
0 0.9911969 0.132396
0 0.9911969 0.132396
0 -0.931481 0.36379
0 -0.9580079 0.286742
0 -0.931481 0.36379
0 -0.9580079 0.286742
0 -0.9854064 0.1702181
0 -0.9854064 0.1702181
0 -0.9911969 0.132396
0 -0.9911969 0.132396
0.2867429 0.9580076 0
0.36379 0.931481 0
0.36379 0.931481 0
0.286742 0.9580079 0
0.1702181 0.9854064 0
0.1702181 0.9854064 0
0.132396 0.9911969 0
0.132396 0.9911969 0
0.3637879 -0.9314818 5.599999E-05
0.286742 -0.9580079 0
0.3637871 -0.9314822 6.000001E-05
0.286745 -0.958007 0
0.1702181 -0.9854064 0
0.1702181 -0.9854064 0
0.132396 -0.9911969 0
0.132396 -0.9911969 0
0 -1 0
0 -1 0
0 -1 0
0 -1 0
0 -0.4801039 0.8772117
0.1711371 -0.4801032 0.8603564
0.1711371 -0.4801032 0.8603564
0 -0.4801039 0.8772117
-0.171136 -0.480104 0.860356
-0.1711361 -0.4801032 0.8603565
-0.3356951 -0.480103 0.8104381
-0.3356949 -0.4801038 0.8104377
-0.4873528 -0.4801038 0.7293747
-0.4873532 -0.4801042 0.7293743
-0.6202828 -0.4801039 0.6202818
-0.6202828 -0.4801039 0.6202818
-0.7293755 -0.4801037 0.4873517
-0.729376 -0.480103 0.487352
-0.8104387 -0.4801028 0.3356939
-0.8104383 -0.4801032 0.3356941
-0.8603569 -0.4801029 0.171135
-0.860357 -0.480103 0.171134
-0.877212 -0.480103 0
-0.877212 -0.480103 0
-0.8603569 -0.4801029 -0.171135
-0.8603569 -0.4801029 -0.171135
-0.8104383 -0.4801032 -0.3356941
-0.8104379 -0.480104 -0.335694
-0.7293751 -0.4801041 -0.4873521
-0.7293751 -0.4801041 -0.4873521
-0.6202831 -0.480103 -0.6202821
-0.6202831 -0.480103 -0.6202821
-0.4873528 -0.4801038 -0.7293747
-0.4873528 -0.4801038 -0.7293747
-0.3356951 -0.480103 -0.8104381
-0.3356951 -0.480103 -0.8104381
-0.1711361 -0.4801032 -0.8603565
-0.1711361 -0.4801032 -0.8603565
0 -0.480103 -0.877212
0 -0.480103 -0.877212
0.1711349 -0.4801037 -0.8603565
0.171135 -0.4801029 -0.8603569
0.3356941 -0.4801032 -0.8104383
0.3356941 -0.4801032 -0.8104383
0.4873531 -0.4801031 -0.7293751
0.4873528 -0.4801038 -0.7293747
0.6202822 -0.4801041 -0.6202822
0.6202822 -0.4801041 -0.6202822
0.7293747 -0.4801038 -0.4873528
0.7293751 -0.4801031 -0.4873531
0.8104381 -0.480103 -0.3356951
0.8104381 -0.480103 -0.3356951
0.8603565 -0.4801032 -0.1711361
0.860356 -0.480104 -0.171136
0.8772117 -0.4801039 0
0.8772117 -0.4801039 0
0.8603566 -0.4801038 0.1711339
0.8603566 -0.4801038 0.1711339
0.8104386 -0.4801038 0.3356929
0.8104386 -0.4801038 0.3356929
0.729376 -0.480104 0.4873509
0.729376 -0.480104 0.4873509
0.6202832 -0.4801042 0.6202812
0.6202832 -0.4801042 0.6202812
0.487354 -0.4801039 0.7293739
0.4873532 -0.4801042 0.7293743
0.335696 -0.4801041 0.8104371
0.335696 -0.4801041 0.8104371
0.1711371 -0.4801032 0.8603564
0.1711371 -0.4801032 0.8603564
0 0 -1
-0.195091 0 -0.9807851
-0.195091 0 -0.9807851
0 0 -1
0.195091 0 -0.9807851
0.195091 0 -0.9807851
0.3826841 0 -0.9238793
0.3826841 0 -0.9238793
0.5555711 0 -0.8314691
0.5555711 0 -0.8314691
0.7071072 0 -0.7071062
0.7071072 0 -0.7071062
0.8314703 0 -0.5555692
0.8314703 0 -0.5555692
0.9238797 0 -0.3826829
0.9238797 0 -0.3826829
0.9807855 0 -0.1950891
0.9807855 0 -0.1950891
1 0 0
1 0 0
0.9807854 0 0.1950901
0.9807854 0 0.1950901
0.9238797 0 0.3826829
0.9238797 0 0.3826829
0.8314699 0 0.5555699
0.8314699 0 0.5555699
0.7071068 0 0.7071068
0.7071068 0 0.7071068
0.5555699 0 0.8314699
0.5555699 0 0.8314699
0.3826841 0 0.9238793
0.3826838 0 0.9238794
0.195091 0 0.9807851
0.195091 0 0.9807851
0 0 1
0 0 1
-0.1950901 0 0.9807854
-0.1950901 0 0.9807854
-0.3826829 0 0.9238797
-0.3826829 0 0.9238797
-0.5555699 0 0.8314699
-0.5555699 0 0.8314699
-0.7071068 0 0.7071068
-0.7071062 0 0.7071072
-0.8314695 0 0.5555704
-0.8314695 0 0.5555704
-0.9238797 0 0.3826829
-0.9238797 0 0.3826829
-0.9807851 0 0.195091
-0.9807851 0 0.195091
-1 0 0
-1 0 0
-0.9807855 0 -0.1950889
-0.9807855 0 -0.1950889
-0.9238801 0 -0.3826821
-0.9238801 0 -0.3826821
-0.8314706 0 -0.5555687
-0.8314706 0 -0.5555687
-0.7071083 0 -0.7071052
-0.7071083 0 -0.7071052
-0.5555711 0 -0.8314691
-0.5555711 0 -0.8314691
-0.382685 0 -0.9238789
-0.382685 0 -0.9238789
-0.195091 0 -0.9807851
-0.195091 0 -0.9807851
-0.8603569 -0.4801029 -0.171135
-0.8880857 -0.4596778 0
-0.961401 -0.27146 -0.044918
-0.877212 -0.480103 0
-0.9614007 -0.2714609 0.04491599
-0.8603569 -0.4801029 -0.171135
-0.8603569 -0.4801029 0.171135
-0.8104383 -0.4801032 -0.3356941
-0.8603569 -0.4801029 0.171135
-0.8104383 -0.4801032 -0.3356941
-0.8104383 -0.4801032 0.3356941
-0.7293751 -0.4801031 -0.4873531
-0.8104383 -0.4801032 0.3356941
-0.7293751 -0.4801031 -0.4873531
-0.7293755 -0.4801033 0.4873523
-0.6202831 -0.480103 -0.6202821
-0.7293751 -0.4801041 0.4873521
-0.6202831 -0.480103 -0.6202821
-0.6202828 -0.4801039 0.6202818
-0.4873531 -0.4801031 -0.7293751
-0.6202828 -0.4801039 0.6202818
-0.4873531 -0.4801031 -0.7293751
-0.487354 -0.4801039 0.7293739
-0.3356951 -0.480103 -0.8104381
-0.487354 -0.4801039 0.7293739
-0.3356951 -0.480103 -0.8104381
-0.3356949 -0.4801038 0.8104377
-0.1711361 -0.4801032 -0.8603565
-0.3356949 -0.4801038 0.8104377
-0.171136 -0.4801028 -0.8603567
-0.171136 -0.480104 0.860356
-0.04491799 -0.2714609 -0.9614007
0 -0.480103 -0.877212
-0.171136 -0.480104 0.860356
0 -0.4596771 -0.8880862
0.1711349 -0.4801037 -0.8603565
0 -0.4801039 0.8772117
0.171135 -0.4801029 -0.8603569
0.044917 -0.27146 -0.961401
0.335694 -0.480104 -0.8104379
0.3356941 -0.4801032 -0.8104383
0.4873523 -0.4801033 -0.7293755
0.4873523 -0.4801033 -0.7293755
0.6202821 -0.480103 -0.6202831
0.6202821 -0.480103 -0.6202831
0.7293747 -0.4801038 -0.4873528
0.7293747 -0.4801038 -0.4873528
0.8104381 -0.480103 -0.3356951
0.8104383 -0.4801032 -0.3356941
0 -0.4596771 0.8880862
-0.04491701 -0.2714591 0.9614013
0.04491799 -0.2714609 0.9614007
0.171136 -0.480104 0.860356
0.171136 -0.480104 0.860356
0.335696 -0.4801041 0.8104371
0.335696 -0.4801041 0.8104371
0.487354 -0.4801039 0.7293739
0.487354 -0.4801039 0.7293739
0.6202832 -0.4801042 0.6202812
0.6202828 -0.4801039 0.6202818
0.729376 -0.480103 0.487352
0.729376 -0.480103 0.487352
0.8104389 -0.480103 0.335693
0.8104389 -0.480103 0.335693
0.860357 -0.480103 0.171134
0.860357 -0.480103 0.171134
0.8880857 -0.4596778 0
0.9614006 -0.2714619 0.04491498
0.877212 -0.480103 0
0.9614004 -0.2714618 -0.04491897
0.8603567 -0.4801028 -0.171136
0.8603567 -0.4801028 -0.171136
0.8104383 -0.4801032 -0.3356941
0.8104381 -0.480103 -0.3356951
-0.8314695 0 0.5555704
-0.9238793 0 0.3826841
-0.9238793 0 0.3826841
-0.8314695 0 0.5555704
-0.7071068 0 0.7071068
-0.7071068 0 0.7071068
-0.5555699 0 0.8314699
-0.5555699 0 0.8314699
-0.3826829 0 0.9238797
-0.3826829 0 0.9238797
-0.1950901 0 0.9807854
-0.1950901 0 0.9807854
0 0 1
0 0 1
0.195091 0 0.9807851
0.195091 0 0.9807851
0.3826841 0 0.9238793
0.3826841 0 0.9238793
0.5555699 0 0.8314699
0.5555699 0 0.8314699
0.7071068 0 0.7071068
0.7071068 0 0.7071068
0.8314699 0 0.5555699
0.8314699 0 0.5555699
0.9238797 0 0.3826829
0.9238797 0 0.3826829
0.9807854 0 0.1950901
0.9807854 0 0.1950901
1 0 0
1 0 0
0.9807855 0 -0.1950891
0.9807855 0 -0.1950891
0.9238797 0 -0.3826829
0.9238801 0 -0.3826821
0.8314699 0 -0.5555699
0.8314699 0 -0.5555699
0.7071072 0 -0.7071062
0.7071072 0 -0.7071062
0.5555711 0 -0.8314691
0.5555711 0 -0.8314691
0.382685 0 -0.9238789
0.382685 0 -0.9238789
0.195091 0 -0.9807851
0.195091 0 -0.9807851
0 0 -1
0 0 -1
-0.195092 0 -0.9807849
-0.195092 0 -0.9807849
-0.382685 0 -0.9238789
-0.382685 0 -0.9238789
-0.5555711 0 -0.8314691
-0.5555711 0 -0.8314691
-0.7071078 0 -0.7071058
-0.7071078 0 -0.7071058
-0.8314703 0 -0.5555692
-0.8314703 0 -0.5555692
-0.9238801 0 -0.3826821
-0.9238801 0 -0.3826821
-0.9807855 0 -0.1950889
-0.9807855 0 -0.1950889
-1 0 0
-1 0 0
-0.9807854 0 0.1950901
-0.9807854 0 0.1950901
-0.9238793 0 0.3826841
-0.9238793 0 0.3826841
-0.961401 -0.27146 -0.044918
-0.8880857 -0.4596778 0
-0.9614007 -0.2714609 0.04491599
-0.9911886 0.132458 0
-0.9911884 0.1324589 0
-0.04491799 -0.2714609 -0.9614007
0.044917 -0.27146 -0.961401
0 -0.4596771 -0.8880862
0 0.132457 -0.9911888
0 0.132457 -0.9911888
0.9614004 -0.2714618 -0.04491897
0.9614006 -0.2714619 0.04491498
0.8880857 -0.4596778 0
0.9911888 0.132457 0
0.9911888 0.132457 0
-0.04491701 -0.2714591 0.9614013
0 -0.4596771 0.8880862
0.04491799 -0.2714609 0.9614007
0 0.1324589 0.9911884
0 0.1324589 0.9911884
-0.9911886 -0.132458 0
-0.9911888 -0.132457 0
-0.9911886 -0.132458 0
-0.9911884 -0.1324589 0
0 -0.132457 -0.9911888
0 -0.132457 -0.9911888
0 -0.132457 -0.9911888
0 -0.132457 -0.9911888
0 -0.1324589 0.9911884
0 -0.1324589 0.9911884
0 -0.1324589 0.9911884
0 -0.1324589 0.9911884
0.9911888 -0.132457 0
0.9911888 -0.132457 0
0.9911888 -0.132457 0
0.9911888 -0.132457 0
0 0 -1
0 0 -1
0 0 -1
0 0 -1
0 0 -1
0 0 -1
0 0 -1
0 0 -1
0 0 1
0 0 1
0 0 1
0 0 1
0 0 1
0 0 1
0 0 1
0 0 1
1 0 0
1 0 0
1 0 0
1 0 0
1 0 0
1 0 0
1 0 0
1 0 0
-1 0 0
-1 0 0
-1 0 0
-1 0 0
-1 0 0
-1 0 0
-1 0 0
-1 0 0
-1 0 0
-1 0 0
-1 0 0
-1 0 0
-1 0 0
-1 0 0
-1 0 0
-1 0 0
1 0 0
1 0 0
1 0 0
1 0 0
1 0 0
1 0 0
1 0 0
1 0 0
0 0 1
0 0 1
0 0 1
0 0 1
0 0 1
0 0 1
0 0 1
0 0 1
0 0 -1
0 0 -1
0 0 -1
0 0 -1
0 0 -1
0 0 -1
0 0 -1
0 0 -1
0 0 -1
0 0 -1
0 0 -1
0 0 -1
0 0 -1
0 0 -1
0 0 -1
0 0 -1
0 0 1
0 0 1
0 0 1
0 0 1
0 0 1
0 0 1
0 0 1
0 0 1
1 0 0
1 0 0
1 0 0
1 0 0
1 0 0
1 0 0
1 0 0
1 0 0
-1 0 0
-1 0 0
-1 0 0
-1 0 0
-1 0 0
-1 0 0
-1 0 0
-1 0 0
1 0 0
1 0 0
1 0 0
1 0 0
1 0 0
1 0 0
1 0 0
1 0 0
-1 0 0
-1 0 0
-1 0 0
-1 0 0
-1 0 0
-1 0 0
-1 0 0
-1 0 0
0 0 -1
0 0 -1
0 0 -1
0 0 -1
0 0 -1
0 0 -1
0 0 -1
0 0 -1
0 0 1
0 0 1
0 0 1
0 0 1
0 0 1
0 0 1
0 0 1
0 0 1
0 -1 0
0 -1 0
0 -1 0
0 -1 0
0 -1 0
0 -1 0
0 -1 0
0 -1 0
0 -1 0
0 -1 0
0 -1 0
0 -1 0
0 -1 0
0 -1 0
0 -1 0
0 -1 0
0 -1 0
0 -1 0
0 -1 0
0 -1 0
0 -1 0
0 -1 0
0 -1 0
0 -1 0
0 -1 0
0 -1 0
0 -1 0
0 -1 0
0 -1 0
0 -1 0
0 -1 0
0 -1 0
0 -1 0
0 -1 0
0 -1 0
0 -1 0
0 -1 0
0 -1 0
0 -1 0
0 -1 0
0 -1 0
0 -1 0
0 -1 0
0 -1 0
0 -1 0
0 -1 0
0 -1 0
0 -1 0
0 -1 0
0 -1 0
0 -1 0
0 -1 0
0 -1 0
0 -1 0
0 -1 0
0 -1 0
0 -1 0
0 -1 0
0 -1 0
0 -1 0
0 -1 0
0 -1 0
0 -1 0
0 -1 0
0 1 0
0 1 0
0 1 0
0 1 0
0 1 0
0 1 0
0 1 0
0 1 0
0 1 0
0 1 0
0 1 0
0 1 0
0 1 0
0 1 0
-0.0006439998 0.9999756 0.006969997
0 1 0
0.006788999 0.9998908 0.01313
0 1 0
0.005332999 0.9998869 0.014065
0 1 0
0.006706 0.9999771 -0.0009120001
0 1 0
0.005881 0.999944 -0.008801
0 1 0
0 1 0
0.002065 0.999944 0.010382
0 1 0
-0.004097001 0.9999771 0.005387
0 1 0
-0.013717 0.9998869 -0.006174
0 1 0
-0.014085 0.9998908 -0.004483999
0 1 0
-0.004472998 0.9999756 -0.005383998
0 1 0
0 1 0
0 1 0
0 1 0
0 1 0
0 1 0
0 1 0
0 1 0
0 1 0
0 1 0
0 1 0
0 1 0
0.006969997 0.9999756 0.0006439998
0 1 0
0.01313 0.9998908 -0.006788999
0 1 0
0.014065 0.9998869 -0.005332999
0 1 0
-0.0009120001 0.9999771 -0.006706
0 1 0
-0.008801 0.999944 -0.005881
0 1 0
0 1 0
0 1 0
0 1 0
0 1 0
0 1 0
0 1 0
0 1 0
0 1 0
0 -1 0
0 -1 0
0 -1 0
0 -1 0
0 -1 0
0 -1 0
0 -1 0
0 -1 0
0 -1 0
0 -1 0
0 -1 0
0 -1 0
0 -1 0
0 -1 0
0 -1 0
0 -1 0
0 -1 0
0 -1 0
0 -1 0
0 -1 0
0 -1 0
0 -1 0
0 -1 0
0 -1 0
0 -1 0
0 -1 0
0 -1 0
0 -1 0
0 -1 0
0 -1 0
0 -1 0
0 -1 0
0 -1 0
0 -1 0
0 -1 0
0 -1 0
0 -1 0
0 -1 0
0 -1 0
0 -1 0
0 -1 0
0 -1 0
0 -1 0
0 -1 0
0 -1 0
0 -1 0
0 -1 0
0 -1 0
0 -1 0
0 -1 0
0 -1 0
0 -1 0
0 -1 0
0 -1 0
0 -1 0
0 -1 0
0 -1 0
0 -1 0
0 -1 0
0 -1 0
0 -1 0
0 -1 0
0 -1 0
0 -1 0
-0.07176898 0.9298759 0.3608049
0 0.9298757 0.3678739
0 0.9298757 0.3678739
-0.07176898 0.9298759 0.3608049
0.07176799 0.9298759 0.3608049
-0.140779 0.9298759 0.3398709
0.07176799 0.9298759 0.3608049
-0.140779 0.9298759 0.3398709
0.140779 0.9298759 0.3398709
-0.2043799 0.9298757 0.3058759
0.140779 0.9298759 0.3398709
-0.2043799 0.9298757 0.3058759
0.193607 0.9297979 0.313037
-0.2601259 0.9298759 0.2601259
0.195967 0.9293839 0.312798
-0.2601259 0.9298759 0.2601259
0.260192 0.9303901 0.258214
-0.305876 0.929876 0.204379
0.2600139 0.9303137 0.2586679
-0.305876 0.929876 0.204379
0.313334 0.929296 0.195527
-0.3398709 0.9298759 0.140779
0.311365 0.92983 0.196133
-0.3398709 0.9298759 0.140779
0.3398709 0.9298759 0.140779
-0.358855 0.9298301 0.081481
0.3398709 0.9298759 0.140779
-0.359819 0.929296 0.08330199
0.3608049 0.9298759 0.07176898
-0.3667639 0.9303136 0.0009509996
0.3608049 0.9298759 0.07176898
-0.3665681 0.9303902 0.001399
0.3678739 0.9298757 0
-0.359751 0.929384 -0.082612
0.3678739 0.9298757 0
-0.358251 0.929798 -0.08445
0.3608049 0.9298759 -0.07176799
-0.3398709 0.9298759 -0.140779
0.3608049 0.9298759 -0.07176799
-0.3398709 0.9298759 -0.140779
0.3398709 0.9298759 -0.140779
-0.3058759 0.9298757 -0.2043799
0.3398709 0.9298759 -0.140779
-0.3058759 0.9298757 -0.2043799
0.313037 0.9297979 -0.193607
-0.2601259 0.9298759 -0.2601259
0.312798 0.9293839 -0.195967
-0.2601259 0.9298759 -0.2601259
0.258214 0.9303901 -0.260192
-0.2043799 0.9298757 -0.3058759
0.2586679 0.9303137 -0.2600139
-0.2043799 0.9298757 -0.3058759
0.195527 0.929296 -0.313334
-0.140779 0.9298759 -0.3398709
0.196133 0.92983 -0.311365
-0.140779 0.9298759 -0.3398709
0.140779 0.9298759 -0.3398709
-0.07176898 0.9298759 -0.3608049
0.140779 0.9298759 -0.3398709
-0.07176898 0.9298759 -0.3608049
0.07176898 0.9298759 -0.3608049
0 0.9298757 -0.3678739
0.07176898 0.9298759 -0.3608049
0 0.9298757 -0.3678739
-0.09801599 0 -0.9951848
-0.09801599 0 -0.9951848
-0.1950901 0 -0.9807854
-0.1950901 0 -0.9807854
-0.3826841 0 -0.9238793
-0.3826841 0 -0.9238793
-0.5555699 0 -0.8314699
-0.5555699 0 -0.8314699
-0.7071068 0 -0.7071068
-0.7071068 0 -0.7071068
-0.8314699 0 -0.5555699
-0.8314699 0 -0.5555699
-0.9238797 0 -0.3826829
-0.9238797 0 -0.3826829
-0.9807854 0 -0.1950901
-0.9807854 0 -0.1950901
-0.9951847 0 -0.09801698
-0.9951847 0 -0.09801698
-0.09801599 0 0.9951848
-0.1950901 0 0.9807854
-0.09801599 0 0.9951848
-0.1950901 0 0.9807854
-0.382685 0 0.9238789
-0.382685 0 0.9238789
-0.5555711 0 0.8314691
-0.5555711 0 0.8314691
-0.7071072 0 0.7071062
-0.7071072 0 0.7071062
-0.8314703 0 0.5555692
-0.8314703 0 0.5555692
-0.9238801 0 0.3826821
-0.9238801 0 0.3826821
-0.9807855 0 0.1950889
-0.9807855 0 0.1950889
-0.9951848 0 0.09801599
-0.9951848 0 0.09801599
0.09801599 0 -0.9951848
0.1950901 0 -0.9807854
0.09801599 0 -0.9951848
0.1950901 0 -0.9807854
0.3826829 0 -0.9238797
0.3826829 0 -0.9238797
0.5555699 0 -0.8314699
0.5555699 0 -0.8314699
0.7071068 0 -0.7071068
0.7071068 0 -0.7071068
0.8314695 0 -0.5555704
0.8314695 0 -0.5555704
0.9238797 0 -0.3826829
0.9238797 0 -0.3826829
0.9807854 0 -0.1950901
0.9807854 0 -0.1950901
0.9951847 0 -0.09801698
0.9951847 0 -0.09801698
0.09801698 0 0.9951847
0.09801698 0 0.9951847
0.195091 0 0.9807851
0.195091 0 0.9807851
0.382685 0 0.9238789
0.382685 0 0.9238789
0.5555711 0 0.8314691
0.5555711 0 0.8314691
0.7071078 0 0.7071058
0.7071078 0 0.7071058
0.8314706 0 0.5555687
0.8314706 0 0.5555687
0.9238801 0 0.3826821
0.9238801 0 0.3826821
0.9807855 0 0.1950889
0.9807855 0 0.1950889
0.995185 0 0.098015
0.995185 0 0.098015
-1 0 -1.8E-05
-1 -2E-05 -5.5E-05
-1 0 -3.6E-05
-1 1.3E-05 0
0 0 -1
0 0 -1
0 0 -1
0 0 -1
0 0 1
0 0 1
0 0 1
0 0 1
1 0 -3.7E-05
1 -2E-05 0
1 0 -1.9E-05
1 1.3E-05 -5.5E-05
0 0 -1
0 0 -1
0 0 -1
0 0 -1
0 0 1
0 0 1
0 0 1
0 0 1
1 0 0
1 0 0
1 0 0
1 0 0
-1 0 0
-1 0 0
-1 0 0
-1 0 0
-1 0 0
-1 0 0
-1 0 0
-1 0 0
1 0 0
1 0 0
1 0 0
1 0 0
0 0 1
0 0 1
0 0 1
0 0 1
0 0 -1
0 0 -1
0 0 -1
0 0 -1
4
-346.6169 -295.0163 -258.3055 -1
-346.6165 -295.0163 -258.3055 -1
-346.6167 -295.0633 -258.3066 -1
-346.6165 -295.1103 -258.3055 -1
-346.6167 -295.0633 -258.3066 -1
-346.6169 -295.1103 -258.3055 -1
-345.6167 -295.0633 -257.3066 -1
-345.6333 -295.1009 -257.1289 -1
-345.6333 -295.1009 -257.1289 -1
-345.6167 -295.0633 -257.3066 -1
-345.6359 -295.0633 -257.5017 -1
-345.6359 -295.0633 -257.5017 -1
-345.6928 -295.0633 -257.6893 -1
-345.6928 -295.0633 -257.6893 -1
-345.7852 -295.0633 -257.8622 -1
-345.7852 -295.0633 -257.8622 -1
-345.9095 -295.0633 -258.0137 -1
-345.9096 -295.0633 -258.0137 -1
-346.0611 -295.0633 -258.1381 -1
-346.0611 -295.0633 -258.1381 -1
-346.234 -295.0633 -258.2305 -1
-346.234 -295.0633 -258.2305 -1
-346.4216 -295.0633 -258.2874 -1
-346.4216 -295.0633 -258.2874 -1
-346.6167 -295.0633 -258.3066 -1
-346.6167 -295.0633 -258.3066 -1
-346.8118 -295.0633 -258.2874 -1
-346.8118 -295.0633 -258.2874 -1
-346.9994 -295.0633 -258.2305 -1
-346.9994 -295.0633 -258.2305 -1
-347.1722 -295.0633 -258.1381 -1
-347.1722 -295.0633 -258.1381 -1
-347.3238 -295.0633 -258.0138 -1
-347.3238 -295.0633 -258.0137 -1
-347.4482 -295.0633 -257.8622 -1
-347.4482 -295.0633 -257.8622 -1
-347.5406 -295.0633 -257.6893 -1
-347.5406 -295.0633 -257.6893 -1
-347.5974 -295.0633 -257.5017 -1
-347.5974 -295.0633 -257.5017 -1
-347.6167 -295.0633 -257.3066 -1
-347.6167 -295.0633 -257.3066 -1
-347.5974 -295.0633 -257.1115 -1
-347.5974 -295.0633 -257.1115 -1
-347.5406 -295.0633 -256.924 -1
-347.5406 -295.0633 -256.924 -1
-347.4482 -295.0633 -256.7511 -1
-347.4482 -295.0633 -256.7511 -1
-347.3238 -295.0633 -256.5995 -1
-347.3238 -295.0633 -256.5995 -1
-347.1722 -295.0633 -256.4752 -1
-347.1722 -295.0633 -256.4752 -1
-346.9994 -295.0633 -256.3828 -1
-346.9994 -295.0633 -256.3828 -1
-346.8118 -295.0633 -256.3259 -1
-346.8118 -295.0633 -256.3259 -1
-346.6167 -295.0633 -256.3066 -1
-346.6167 -295.0633 -256.3066 -1
-346.4216 -295.0633 -256.3259 -1
-346.4216 -295.0633 -256.3259 -1
-346.234 -295.0633 -256.3828 -1
-346.234 -295.0633 -256.3828 -1
-346.0611 -295.0633 -256.4752 -1
-346.0611 -295.0633 -256.4752 -1
-345.9096 -295.0633 -256.5995 -1
-345.9096 -295.0633 -256.5995 -1
-345.7852 -295.0633 -256.7511 -1
-345.7852 -295.0633 -256.7511 -1
-345.6928 -295.0633 -256.924 -1
-345.6928 -295.0633 -256.924 -1
-345.6401 -295.0257 -257.0946 -1
-345.6401 -295.0257 -257.0946 -1
347.5975 295.0663 257.5016 1
347.5975 295.0663 257.5016 1
347.6167 295.0633 257.3066 1
347.6167 295.0633 257.3066 1
347.5974 295.0633 257.1115 1
347.5974 295.0633 257.1115 1
347.5406 295.0633 256.924 1
347.5406 295.0633 256.924 1
347.4489 295.0633 256.7522 1
347.4482 295.0633 256.7512 1
347.3237 295.0633 256.5995 1
347.3237 295.0633 256.5995 1
347.1713 295.0633 256.4745 1
347.1722 295.0633 256.4752 1
346.9994 295.0633 256.3828 1
346.9994 295.0633 256.3828 1
346.8118 295.0633 256.3259 1
346.8118 295.0633 256.3259 1
346.6167 295.0633 256.3066 1
346.6167 295.0633 256.3066 1
346.4216 295.0633 256.3259 1
346.4216 295.0633 256.3259 1
346.234 295.0633 256.3828 1
346.234 295.0633 256.3828 1
346.0622 295.0633 256.4745 1
346.0612 295.0633 256.4751 1
345.9095 295.0633 256.5996 1
345.9095 295.0633 256.5996 1
345.7845 295.0633 256.752 1
345.7852 295.0633 256.7511 1
345.6928 295.0633 256.924 1
345.6928 295.0633 256.924 1
345.6359 295.0633 257.1115 1
345.6359 295.0633 257.1115 1
345.6167 295.0633 257.3066 1
345.6167 295.0633 257.3066 1
345.6359 295.0633 257.5017 1
345.6359 295.0633 257.5017 1
345.6928 295.0633 257.6893 1
345.6928 295.0633 257.6893 1
345.7852 295.0633 257.8622 1
345.7852 295.0633 257.8622 1
345.9096 295.0633 258.0137 1
345.9096 295.0633 258.0137 1
346.0611 295.0633 258.1381 1
346.0611 295.0633 258.1381 1
346.234 295.0633 258.2305 1
346.234 295.0633 258.2305 1
346.4203 295.0633 258.2872 1
346.4214 295.0633 258.2874 1
346.6168 295.0633 258.3066 1
346.6168 295.0633 258.3066 1
346.8129 295.0633 258.2872 1
346.8118 295.0633 258.2874 1
346.9994 295.0633 258.2305 1
346.9994 295.0633 258.2305 1
347.1722 295.0633 258.1381 1
347.1722 295.0633 258.1381 1
347.3238 295.0633 258.0137 1
347.3238 295.0633 258.0137 1
347.4482 295.0633 257.8622 1
347.4482 295.0633 257.8622 1
347.5406 295.0633 257.6893 1
347.5406 295.0633 257.6893 1
347.5974 295.0603 257.5018 1
347.5974 295.0603 257.5018 1
-347.6167 -295.0633 -257.3066 -1
-347.6167 -295.0633 -257.3066 -1
-347.6167 -295.0633 -257.3067 -1
-347.6167 -295.0633 -257.3066 -1
-347.6167 -295.0633 -257.3067 -1
-347.6167 -295.0633 -257.3066 -1
-347.6167 -295.0633 -257.3066 -1
-347.6167 -295.0633 -257.3066 -1
-347.6167 -295.0633 -257.3066 -1
-347.6167 -295.0633 -257.3066 -1
-347.6167 -295.0633 -257.3066 -1
-347.6167 -295.0633 -257.3066 -1
-347.6167 -295.0633 -257.3067 -1
-347.6167 -295.0633 -257.3067 -1
-347.6167 -295.0633 -257.3064 -1
-347.6167 -295.0633 -257.3063 -1
-347.6167 -295.0633 -257.3065 -1
-347.6167 -295.0633 -257.3066 -1
-347.6167 -295.0633 -257.3067 -1
-347.6167 -295.0633 -257.3065 -1
-347.6167 -295.0633 -257.3067 -1
-347.6167 -295.0633 -257.3067 -1
-347.6167 -295.0633 -257.3067 -1
-347.6167 -295.0633 -257.3066 -1
-347.6167 -295.0633 -257.3066 -1
-347.6167 -295.0633 -257.3066 -1
-347.6167 -295.0633 -257.3069 -1
-347.6167 -295.0633 -257.307 -1
-347.6167 -295.0633 -257.3068 -1
-347.6167 -295.0633 -257.3066 -1
-347.6167 -295.0633 -257.3066 -1
-347.6167 -295.0633 -257.3066 -1
-345.6343 -294.9928 -257.1335 -1
-345.6336 -294.9988 -257.1352 -1
-345.634 -294.9945 -257.1345 -1
-345.6326 -295.0146 -257.1357 -1
-345.6331 -295.0056 -257.1357 -1
-345.6331 -295.0229 -257.1308 -1
-345.634 -295.0039 -257.1311 -1
-345.6336 -295.0125 -257.1306 -1
-345.6343 -294.9976 -257.1317 -1
-345.633 -295.0162 -257.1329 -1
-345.6332 -295.0179 -257.1312 -1
-345.6318 -295.0669 -257.1331 -1
-345.6321 -295.0481 -257.132 -1
-345.6326 -295.035 -257.1311 -1
-345.6319 -295.0618 -257.1329 -1
-345.6319 -295.0378 -257.1347 -1
-345.6322 -295.0255 -257.1354 -1
-345.6319 -295.0633 -257.133 -1
-345.6319 -295.0633 -257.133 -1
-345.6318 -295.0506 -257.1337 -1
-345.6318 -295.0597 -257.1331 -1
-345.6319 -295.0648 -257.1329 -1
-345.6326 -295.0916 -257.1313 -1
-345.6321 -295.0785 -257.132 -1
-345.6331 -295.121 -257.1356 -1
-345.6322 -295.1011 -257.1353 -1
-345.6326 -295.112 -257.1358 -1
-345.6319 -295.0888 -257.1347 -1
-345.6318 -295.076 -257.1335 -1
-345.6343 -295.129 -257.1317 -1
-345.634 -295.1321 -257.1344 -1
-345.6336 -295.1278 -257.1351 -1
-345.6343 -295.1338 -257.1336 -1
-345.633 -295.1104 -257.1329 -1
-345.6328 -295.1088 -257.1337 -1
-345.6336 -295.1142 -257.1307 -1
-345.6331 -295.1037 -257.1308 -1
-345.634 -295.1227 -257.1312 -1
-347.6136 -295.1207 -257.2535 -1
-347.6151 -295.0774 -257.2535 -1
-347.6151 -295.0815 -257.2535 -1
-347.6143 -295.1077 -257.2536 -1
-347.6064 -295.1964 -257.2539 -1
-347.6149 -295.0883 -257.2535 -1
-347.6152 -295.0712 -257.2534 -1
-347.6153 -295.0654 -257.2536 -1
-347.6152 -295.0734 -257.2541 -1
-347.6136 -295.1216 -257.2535 -1
-347.6151 -295.0869 -257.2549 -1
-347.6099 -295.1664 -257.2539 -1
-347.5947 -295.265 -257.2545 -1
-347.6113 -295.1525 -257.2537 -1
-347.6147 -295.0995 -257.2554 -1
-347.6029 -295.2203 -257.2543 -1
-347.5808 -295.3237 -257.2552 -1
-347.6085 -295.1797 -257.2538 -1
-347.6143 -295.1106 -257.2557 -1
-347.5943 -295.267 -257.2547 -1
-347.5669 -295.3707 -257.256 -1
-347.6056 -295.2023 -257.254 -1
-347.6138 -295.1199 -257.2556 -1
-347.5856 -295.3051 -257.2551 -1
-347.555 -295.4053 -257.2567 -1
-347.603 -295.2195 -257.2541 -1
-347.6133 -295.127 -257.2553 -1
-347.5781 -295.3336 -257.2555 -1
-347.5467 -295.4274 -257.2571 -1
-347.6011 -295.2308 -257.2542 -1
-347.613 -295.1317 -257.2546 -1
-347.5727 -295.352 -257.2557 -1
-347.5436 -295.4353 -257.2573 -1
-347.5707 -295.3586 -257.2558 -1
-347.6004 -295.2349 -257.2542 -1
-347.6142 -295.11 -257.2541 -1
-347.544 -295.4341 -257.2573 -1
-347.5698 -295.3615 -257.2559 -1
-347.5422 -295.4387 -257.2573 -1
-347.571 -295.3577 -257.2558 -1
-347.55 -295.4189 -257.2569 -1
-347.6006 -295.2343 -257.2542 -1
-347.6001 -295.2366 -257.2543 -1
-347.6141 -295.1105 -257.2534 -1
-347.6128 -295.1331 -257.253 -1
-347.6019 -295.2264 -257.2542 -1
-347.613 -295.1298 -257.2522 -1
-347.5749 -295.3448 -257.2556 -1
-347.5601 -295.3911 -257.2564 -1
-347.6041 -295.2124 -257.254 -1
-347.6133 -295.124 -257.2516 -1
-347.5813 -295.3218 -257.2552 -1
-347.5731 -295.3507 -257.2557 -1
-347.6069 -295.1926 -257.2539 -1
-347.6137 -295.1159 -257.2513 -1
-347.5895 -295.2888 -257.2547 -1
-347.5873 -295.2982 -257.255 -1
-347.6098 -295.1677 -257.2537 -1
-347.6142 -295.1057 -257.2514 -1
-347.5983 -295.2466 -257.2542 -1
-347.6005 -295.2347 -257.2543 -1
-347.6124 -295.1387 -257.2536 -1
-347.6147 -295.0939 -257.2517 -1
-347.6064 -295.1964 -257.2537 -1
-347.6104 -295.1624 -257.2538 -1
-347.6143 -295.1066 -257.2535 -1
-347.6151 -295.0808 -257.2524 -1
-347.6123 -295.14 -257.2535 -1
-347.6134 -295.1243 -257.2536 -1
-347.6141 -295.1104 -257.2534 -1
-347.6149 -295.0898 -257.2534 -1
-347.6152 -295.0704 -257.2529 -1
-345.6201 -295.1451 -257.2983 -1
-345.6176 -295.1064 -257.2982 -1
-345.6172 -295.0966 -257.2981 -1
-345.6187 -295.1265 -257.2981 -1
-345.6289 -295.2189 -257.2984 -1
-345.6173 -295.0989 -257.2982 -1
-345.6169 -295.082 -257.2982 -1
-345.6168 -295.0776 -257.2982 -1
-345.6171 -295.0905 -257.2982 -1
-345.619 -295.1316 -257.2982 -1
-345.6181 -295.1154 -257.2982 -1
-345.624 -295.184 -257.2981 -1
-345.6415 -295.2846 -257.2985 -1
-345.6215 -295.1614 -257.2982 -1
-345.6195 -295.1382 -257.2982 -1
-345.6317 -295.2358 -257.2981 -1
-345.6557 -295.3398 -257.2986 -1
-345.6244 -295.1873 -257.2983 -1
-345.6212 -295.1581 -257.2983 -1
-345.6404 -295.2799 -257.2983 -1
-345.6692 -295.3829 -257.2987 -1
-345.6273 -295.2083 -257.2983 -1
-345.6229 -295.1743 -257.2983 -1
-345.6489 -295.3151 -257.2984 -1
-345.6801 -295.4136 -257.2988 -1
-345.6297 -295.2237 -257.2983 -1
-345.6243 -295.1862 -257.2983 -1
-345.6559 -295.3405 -257.2985 -1
-345.6871 -295.4318 -257.2988 -1
-345.6312 -295.233 -257.2983 -1
-345.6252 -295.1935 -257.2983 -1
-345.6604 -295.3557 -257.2986 -1
-345.6895 -295.4377 -257.2988 -1
-345.6619 -295.3607 -257.2986 -1
-345.6317 -295.2361 -257.2983 -1
-345.6255 -295.1959 -257.2983 -1
-345.6866 -295.4307 -257.2988 -1
-345.6892 -295.4372 -257.2988 -1
-345.6618 -295.3602 -257.2986 -1
-345.6601 -295.3548 -257.2986 -1
-345.6793 -295.4115 -257.2987 -1
-345.6311 -295.2325 -257.2983 -1
-345.6317 -295.2358 -257.2983 -1
-345.6255 -295.1956 -257.2983 -1
-345.6252 -295.193 -257.2983 -1
-345.6295 -295.2226 -257.2983 -1
-345.6242 -295.1854 -257.2983 -1
-345.6554 -295.3387 -257.2986 -1
-345.6681 -295.3797 -257.2986 -1
-345.627 -295.2068 -257.2983 -1
-345.6227 -295.1731 -257.2982 -1
-345.6483 -295.3125 -257.2986 -1
-345.6544 -295.3355 -257.2985 -1
-345.6242 -295.1853 -257.2983 -1
-345.6211 -295.1566 -257.2982 -1
-345.6397 -295.2765 -257.2986 -1
-345.6403 -295.2794 -257.2983 -1
-345.6213 -295.159 -257.2982 -1
-345.6194 -295.1364 -257.2982 -1
-345.631 -295.2316 -257.2985 -1
-345.628 -295.2128 -257.2982 -1
-345.6189 -295.1289 -257.2982 -1
-345.618 -295.1133 -257.2982 -1
-345.6234 -295.1792 -257.2984 -1
-345.6195 -295.1384 -257.2982 -1
-345.6172 -295.096 -257.2982 -1
-345.617 -295.0883 -257.2982 -1
-345.6184 -295.1214 -257.2983 -1
-345.6174 -295.0996 -257.2982 -1
-345.6171 -295.0913 -257.2983 -1
-345.6168 -295.0791 -257.2982 -1
-345.6168 -295.0753 -257.2982 -1
-347.6104 -294.9641 -257.2538 -1
-347.6134 -295.0023 -257.2536 -1
-347.6141 -295.0161 -257.2534 -1
-347.6123 -294.9866 -257.2534 -1
-347.6005 -294.8919 -257.2543 -1
-347.6143 -295.02 -257.2535 -1
-347.6149 -295.0367 -257.2534 -1
-347.6152 -295.0561 -257.2528 -1
-347.6151 -295.0458 -257.2524 -1
-347.6124 -294.9879 -257.2536 -1
-347.6147 -295.0327 -257.2518 -1
-347.6064 -294.9302 -257.2538 -1
-347.5873 -294.8284 -257.255 -1
-347.6098 -294.9589 -257.2538 -1
-347.6142 -295.0209 -257.2514 -1
-347.5983 -294.88 -257.2542 -1
-347.5731 -294.7759 -257.2557 -1
-347.6069 -294.934 -257.2539 -1
-347.6137 -295.0107 -257.2513 -1
-347.5895 -294.8378 -257.2547 -1
-347.5601 -294.7355 -257.2564 -1
-347.6041 -294.9142 -257.2541 -1
-347.6133 -295.0026 -257.2516 -1
-347.5813 -294.8048 -257.2552 -1
-347.55 -294.7077 -257.2569 -1
-347.6019 -294.9002 -257.2542 -1
-347.613 -294.9968 -257.2522 -1
-347.5749 -294.7817 -257.2556 -1
-347.544 -294.6924 -257.2572 -1
-347.6006 -294.8923 -257.2542 -1
-347.6128 -294.9935 -257.253 -1
-347.571 -294.7689 -257.2558 -1
-347.5422 -294.6879 -257.2573 -1
-347.5698 -294.7651 -257.2559 -1
-347.6001 -294.89 -257.2542 -1
-347.6141 -295.0161 -257.2533 -1
-347.5467 -294.6992 -257.2571 -1
-347.5436 -294.6913 -257.2573 -1
-347.5707 -294.7679 -257.2558 -1
-347.5727 -294.7746 -257.2557 -1
-347.555 -294.7213 -257.2567 -1
-347.6011 -294.8958 -257.2542 -1
-347.6004 -294.8917 -257.2542 -1
-347.6142 -295.0166 -257.2541 -1
-347.613 -294.9949 -257.2546 -1
-347.603 -294.907 -257.2541 -1
-347.6133 -294.9996 -257.2553 -1
-347.5781 -294.793 -257.2555 -1
-347.5669 -294.7559 -257.256 -1
-347.6056 -294.9243 -257.254 -1
-347.6138 -295.0067 -257.2557 -1
-347.5856 -294.8215 -257.2551 -1
-347.5808 -294.8029 -257.2552 -1
-347.6085 -294.9469 -257.2538 -1
-347.6143 -295.016 -257.2557 -1
-347.5943 -294.8596 -257.2547 -1
-347.5947 -294.8616 -257.2545 -1
-347.6113 -294.9742 -257.2537 -1
-347.6147 -295.0271 -257.2554 -1
-347.6029 -294.9063 -257.2543 -1
-347.6064 -294.9301 -257.2539 -1
-347.6136 -295.005 -257.2536 -1
-347.6151 -295.0397 -257.2549 -1
-347.6099 -294.9602 -257.2539 -1
-347.6136 -295.0059 -257.2535 -1
-347.6149 -295.0383 -257.2535 -1
-347.6152 -295.0532 -257.2541 -1
-347.6143 -295.0189 -257.2536 -1
-347.6151 -295.0451 -257.2535 -1
-347.6151 -295.0492 -257.2535 -1
-347.6152 -295.0554 -257.2534 -1
-347.6153 -295.0612 -257.2537 -1
-345.6195 -294.9882 -257.2982 -1
-345.6171 -295.0352 -257.2983 -1
-345.6174 -295.027 -257.2982 -1
-345.6184 -295.0052 -257.2983 -1
-345.628 -294.9138 -257.2982 -1
-345.6172 -295.0305 -257.2982 -1
-345.6168 -295.0475 -257.2982 -1
-345.6168 -295.0513 -257.2982 -1
-345.617 -295.0383 -257.2982 -1
-345.6189 -294.9977 -257.2982 -1
-345.618 -295.0132 -257.2982 -1
-345.6234 -294.9474 -257.2984 -1
-345.6403 -294.8472 -257.2983 -1
-345.6213 -294.9676 -257.2982 -1
-345.6194 -294.9902 -257.2982 -1
-345.631 -294.895 -257.2985 -1
-345.6544 -294.7911 -257.2985 -1
-345.6242 -294.9413 -257.2983 -1
-345.6211 -294.97 -257.2982 -1
-345.6397 -294.8501 -257.2986 -1
-345.6681 -294.7469 -257.2986 -1
-345.627 -294.9198 -257.2983 -1
-345.6227 -294.9535 -257.2982 -1
-345.6483 -294.8141 -257.2986 -1
-345.6793 -294.7151 -257.2987 -1
-345.6295 -294.904 -257.2983 -1
-345.6242 -294.9412 -257.2982 -1
-345.6554 -294.7879 -257.2986 -1
-345.6866 -294.6959 -257.2988 -1
-345.6311 -294.8941 -257.2983 -1
-345.6252 -294.9336 -257.2983 -1
-345.6601 -294.7718 -257.2986 -1
-345.6892 -294.6894 -257.2988 -1
-345.6618 -294.7664 -257.2986 -1
-345.6317 -294.8907 -257.2983 -1
-345.6255 -294.9309 -257.2983 -1
-345.6871 -294.6948 -257.2988 -1
-345.6619 -294.7659 -257.2986 -1
-345.6895 -294.6889 -257.2988 -1
-345.6604 -294.7709 -257.2986 -1
-345.6801 -294.713 -257.2988 -1
-345.6312 -294.8936 -257.2983 -1
-345.6317 -294.8905 -257.2983 -1
-345.6255 -294.9307 -257.2983 -1
-345.6252 -294.9331 -257.2983 -1
-345.6297 -294.9029 -257.2983 -1
-345.6243 -294.9403 -257.2983 -1
-345.6559 -294.7861 -257.2985 -1
-345.6692 -294.7437 -257.2987 -1
-345.6273 -294.9182 -257.2983 -1
-345.6229 -294.9522 -257.2983 -1
-345.6489 -294.8115 -257.2984 -1
-345.6557 -294.7868 -257.2986 -1
-345.6244 -294.9392 -257.2983 -1
-345.6212 -294.9684 -257.2982 -1
-345.6404 -294.8466 -257.2983 -1
-345.6415 -294.842 -257.2985 -1
-345.6215 -294.9651 -257.2982 -1
-345.6195 -294.9883 -257.2982 -1
-345.6317 -294.8908 -257.2982 -1
-345.6289 -294.9077 -257.2984 -1
-345.619 -294.995 -257.2982 -1
-345.6181 -295.0112 -257.2982 -1
-345.624 -294.9426 -257.2981 -1
-345.6201 -294.9815 -257.2983 -1
-345.6173 -295.0276 -257.2982 -1
-345.6171 -295.0361 -257.2982 -1
-345.6187 -295.0001 -257.2981 -1
-345.6176 -295.0202 -257.2982 -1
-345.6172 -295.03 -257.2981 -1
-345.6169 -295.0446 -257.2982 -1
-345.6168 -295.049 -257.2982 -1
-345.6852 -294.6995 -257.3066 -1
-345.6587 -294.7766 -257.3066 -1
-345.6852 -294.6995 -257.3066 -1
-345.6587 -294.7766 -257.3066 -1
-345.6313 -294.8931 -257.3066 -1
-345.6313 -294.8931 -257.3066 -1
-345.6255 -294.9309 -257.3066 -1
-345.6255 -294.9309 -257.3066 -1
-346.6167 -295.2335 -258.2921 -1
-346.6167 -295.1957 -258.2979 -1
-346.6167 -295.1957 -258.2979 -1
-346.6167 -295.2335 -258.2921 -1
-346.6167 -295.35 -258.2646 -1
-346.6167 -295.35 -258.2646 -1
-346.6167 -295.4271 -258.2381 -1
-346.6167 -295.4271 -258.2381 -1
-345.6587 -295.35 -257.3066 -1
-345.6852 -295.4271 -257.3066 -1
-345.6852 -295.4271 -257.3066 -1
-345.6587 -295.35 -257.3066 -1
-345.6313 -295.2335 -257.3066 -1
-345.6313 -295.2335 -257.3066 -1
-345.6255 -295.1957 -257.3066 -1
-345.6255 -295.1957 -257.3066 -1
-346.6167 -295.1957 -256.3154 -1
-346.6167 -295.2335 -256.3212 -1
-346.6167 -295.1957 -256.3154 -1
-346.6167 -295.2335 -256.3212 -1
-346.6167 -295.35 -256.3486 -1
-346.6167 -295.35 -256.3486 -1
-346.6167 -295.4271 -256.3752 -1
-346.6167 -295.4271 -256.3752 -1
-346.6167 -294.7766 -258.2646 -1
-346.6167 -294.6995 -258.2381 -1
-346.6167 -294.6995 -258.2381 -1
-346.6167 -294.7766 -258.2646 -1
-346.6167 -294.8931 -258.2921 -1
-346.6167 -294.8931 -258.2921 -1
-346.6167 -294.9309 -258.2979 -1
-346.6167 -294.9309 -258.2979 -1
-346.6167 -294.6995 -256.3752 -1
-346.6167 -294.7766 -256.3486 -1
-346.6167 -294.6995 -256.3752 -1
-346.6167 -294.7766 -256.3486 -1
-346.6167 -294.8931 -256.3212 -1
-346.6167 -294.8931 -256.3212 -1
-346.6167 -294.9309 -256.3154 -1
-346.6167 -294.9309 -256.3154 -1
-345.6587 -295.35 -257.3066 -1
-345.6852 -295.4271 -257.3066 -1
-345.6852 -295.4271 -257.3066 -1
-345.6587 -295.35 -257.3066 -1
-345.6313 -295.2335 -257.3066 -1
-345.6313 -295.2335 -257.3066 -1
-345.6255 -295.1957 -257.3066 -1
-345.6255 -295.1957 -257.3066 -1
-345.6852 -294.6995 -257.3066 -1
-345.6587 -294.7766 -257.3066 -1
-345.6852 -294.6995 -257.3066 -1
-345.6587 -294.7766 -257.3066 -1
-345.6313 -294.8931 -257.3066 -1
-345.6313 -294.8931 -257.3066 -1
-345.6255 -294.9309 -257.3066 -1
-345.6255 -294.9309 -257.3066 -1
346.5992 295.0633 258.3065 1
346.5992 295.0633 258.3065 1
-345.6167 -295.0633 -257.3066 -1
346.5992 295.0633 258.3065 1
-345.6167 -295.0633 -257.3066 -1
-345.6326 -295.0219 -257.4793 -1
-345.6326 -295.0219 -257.4793 -1
-345.6167 -295.0633 -257.3066 -1
-345.6359 -295.0633 -257.1115 -1
-345.6359 -295.0633 -257.1115 -1
-345.6928 -295.0633 -256.924 -1
-345.6928 -295.0633 -256.924 -1
-345.7852 -295.0633 -256.7511 -1
-345.7852 -295.0633 -256.7511 -1
-345.9096 -295.0633 -256.5995 -1
-345.9096 -295.0633 -256.5995 -1
-346.0611 -295.0633 -256.4752 -1
-346.0611 -295.0633 -256.4752 -1
-346.234 -295.0633 -256.3828 -1
-346.234 -295.0633 -256.3828 -1
-346.4216 -295.0633 -256.3259 -1
-346.4216 -295.0633 -256.3259 -1
-346.6167 -295.0633 -256.3066 -1
-346.6167 -295.0633 -256.3066 -1
-346.8118 -295.0633 -256.3259 -1
-346.8118 -295.0633 -256.3259 -1
-346.9994 -295.0633 -256.3828 -1
-346.9994 -295.0633 -256.3828 -1
-347.1722 -295.0633 -256.4752 -1
-347.1722 -295.0633 -256.4752 -1
-347.3238 -295.0633 -256.5995 -1
-347.3238 -295.0633 -256.5995 -1
-347.4482 -295.0633 -256.7511 -1
-347.4482 -295.0633 -256.7511 -1
-347.5406 -295.0633 -256.924 -1
-347.5406 -295.0633 -256.924 -1
-347.5974 -295.0633 -257.1115 -1
-347.5974 -295.0633 -257.1115 -1
-347.6167 -295.0633 -257.3066 -1
-347.6167 -295.0633 -257.3066 -1
-347.5974 -295.0633 -257.5017 -1
-347.5974 -295.0633 -257.5017 -1
-347.5406 -295.0633 -257.6893 -1
-347.5406 -295.0633 -257.6893 -1
-347.4482 -295.0633 -257.8622 -1
-347.4482 -295.0633 -257.8622 -1
-347.3238 -295.0633 -258.0137 -1
-347.3238 -295.0633 -258.0137 -1
-347.1722 -295.0633 -258.1381 -1
-347.1722 -295.0633 -258.1381 -1
-346.9994 -295.0633 -258.2305 -1
-346.9994 -295.0633 -258.2305 -1
-346.8118 -295.0633 -258.2874 -1
-346.8118 -295.0633 -258.2874 -1
-346.6167 -295.0633 -258.3066 -1
-346.6167 -295.0633 -258.3066 -1
-346.4216 -295.0633 -258.2874 -1
-346.4216 -295.0633 -258.2874 -1
-346.234 -295.0633 -258.2305 -1
-346.234 -295.0633 -258.2305 -1
-346.0611 -295.0633 -258.1381 -1
-346.0611 -295.0633 -258.1381 -1
-345.9096 -295.0633 -258.0138 -1
-345.9096 -295.0633 -258.0138 -1
-345.7852 -295.0633 -257.8622 -1
-345.7852 -295.0633 -257.8622 -1
-345.6928 -295.0633 -257.6893 -1
-345.6928 -295.0633 -257.6893 -1
-345.6414 -295.1047 -257.5237 -1
-345.6414 -295.1047 -257.5237 -1
347.6167 295.0633 257.3066 1
347.5974 295.0633 257.1115 1
347.5974 295.0633 257.1115 1
347.6167 295.0633 257.3066 1
347.5974 295.0633 257.5017 1
347.5974 295.0633 257.5017 1
347.5406 295.0633 257.6893 1
347.5406 295.0633 257.6893 1
347.4482 295.0633 257.8622 1
347.4482 295.0633 257.8622 1
347.3238 295.0633 258.0137 1
347.3238 295.0633 258.0137 1
347.1722 295.0633 258.1381 1
347.1722 295.0633 258.1381 1
346.9994 295.0633 258.2305 1
346.9994 295.0633 258.2305 1
346.8118 295.0633 258.2874 1
346.8118 295.0633 258.2874 1
346.6167 295.0633 258.3066 1
346.6167 295.0633 258.3066 1
346.4216 295.0633 258.2874 1
346.4216 295.0633 258.2874 1
346.234 295.0633 258.2305 1
346.234 295.0633 258.2305 1
346.0611 295.0633 258.1381 1
346.0611 295.0633 258.1381 1
345.9096 295.0633 258.0137 1
345.9096 295.0633 258.0137 1
345.7852 295.0633 257.8622 1
345.7852 295.0633 257.8622 1
345.6928 295.0633 257.6893 1
345.6928 295.0633 257.6893 1
345.6359 295.0633 257.5017 1
345.6359 295.0633 257.5017 1
345.6167 295.0633 257.3066 1
345.6167 295.0633 257.3066 1
345.6359 295.0633 257.1115 1
345.6359 295.0633 257.1115 1
345.6928 295.0633 256.924 1
345.6928 295.0633 256.924 1
345.7852 295.0633 256.7511 1
345.7852 295.0633 256.7511 1
345.9096 295.0633 256.5995 1
345.9096 295.0633 256.5995 1
346.0611 295.0633 256.4752 1
346.0611 295.0633 256.4752 1
346.234 295.0633 256.3828 1
346.234 295.0633 256.3828 1
346.4216 295.0633 256.3259 1
346.4216 295.0633 256.3259 1
346.6167 295.0633 256.3066 1
346.6167 295.0633 256.3066 1
346.8118 295.0633 256.3259 1
346.8118 295.0633 256.3259 1
346.9994 295.0633 256.3828 1
346.9994 295.0633 256.3828 1
347.1722 295.0633 256.4752 1
347.1722 295.0633 256.4752 1
347.3238 295.0633 256.5995 1
347.3238 295.0633 256.5995 1
347.4482 295.0633 256.7511 1
347.4482 295.0633 256.7511 1
347.5406 295.0633 256.924 1
347.5406 295.0633 256.924 1
347.5974 295.0633 257.1115 1
347.5974 295.0633 257.1115 1
-346.8118 -295.0633 -256.3259 -1
-346.6167 -295.0633 -256.3066 -1
-346.6671 -295.0498 -256.308 -1
-346.6167 -295.0633 -256.3066 -1
-346.5662 -295.0768 -256.308 -1
-346.8118 -295.0633 -256.3259 -1
-346.4216 -295.0633 -256.3259 -1
-346.9994 -295.0633 -256.3828 -1
-346.4216 -295.0633 -256.3259 -1
-346.9994 -295.0633 -256.3828 -1
-346.234 -295.0633 -256.3828 -1
-347.1722 -295.0633 -256.4752 -1
-346.234 -295.0633 -256.3828 -1
-347.1722 -295.0633 -256.4752 -1
-346.0611 -295.0633 -256.4752 -1
-347.3238 -295.0633 -256.5995 -1
-346.0611 -295.0633 -256.4752 -1
-347.3238 -295.0633 -256.5995 -1
-345.9096 -295.0633 -256.5995 -1
-347.4482 -295.0633 -256.7511 -1
-345.9096 -295.0633 -256.5995 -1
-347.4482 -295.0633 -256.7511 -1
-345.7852 -295.0633 -256.7511 -1
-347.5406 -295.0633 -256.924 -1
-345.7852 -295.0633 -256.7511 -1
-347.5406 -295.0633 -256.924 -1
-345.6928 -295.0633 -256.924 -1
-347.5974 -295.0633 -257.1115 -1
-345.6928 -295.0633 -256.924 -1
-347.5974 -295.0633 -257.1115 -1
-345.6359 -295.0633 -257.1115 -1
-347.6153 -295.0768 -257.2562 -1
-347.6167 -295.0633 -257.3066 -1
-345.6359 -295.0633 -257.1115 -1
-347.6167 -295.0633 -257.3066 -1
-347.5974 -295.0633 -257.5017 -1
-345.6167 -295.0633 -257.3066 -1
-347.5974 -295.0633 -257.5017 -1
-347.6153 -295.0498 -257.3571 -1
-347.5406 -295.0633 -257.6893 -1
-347.5406 -295.0633 -257.6893 -1
-347.4482 -295.0633 -257.8622 -1
-347.4482 -295.0633 -257.8622 -1
-347.3238 -295.0633 -258.0137 -1
-347.3238 -295.0633 -258.0137 -1
-347.1722 -295.0633 -258.1381 -1
-347.1722 -295.0633 -258.1381 -1
-347.0199 -295.1047 -258.2208 -1
-347.0199 -295.1047 -258.2208 -1
-345.6167 -295.0633 -257.3066 -1
-345.618 -295.0498 -257.2562 -1
-345.618 -295.0768 -257.3571 -1
-345.6359 -295.0633 -257.5017 -1
-345.6359 -295.0633 -257.5017 -1
-345.6928 -295.0633 -257.6893 -1
-345.6928 -295.0633 -257.6893 -1
-345.7852 -295.0633 -257.8622 -1
-345.7852 -295.0633 -257.8622 -1
-345.9096 -295.0633 -258.0138 -1
-345.9096 -295.0633 -258.0137 -1
-346.0611 -295.0633 -258.1381 -1
-346.0611 -295.0633 -258.1381 -1
-346.234 -295.0633 -258.2305 -1
-346.234 -295.0633 -258.2305 -1
-346.4216 -295.0633 -258.2874 -1
-346.4216 -295.0633 -258.2874 -1
-346.6167 -295.0633 -258.3066 -1
-346.5662 -295.0498 -258.3053 -1
-346.6167 -295.0633 -258.3066 -1
-346.6671 -295.0768 -258.3053 -1
-346.8118 -295.0633 -258.2874 -1
-346.8118 -295.0633 -258.2874 -1
-346.978 -295.0219 -258.2382 -1
-346.978 -295.0219 -258.2382 -1
346.0611 295.0633 256.4752 1
346.234 295.0633 256.3828 1
346.234 295.0633 256.3828 1
346.0611 295.0633 256.4752 1
345.9096 295.0633 256.5995 1
345.9096 295.0633 256.5995 1
345.7852 295.0633 256.7511 1
345.7852 295.0633 256.7511 1
345.6928 295.0633 256.924 1
345.6928 295.0633 256.924 1
345.6359 295.0633 257.1115 1
345.6359 295.0633 257.1115 1
345.6167 295.0633 257.3066 1
345.6167 295.0633 257.3066 1
345.6359 295.0633 257.5017 1
345.6359 295.0633 257.5017 1
345.6928 295.0633 257.6893 1
345.6928 295.0633 257.6893 1
345.7852 295.0633 257.8622 1
345.7852 295.0633 257.8622 1
345.9096 295.0633 258.0137 1
345.9096 295.0633 258.0137 1
346.0611 295.0633 258.1381 1
346.0611 295.0633 258.1381 1
346.234 295.0633 258.2305 1
346.234 295.0633 258.2305 1
346.4216 295.0633 258.2874 1
346.4216 295.0633 258.2874 1
346.6167 295.0633 258.3066 1
346.6167 295.0633 258.3066 1
346.8118 295.0633 258.2874 1
346.8118 295.0633 258.2874 1
346.9994 295.0633 258.2305 1
346.9994 295.0633 258.2305 1
347.1722 295.0633 258.1381 1
347.1722 295.0633 258.1381 1
347.3238 295.0633 258.0137 1
347.3238 295.0633 258.0137 1
347.4482 295.0633 257.8622 1
347.4482 295.0633 257.8622 1
347.5406 295.0633 257.6893 1
347.5406 295.0633 257.6893 1
347.5974 295.0633 257.5017 1
347.5974 295.0633 257.5017 1
347.6167 295.0633 257.3066 1
347.6167 295.0633 257.3066 1
347.5974 295.0633 257.1115 1
347.5974 295.0633 257.1115 1
347.5406 295.0633 256.924 1
347.5406 295.0633 256.924 1
347.4482 295.0633 256.7511 1
347.4482 295.0633 256.7511 1
347.3238 295.0633 256.5995 1
347.3238 295.0633 256.5995 1
347.1722 295.0633 256.4752 1
347.1722 295.0633 256.4752 1
346.9994 295.0633 256.3828 1
346.9994 295.0633 256.3828 1
346.8118 295.0633 256.3259 1
346.8118 295.0633 256.3259 1
346.6167 295.0633 256.3066 1
346.6167 295.0633 256.3066 1
346.4216 295.0633 256.3259 1
346.4216 295.0633 256.3259 1
346.234 295.0633 256.3828 1
346.234 295.0633 256.3828 1
-346.8879 -294.1008 -257.3177 -1
-347.0764 -294.1752 -257.3064 -1
-346.8879 -294.1008 -257.2954 -1
-346.4842 -294.0721 -257.3066 -1
-346.4842 -294.0721 -257.3066 -1
-346.6279 -294.1008 -257.5779 -1
-346.6056 -294.1008 -257.5779 -1
-346.6169 -294.1752 -257.7663 -1
-346.6167 -294.0721 -257.1742 -1
-346.6167 -294.0721 -257.1742 -1
-346.3454 -294.1009 -257.3177 -1
-346.3454 -294.1009 -257.2955 -1
-346.157 -294.1752 -257.3066 -1
-346.7491 -294.0721 -257.3066 -1
-346.7491 -294.0721 -257.3066 -1
-346.6278 -294.1008 -257.0354 -1
-346.6169 -294.1752 -256.847 -1
-346.6056 -294.1008 -257.0354 -1
-346.6167 -294.0721 -257.4391 -1
-346.6167 -294.0721 -257.4391 -1
-346.6167 -295.0633 -256.3066 -1
-346.6167 -295.0633 -256.3066 -1
-346.6167 -295.0633 -256.3066 -1
-346.6167 -295.0633 -256.3066 -1
-347.6167 -295.0633 -257.3066 -1
-347.6167 -295.0633 -257.3066 -1
-347.6167 -295.0633 -257.3066 -1
-347.6167 -295.0633 -257.3066 -1
-345.6167 -295.0633 -257.3066 -1
-345.6167 -295.0633 -257.3066 -1
-345.6167 -295.0633 -257.3066 -1
-345.6167 -295.0633 -257.3066 -1
-346.6167 -295.0633 -258.3066 -1
-346.6167 -295.0633 -258.3066 -1
-346.6167 -295.0633 -258.3066 -1
-346.6167 -295.0633 -258.3066 -1
-347.5807 -294.7975 -257.3066 -1
-347.5807 -294.7975 -257.3066 -1
-347.5807 -294.7976 -257.3066 -1
-347.5807 -294.7976 -257.3066 -1
-347.5807 -294.7976 -257.3066 -1
-347.5807 -294.7976 -257.3066 -1
-347.5807 -294.7976 -257.3066 -1
-347.5807 -294.7976 -257.3066 -1
-345.6632 -295.3648 -257.3066 -1
-345.6632 -295.3648 -257.3066 -1
-345.6632 -295.3648 -257.3066 -1
-345.6632 -295.3648 -257.3066 -1
-345.6632 -295.3648 -257.3066 -1
-345.6632 -295.3648 -257.3066 -1
-345.6632 -295.3649 -257.3066 -1
-345.6632 -295.3649 -257.3066 -1
-346.6167 -294.7976 -258.2707 -1
-346.6167 -294.7976 -258.2707 -1
-346.6167 -294.7976 -258.2707 -1
-346.6167 -294.7976 -258.2707 -1
-346.6167 -294.7976 -258.2707 -1
-346.6167 -294.7976 -258.2707 -1
-346.6167 -294.7976 -258.2707 -1
-346.6167 -294.7976 -258.2707 -1
-346.6167 -295.3649 -256.3532 -1
-346.6167 -295.3649 -256.3532 -1
-346.6167 -295.3648 -256.3532 -1
-346.6167 -295.3648 -256.3532 -1
-346.6167 -295.3648 -256.3532 -1
-346.6167 -295.3648 -256.3532 -1
-346.6167 -295.3648 -256.3532 -1
-346.6167 -295.3648 -256.3532 -1
-346.6167 -294.7976 -256.3426 -1
-346.6167 -294.7976 -256.3426 -1
-346.6167 -294.7976 -256.3426 -1
-346.6167 -294.7976 -256.3426 -1
-346.6167 -294.7976 -256.3426 -1
-346.6167 -294.7976 -256.3426 -1
-346.6167 -294.7976 -256.3426 -1
-346.6167 -294.7976 -256.3426 -1
-346.6167 -295.3649 -258.2601 -1
-346.6167 -295.3649 -258.2601 -1
-346.6167 -295.3648 -258.2601 -1
-346.6167 -295.3648 -258.2601 -1
-346.6167 -295.3648 -258.2601 -1
-346.6167 -295.3648 -258.2601 -1
-346.6167 -295.3648 -258.2601 -1
-346.6167 -295.3648 -258.2601 -1
-345.6526 -294.7976 -257.3066 -1
-345.6526 -294.7976 -257.3066 -1
-345.6526 -294.7976 -257.3066 -1
-345.6526 -294.7976 -257.3066 -1
-345.6526 -294.7976 -257.3066 -1
-345.6526 -294.7976 -257.3066 -1
-345.6526 -294.7976 -257.3066 -1
-345.6526 -294.7976 -257.3066 -1
-347.5701 -295.3648 -257.3066 -1
-347.5701 -295.3648 -257.3066 -1
-347.5701 -295.3648 -257.3066 -1
-347.5701 -295.3648 -257.3066 -1
-347.5701 -295.3648 -257.3066 -1
-347.5701 -295.3648 -257.3066 -1
-347.5701 -295.3648 -257.3066 -1
-347.5701 -295.3648 -257.3066 -1
-347.5904 -295.291 -257.3066 -1
-347.5904 -295.291 -257.3066 -1
-347.5904 -295.291 -257.3066 -1
-347.5904 -295.291 -257.3066 -1
-347.5904 -295.291 -257.3066 -1
-347.5904 -295.291 -257.3066 -1
-347.5904 -295.291 -257.3066 -1
-347.5904 -295.291 -257.3066 -1
-345.6526 -294.7976 -257.3066 -1
-345.6526 -294.7976 -257.3066 -1
-345.6526 -294.7976 -257.3066 -1
-345.6526 -294.7976 -257.3066 -1
-345.6526 -294.7976 -257.3066 -1
-345.6526 -294.7976 -257.3066 -1
-345.6526 -294.7976 -257.3066 -1
-345.6526 -294.7976 -257.3066 -1
-346.6167 -295.291 -258.2804 -1
-346.6167 -295.291 -258.2804 -1
-346.6167 -295.291 -258.2804 -1
-346.6167 -295.291 -258.2804 -1
-346.6167 -295.291 -258.2804 -1
-346.6167 -295.291 -258.2804 -1
-346.6167 -295.291 -258.2804 -1
-346.6167 -295.291 -258.2804 -1
-346.6167 -294.7976 -256.3426 -1
-346.6167 -294.7976 -256.3426 -1
-346.6167 -294.7976 -256.3426 -1
-346.6167 -294.7976 -256.3426 -1
-346.6167 -294.7976 -256.3426 -1
-346.6167 -294.7976 -256.3426 -1
-346.6167 -294.7976 -256.3426 -1
-346.6167 -294.7976 -256.3426 -1
-346.6167 -294.7976 -258.2707 -1
-346.6167 -294.7976 -258.2707 -1
-346.6167 -294.7976 -258.2707 -1
-346.6167 -294.7976 -258.2707 -1
-346.6167 -294.7976 -258.2707 -1
-346.6167 -294.7976 -258.2707 -1
-346.6167 -294.7976 -258.2707 -1
-346.6167 -294.7976 -258.2707 -1
-346.6167 -295.291 -256.3329 -1
-346.6167 -295.291 -256.3329 -1
-346.6167 -295.291 -256.3329 -1
-346.6167 -295.291 -256.3329 -1
-346.6167 -295.291 -256.3329 -1
-346.6167 -295.291 -256.3329 -1
-346.6167 -295.291 -256.3329 -1
-346.6167 -295.291 -256.3329 -1
-347.5807 -294.7976 -257.3066 -1
-347.5807 -294.7976 -257.3066 -1
-347.5807 -294.7976 -257.3066 -1
-347.5807 -294.7976 -257.3066 -1
-347.5807 -294.7976 -257.3066 -1
-347.5807 -294.7976 -257.3066 -1
-347.5807 -294.7976 -257.3066 -1
-347.5807 -294.7976 -257.3066 -1
-345.6429 -295.291 -257.3066 -1
-345.6429 -295.291 -257.3066 -1
-345.6429 -295.291 -257.3066 -1
-345.6429 -295.291 -257.3066 -1
-345.6429 -295.291 -257.3066 -1
-345.6429 -295.291 -257.3066 -1
-345.6429 -295.291 -257.3066 -1
-345.6429 -295.291 -257.3066 -1
-347.6167 -295.0633 -257.3066 -1
-347.6167 -295.0633 -257.3066 -1
-347.6167 -295.0633 -257.3066 -1
-347.6167 -295.0633 -257.3066 -1
-347.6167 -295.0633 -257.3066 -1
-347.6167 -295.0633 -257.3066 -1
-347.6167 -295.0633 -257.3066 -1
-347.6167 -295.0633 -257.3066 -1
-347.6167 -295.0633 -257.3066 -1
-347.6167 -295.0633 -257.3066 -1
-347.6167 -295.0633 -257.3066 -1
-347.6167 -295.0633 -257.3066 -1
-347.6167 -295.0633 -257.3066 -1
-347.6167 -295.0633 -257.3066 -1
-347.6167 -295.0633 -257.3066 -1
-347.6167 -295.0633 -257.3066 -1
-347.6167 -295.0633 -257.3066 -1
-347.6167 -295.0633 -257.3066 -1
-347.6167 -295.0633 -257.3066 -1
-347.6167 -295.0633 -257.3066 -1
-347.6167 -295.0633 -257.3066 -1
-347.6167 -295.0633 -257.3066 -1
-347.6167 -295.0633 -257.3066 -1
-347.6167 -295.0633 -257.3066 -1
-347.6167 -295.0633 -257.3066 -1
-347.6167 -295.0633 -257.3067 -1
-347.6167 -295.0633 -257.3066 -1
-347.6167 -295.0633 -257.3066 -1
-347.6167 -295.0633 -257.3066 -1
-347.6167 -295.0633 -257.3066 -1
-347.6167 -295.0633 -257.3066 -1
-347.6167 -295.0633 -257.3066 -1
-347.6167 -295.0633 -257.3066 -1
-347.6167 -295.0633 -257.3066 -1
-347.6167 -295.0633 -257.3066 -1
-347.6167 -295.0633 -257.3066 -1
-347.6167 -295.0633 -257.3066 -1
-347.6167 -295.0633 -257.3066 -1
-347.6167 -295.0633 -257.3066 -1
-347.6167 -295.0633 -257.3066 -1
-347.6167 -295.0633 -257.3067 -1
-347.6167 -295.0633 -257.3066 -1
-347.6167 -295.0633 -257.3066 -1
-347.6167 -295.0633 -257.3066 -1
-347.6167 -295.0633 -257.3066 -1
-347.6167 -295.0633 -257.3066 -1
-347.6167 -295.0633 -257.3066 -1
-347.6167 -295.0633 -257.3066 -1
-347.6167 -295.0633 -257.3066 -1
-347.6167 -295.0633 -257.3066 -1
-347.6167 -295.0633 -257.3066 -1
-347.6167 -295.0633 -257.3066 -1
-347.6167 -295.0633 -257.3066 -1
-347.6167 -295.0633 -257.3066 -1
-347.6167 -295.0633 -257.3066 -1
-347.6167 -295.0633 -257.3066 -1
-347.6167 -295.0633 -257.3066 -1
-347.6167 -295.0633 -257.3066 -1
-347.6167 -295.0633 -257.3066 -1
-347.6167 -295.0633 -257.3066 -1
-347.6167 -295.0633 -257.3066 -1
-347.6167 -295.0633 -257.3066 -1
-347.6167 -295.0633 -257.3066 -1
-347.6167 -295.0633 -257.3066 -1
-346.4741 -295.0633 -256.3169 -1
-346.4741 -295.0633 -256.3169 -1
-346.4741 -295.0633 -256.3169 -1
-346.4741 -295.0633 -256.3169 -1
-346.4741 -295.0633 -256.3169 -1
-346.4741 -295.0633 -256.3169 -1
-346.4741 -295.0633 -256.3169 -1
-346.4741 -295.0633 -256.3169 -1
-346.4741 -295.0633 -256.3169 -1
-346.4741 -295.0633 -256.3169 -1
-346.4741 -295.0633 -256.3169 -1
-346.4741 -295.0633 -256.3169 -1
-346.4741 -295.0633 -256.3169 -1
-346.4741 -295.0633 -256.3169 -1
-346.4741 -295.0701 -256.3169 -1
-346.4741 -295.0633 -256.3169 -1
-346.4742 -295.0773 -256.317 -1
-346.4741 -295.0633 -256.3169 -1
-346.4741 -295.078 -256.317 -1
-346.4741 -295.0633 -256.3169 -1
-346.4741 -295.0634 -256.3169 -1
-346.4741 -295.0633 -256.3169 -1
-346.474 -295.0554 -256.3169 -1
-346.4741 -295.0633 -256.3169 -1
-346.4741 -295.0633 -256.3169 -1
-346.4741 -295.0739 -256.3169 -1
-346.4741 -295.0633 -256.3169 -1
-346.4741 -295.0681 -256.3169 -1
-346.4741 -295.0633 -256.3169 -1
-346.4742 -295.0552 -256.3169 -1
-346.4741 -295.0633 -256.3169 -1
-346.4742 -295.0569 -256.3169 -1
-346.4741 -295.0633 -256.3169 -1
-346.4741 -295.0573 -256.3169 -1
-346.4741 -295.0633 -256.3169 -1
-346.4741 -295.0633 -256.3169 -1
-346.4741 -295.0633 -256.3169 -1
-346.4741 -295.0633 -256.3169 -1
-346.4741 -295.0633 -256.3169 -1
-346.4741 -295.0633 -256.3169 -1
-346.4741 -295.0633 -256.3169 -1
-346.4741 -295.0633 -256.3169 -1
-346.4741 -295.0633 -256.3169 -1
-346.4741 -295.0633 -256.3169 -1
-346.4741 -295.0633 -256.3169 -1
-346.4741 -295.0633 -256.3169 -1
-346.4741 -295.0649 -256.3169 -1
-346.4741 -295.0633 -256.3169 -1
-346.4741 -295.0584 -256.3169 -1
-346.4741 -295.0633 -256.3169 -1
-346.4741 -295.06 -256.3169 -1
-346.4741 -295.0633 -256.3169 -1
-346.4741 -295.0565 -256.3169 -1
-346.4741 -295.0633 -256.3169 -1
-346.4741 -295.0562 -256.3169 -1
-346.4741 -295.0633 -256.3169 -1
-346.4741 -295.0633 -256.3169 -1
-346.4741 -295.0633 -256.3169 -1
-346.4741 -295.0633 -256.3169 -1
-346.4741 -295.0633 -256.3169 -1
-346.4741 -295.0633 -256.3169 -1
-346.4741 -295.0633 -256.3169 -1
-346.4741 -295.0633 -256.3169 -1
-346.4741 -295.0633 -256.3169 -1
-347.6167 -295.0633 -257.3066 -1
-347.6167 -295.0633 -257.3066 -1
-347.6167 -295.0633 -257.3066 -1
-347.6167 -295.0633 -257.3066 -1
-347.6167 -295.0633 -257.3067 -1
-347.6167 -295.0633 -257.3066 -1
-347.6167 -295.0633 -257.3067 -1
-347.6167 -295.0633 -257.3066 -1
-347.6167 -295.0633 -257.3066 -1
-347.6167 -295.0633 -257.3066 -1
-347.6167 -295.0633 -257.3066 -1
-347.6167 -295.0633 -257.3066 -1
-347.6167 -295.0633 -257.3066 -1
-347.6167 -295.0633 -257.3066 -1
-347.6167 -295.0633 -257.3066 -1
-347.6167 -295.0633 -257.3066 -1
-347.6167 -295.0633 -257.3066 -1
-347.6167 -295.0633 -257.3066 -1
-347.6167 -295.0633 -257.3066 -1
-347.6167 -295.0633 -257.3066 -1
-347.6167 -295.0633 -257.3067 -1
-347.6167 -295.0633 -257.3066 -1
-347.6167 -295.0633 -257.3067 -1
-347.6167 -295.0633 -257.3066 -1
-347.6167 -295.0633 -257.3066 -1
-347.6167 -295.0633 -257.3066 -1
-347.6167 -295.0633 -257.3066 -1
-347.6167 -295.0633 -257.3066 -1
-347.6167 -295.0633 -257.3066 -1
-347.6167 -295.0633 -257.3066 -1
-347.6167 -295.0633 -257.3066 -1
-347.6167 -295.0633 -257.3066 -1
-347.6167 -295.0633 -257.3066 -1
-347.6167 -295.0633 -257.3066 -1
-347.6167 -295.0633 -257.3066 -1
-347.6167 -295.0633 -257.3066 -1
-347.6167 -295.0633 -257.3066 -1
-347.6167 -295.0633 -257.3066 -1
-347.6167 -295.0633 -257.3066 -1
-347.6167 -295.0633 -257.3066 -1
-347.6167 -295.0633 -257.3066 -1
-347.6167 -295.0633 -257.3066 -1
-347.6167 -295.0633 -257.3066 -1
-347.6167 -295.0633 -257.3067 -1
-347.6167 -295.0633 -257.3066 -1
-347.6167 -295.0633 -257.3066 -1
-347.6167 -295.0633 -257.3066 -1
-347.6167 -295.0633 -257.3066 -1
-347.6167 -295.0633 -257.3066 -1
-347.6167 -295.0633 -257.3066 -1
-347.6167 -295.0633 -257.3066 -1
-347.6167 -295.0633 -257.3066 -1
-347.6167 -295.0633 -257.3066 -1
-347.6167 -295.0633 -257.3066 -1
-347.6167 -295.0633 -257.3066 -1
-347.6167 -295.0633 -257.3066 -1
-347.6167 -295.0633 -257.3066 -1
-347.6167 -295.0633 -257.3067 -1
-347.6167 -295.0633 -257.3066 -1
-347.6167 -295.0633 -257.3067 -1
-347.6167 -295.0633 -257.3066 -1
-347.6167 -295.0633 -257.3066 -1
-347.6167 -295.0633 -257.3066 -1
-347.6167 -295.0633 -257.3066 -1
-346.4831 -295.4128 -256.3793 -1
-346.4839 -295.4279 -256.385 -1
-346.484 -295.4279 -256.385 -1
-346.4831 -295.4128 -256.3793 -1
-346.4841 -295.4307 -256.3861 -1
-346.4817 -295.3853 -256.3696 -1
-346.4841 -295.4307 -256.3861 -1
-346.4817 -295.3853 -256.3696 -1
-346.4836 -295.4212 -256.3824 -1
-346.4799 -295.3456 -256.3571 -1
-346.4836 -295.4212 -256.3824 -1
-346.4799 -295.3456 -256.3571 -1
-346.4827 -295.4044 -256.3762 -1
-346.4779 -295.2939 -256.3435 -1
-346.4827 -295.4047 -256.3763 -1
-346.4779 -295.2939 -256.3435 -1
-346.4808 -295.3633 -256.3625 -1
-346.4761 -295.2315 -256.331 -1
-346.4808 -295.3638 -256.3626 -1
-346.4761 -295.2315 -256.331 -1
-346.4786 -295.3116 -256.3478 -1
-346.4747 -295.1606 -256.3216 -1
-346.4786 -295.3118 -256.3479 -1
-346.4747 -295.1606 -256.3216 -1
-346.477 -295.2612 -256.3364 -1
-346.4742 -295.095 -256.3174 -1
-346.477 -295.2612 -256.3364 -1
-346.4742 -295.0968 -256.3174 -1
-346.4754 -295.1938 -256.3253 -1
-346.4741 -295.0081 -256.3184 -1
-346.4754 -295.1938 -256.3253 -1
-346.4738 -295.0085 -256.3184 -1
-346.4743 -295.1196 -256.3184 -1
-346.476 -294.9217 -256.3268 -1
-346.4743 -295.1196 -256.3184 -1
-346.4759 -294.9201 -256.327 -1
-346.4741 -295.0422 -256.3171 -1
-346.4769 -294.8653 -256.3365 -1
-346.4741 -295.0422 -256.3171 -1
-346.4769 -294.8653 -256.3364 -1
-346.4747 -294.966 -256.3216 -1
-346.4789 -294.8076 -256.3497 -1
-346.4747 -294.966 -256.3216 -1
-346.4789 -294.8076 -256.3498 -1
-346.4764 -294.9069 -256.3289 -1
-346.4807 -294.7613 -256.3631 -1
-346.476 -294.9046 -256.3294 -1
-346.4807 -294.7613 -256.3631 -1
-346.4777 -294.8326 -256.3436 -1
-346.4823 -294.7271 -256.3745 -1
-346.4773 -294.8329 -256.3436 -1
-346.4824 -294.7271 -256.3745 -1
-346.4802 -294.7727 -256.3596 -1
-346.4835 -294.7054 -256.3824 -1
-346.4801 -294.7747 -256.3589 -1
-346.4835 -294.7053 -256.3824 -1
-346.4816 -294.7412 -256.3696 -1
-346.484 -294.6959 -256.3861 -1
-346.4816 -294.7412 -256.3696 -1
-346.484 -294.6959 -256.3861 -1
-346.483 -294.7138 -256.3793 -1
-346.4839 -294.6987 -256.385 -1
-346.483 -294.7138 -256.3793 -1
-346.4839 -294.6987 -256.385 -1
-347.6118 -295.0633 -257.2086 -1
-347.6118 -295.0633 -257.2086 -1
-347.5974 -295.0633 -257.1115 -1
-347.5974 -295.0633 -257.1115 -1
-347.5406 -295.0633 -256.924 -1
-347.5406 -295.0633 -256.924 -1
-347.4482 -295.0633 -256.7511 -1
-347.4482 -295.0633 -256.7511 -1
-347.3238 -295.0633 -256.5995 -1
-347.3238 -295.0633 -256.5995 -1
-347.1722 -295.0633 -256.4752 -1
-347.1722 -295.0633 -256.4752 -1
-346.9994 -295.0633 -256.3828 -1
-346.9994 -295.0633 -256.3828 -1
-346.8118 -295.0633 -256.3259 -1
-346.8118 -295.0633 -256.3259 -1
-346.7147 -295.0633 -256.3115 -1
-346.7147 -295.0633 -256.3115 -1
-345.6215 -295.0633 -257.2086 -1
-345.6359 -295.0633 -257.1115 -1
-345.6215 -295.0633 -257.2086 -1
-345.6359 -295.0633 -257.1115 -1
-345.6928 -295.0633 -256.924 -1
-345.6928 -295.0633 -256.924 -1
-345.7852 -295.0633 -256.7511 -1
-345.7852 -295.0633 -256.7511 -1
-345.9096 -295.0633 -256.5995 -1
-345.9096 -295.0633 -256.5995 -1
-346.0611 -295.0633 -256.4752 -1
-346.0611 -295.0633 -256.4752 -1
-346.234 -295.0633 -256.3828 -1
-346.234 -295.0633 -256.3828 -1
-346.4216 -295.0633 -256.3259 -1
-346.4216 -295.0633 -256.3259 -1
-346.5186 -295.0633 -256.3115 -1
-346.5186 -295.0633 -256.3115 -1
-347.6118 -295.0633 -257.4047 -1
-347.5974 -295.0633 -257.5017 -1
-347.6118 -295.0633 -257.4047 -1
-347.5974 -295.0633 -257.5017 -1
-347.5406 -295.0633 -257.6893 -1
-347.5406 -295.0633 -257.6893 -1
-347.4482 -295.0633 -257.8622 -1
-347.4482 -295.0633 -257.8622 -1
-347.3238 -295.0633 -258.0137 -1
-347.3238 -295.0633 -258.0137 -1
-347.1722 -295.0633 -258.1381 -1
-347.1722 -295.0633 -258.1381 -1
-346.9994 -295.0633 -258.2305 -1
-346.9994 -295.0633 -258.2305 -1
-346.8118 -295.0633 -258.2874 -1
-346.8118 -295.0633 -258.2874 -1
-346.7147 -295.0633 -258.3018 -1
-346.7147 -295.0633 -258.3018 -1
-345.6215 -295.0633 -257.4047 -1
-345.6215 -295.0633 -257.4047 -1
-345.6359 -295.0633 -257.5017 -1
-345.6359 -295.0633 -257.5017 -1
-345.6928 -295.0633 -257.6893 -1
-345.6928 -295.0633 -257.6893 -1
-345.7852 -295.0633 -257.8622 -1
-345.7852 -295.0633 -257.8622 -1
-345.9096 -295.0633 -258.0138 -1
-345.9096 -295.0633 -258.0138 -1
-346.0611 -295.0633 -258.1381 -1
-346.0611 -295.0633 -258.1381 -1
-346.234 -295.0633 -258.2305 -1
-346.234 -295.0633 -258.2305 -1
-346.4216 -295.0633 -258.2874 -1
-346.4216 -295.0633 -258.2874 -1
-346.5186 -295.0633 -258.3018 -1
-346.5186 -295.0633 -258.3018 -1
-346.6167 -295.0633 -256.3066 -1
-346.6167 -295.0634 -256.3066 -1
-346.6167 -295.0634 -256.3066 -1
-346.6167 -295.0633 -256.3066 -1
-347.6167 -295.0633 -257.3066 -1
-347.6167 -295.0633 -257.3066 -1
-347.6167 -295.0633 -257.3066 -1
-347.6167 -295.0633 -257.3066 -1
-345.6167 -295.0633 -257.3066 -1
-345.6167 -295.0633 -257.3066 -1
-345.6167 -295.0633 -257.3066 -1
-345.6167 -295.0633 -257.3066 -1
-346.6167 -295.0632 -258.3066 -1
-346.6167 -295.0633 -258.3066 -1
-346.6167 -295.0633 -258.3066 -1
-346.6167 -295.0632 -258.3066 -1
347.5474 295.429 257.3066 1
347.4209 295.6576 257.3066 1
347.5865 294.8193 257.3066 1
347.5532 294.7128 257.3066 1
345.6859 295.429 257.3066 1
345.8124 295.6575 257.3066 1
345.6469 294.8195 257.3066 1
345.6801 294.713 257.3066 1
346.6167 295.4291 258.2373 1
346.6167 295.6577 258.1108 1
346.6167 294.8194 258.2764 1
346.6167 294.7129 258.2432 1
346.6167 295.4291 256.3759 1
346.6167 295.6577 256.5025 1
346.6167 294.8194 256.3369 1
346.6167 294.7129 256.3701 1
346.6167 295.429 256.3759 1
346.6167 295.6575 256.5023 1
346.6167 294.8194 256.3369 1
346.6167 294.7129 256.3701 1
346.6167 295.4137 258.2432 1
346.6167 295.3072 258.2764 1
346.6167 294.4691 258.1109 1
346.6167 294.6976 258.2374 1
345.6801 295.4136 257.3066 1
345.6469 295.3071 257.3066 1
345.8124 294.4691 257.3066 1
345.6859 294.6976 257.3066 1
347.5532 295.4138 257.3066 1
347.5865 295.3073 257.3066 1
347.4209 294.469 257.3066 1
347.5474 294.6976 257.3066 1
16
0.01 0.25204
0.01 0.256554
0.012046 0.254297
0.204952 0.25204
0.202906 0.254297
0.204952 0.256554
0.988159 0.81071
0.998718 0.836246
0.998718 0.81071
0.988159 0.836246
0.977599 0.81071
0.977599 0.836246
0.96704 0.81071
0.96704 0.836246
0.95648 0.81071
0.95648 0.836246
0.945921 0.81071
0.945921 0.836246
0.935362 0.81071
0.935362 0.836246
0.924802 0.81071
0.924802 0.836246
0.914243 0.81071
0.914243 0.836246
0.903683 0.81071
0.903683 0.836246
0.893124 0.81071
0.893124 0.836246
0.882565 0.81071
0.882565 0.836246
0.872005 0.81071
0.872005 0.836246
0.861446 0.81071
0.861446 0.836246
0.850886 0.81071
0.850886 0.836246
0.840327 0.81071
0.840327 0.836246
0.829768 0.81071
0.829768 0.836246
0.819208 0.81071
0.819208 0.836246
0.808649 0.81071
0.808649 0.836246
0.798089 0.81071
0.798089 0.836246
0.78753 0.81071
0.78753 0.836246
0.77697 0.81071
0.77697 0.836246
0.766411 0.81071
0.766411 0.836246
0.755852 0.81071
0.755852 0.836246
0.745292 0.81071
0.745292 0.836246
0.734733 0.81071
0.734733 0.836246
0.724173 0.81071
0.724173 0.836246
0.713614 0.81071
0.713614 0.836246
0.703055 0.81071
0.703055 0.836246
0.692495 0.81071
0.692495 0.836246
0.681936 0.81071
0.681936 0.836246
0.671376 0.81071
0.671376 0.836246
0.660817 0.81071
0.660817 0.836246
0.991382 0.837973
0.991382 0.857428
0.980823 0.857428
0.980823 0.837973
0.970263 0.857428
0.970263 0.837973
0.959704 0.857428
0.959704 0.837973
0.949145 0.857428
0.949145 0.837973
0.938585 0.857167
0.938585 0.837973
0.928026 0.857428
0.928026 0.837973
0.917466 0.857428
0.917466 0.837973
0.906907 0.857428
0.906907 0.837973
0.896348 0.857428
0.896348 0.837973
0.885788 0.857428
0.885788 0.837973
0.875229 0.857428
0.875229 0.837973
0.864669 0.857428
0.864669 0.837973
0.85411 0.857167
0.85411 0.837973
0.843551 0.857428
0.843551 0.837973
0.832991 0.857428
0.832991 0.837973
0.822432 0.857428
0.822432 0.837973
0.811872 0.857428
0.811872 0.837973
0.801313 0.857428
0.801313 0.837973
0.790754 0.857428
0.790754 0.837973
0.780194 0.857428
0.780194 0.837973
0.769635 0.857428
0.769635 0.837973
0.759075 0.857428
0.759075 0.837973
0.748516 0.857428
0.748516 0.837973
0.737957 0.857428
0.737957 0.837973
0.727397 0.857167
0.727397 0.837973
0.716838 0.857428
0.716838 0.837973
0.706278 0.857428
0.706278 0.837973
0.695719 0.857428
0.695719 0.837973
0.68516 0.857428
0.68516 0.837973
0.6746 0.857428
0.6746 0.837973
0.664041 0.857428
0.664041 0.837973
0.653481 0.857428
0.653481 0.837973
0.672439 0.726047
0.660115 0.755799
0.667742 0.74153
0.637344 0.77857
0.649851 0.768306
0.649851 0.651584
0.59149 0.627411
0.607592 0.790894
0.59149 0.79248
0.623075 0.786197
0.575389 0.790894
0.545637 0.77857
0.559906 0.786197
0.667742 0.678361
0.660115 0.664091
0.672439 0.693843
0.674025 0.709945
0.623075 0.633693
0.637344 0.64132
0.607592 0.628996
0.53313 0.651584
0.559906 0.633693
0.575389 0.628996
0.545637 0.64132
0.510542 0.726047
0.515238 0.678361
0.522865 0.664091
0.510542 0.693843
0.508956 0.709945
0.522865 0.755799
0.53313 0.768306
0.515238 0.74153
0.144188 0.590431
0.152542 0.552748
0.14651 0.571178
0.174681 0.521131
0.162055 0.535849
0.186348 0.673622
0.159657 0.64574
0.171629 0.660996
0.150891 0.628442
0.145492 0.607477
0.146286 0.611979
0.257976 0.690185
0.221677 0.689167
0.203247 0.683135
0.24093 0.691489
0.207234 0.500392
0.189937 0.509158
0.226309 0.497431
0.259867 0.687748
0.223698 0.495787
0.2282 0.494994
0.245246 0.493689
0.282929 0.502044
0.264499 0.496011
0.324121 0.649329
0.296239 0.67602
0.311495 0.664048
0.278942 0.684786
0.262477 0.689391
0.335285 0.556736
0.339666 0.614
0.333634 0.63243
0.341988 0.594747
0.340683 0.577701
0.33989 0.5732
0.314547 0.524182
0.299828 0.511556
0.326519 0.539438
0.278955 0.827164
0.237694 0.7802
0.235088 0.829138
0.271964 0.778658
0.323946 0.816091
0.265718 0.735317
0.240023 0.736473
0.242111 0.697276
0.260118 0.696466
0.293044 0.728592
0.279973 0.691579
0.307626 0.769882
0.365912 0.796454
0.318534 0.716665
0.298493 0.682913
0.340891 0.754316
0.40324 0.769008
0.341206 0.699994
0.314966 0.670801
0.370479 0.73256
0.434497 0.734806
0.360191 0.67922
0.32876 0.655708
0.395255 0.70545
0.458481 0.695163
0.374758 0.655142
0.339344 0.638213
0.414266 0.674027
0.47427 0.651603
0.384348 0.628684
0.346312 0.61899
0.426781 0.639499
0.480892 0.608194
0.431954 0.605587
0.388227 0.603258
0.34903 0.60117
0.479174 0.559514
0.432211 0.600774
0.481148 0.603381
0.430669 0.566505
0.468102 0.514523
0.387328 0.572751
0.388484 0.598445
0.349286 0.596358
0.348476 0.578351
0.380602 0.545425
0.34359 0.558496
0.421892 0.530843
0.448465 0.472557
0.368675 0.519935
0.334924 0.539976
0.406327 0.497578
0.421018 0.435229
0.352004 0.497262
0.322811 0.523503
0.384571 0.46799
0.386816 0.403972
0.331231 0.478278
0.307718 0.509709
0.357461 0.443214
0.347174 0.379988
0.307153 0.46371
0.290224 0.499125
0.326038 0.424203
0.303614 0.364199
0.280695 0.45412
0.271 0.492157
0.29151 0.411688
0.260204 0.357577
0.257598 0.406514
0.255269 0.450241
0.253181 0.489439
0.601885 0.582398
0.634155 0.585852
0.63446 0.549633
0.60925 0.546935
0.5692 0.572182
0.615831 0.515247
0.634733 0.51727
0.634978 0.488259
0.621731 0.486842
0.595979 0.509042
0.607307 0.482333
0.583343 0.538837
0.539136 0.555785
0.577719 0.499083
0.59404 0.475097
0.559513 0.52584
0.512849 0.533839
0.561753 0.485753
0.582439 0.465412
0.538676 0.508444
0.491349 0.507185
0.548694 0.469564
0.572951 0.45365
0.521634 0.487317
0.475462 0.47685
0.539044 0.451139
0.56594 0.440263
0.50904 0.463271
0.465798 0.443997
0.533174 0.431185
0.561675 0.425765
0.50138 0.437231
0.462889 0.411673
0.499108 0.411979
0.531471 0.412251
0.560481 0.412496
0.466372 0.375841
0.462919 0.408111
0.499138 0.408417
0.501836 0.383207
0.476588 0.343157
0.533523 0.389788
0.531501 0.408689
0.560511 0.408934
0.561929 0.395687
0.539729 0.369936
0.566437 0.381263
0.509934 0.357299
0.492985 0.313093
0.549688 0.351676
0.573673 0.367996
0.522931 0.333469
0.514932 0.286806
0.563018 0.335709
0.583358 0.356396
0.540327 0.312632
0.541585 0.265305
0.579206 0.32265
0.59512 0.346907
0.561453 0.29559
0.571921 0.249418
0.597632 0.313001
0.608508 0.339896
0.585499 0.282997
0.604773 0.239754
0.617586 0.307131
0.623006 0.335631
0.61154 0.275337
0.637097 0.236845
0.636792 0.273064
0.636519 0.305427
0.636274 0.334437
0.186866 0.822259
0.230275 0.828881
0.232882 0.779944
0.198969 0.77477
0.143306 0.80647
0.209784 0.732338
0.235211 0.736217
0.237298 0.69702
0.219479 0.694301
0.183327 0.722748
0.200256 0.687333
0.164441 0.762255
0.103663 0.782487
0.159249 0.708181
0.182761 0.676749
0.133018 0.743245
0.069461 0.75123
0.138475 0.689196
0.167668 0.662956
0.105908 0.718469
0.042014 0.713901
0.121804 0.666523
0.155555 0.646482
0.084152 0.68888
0.022377 0.671935
0.109877 0.641034
0.146889 0.627962
0.068587 0.655616
0.011305 0.626945
0.103152 0.613707
0.142003 0.608108
0.05981 0.619954
0.009331 0.583077
0.058268 0.585684
0.101996 0.588013
0.141193 0.590101
0.016209 0.534855
0.009587 0.578265
0.058525 0.580871
0.063698 0.546959
0.031998 0.491296
0.106131 0.557774
0.102252 0.5832
0.141449 0.585288
0.144167 0.567469
0.115721 0.531317
0.151135 0.548245
0.076213 0.512431
0.055982 0.451653
0.130288 0.507238
0.161719 0.530751
0.095224 0.481008
0.087239 0.417451
0.149273 0.486465
0.175513 0.515657
0.12 0.453898
0.124567 0.390004
0.171945 0.469794
0.191986 0.503545
0.149588 0.432142
0.166533 0.370367
0.197435 0.457867
0.210506 0.494879
0.182853 0.416577
0.211524 0.359294
0.224761 0.451141
0.230361 0.489993
0.218515 0.4078
0.255391 0.35732
0.252785 0.406258
0.250456 0.449985
0.248368 0.489182
0.670041 0.582973
0.638022 0.549663
0.637717 0.585882
0.663274 0.54739
0.702893 0.573309
0.657228 0.515596
0.638295 0.5173
0.63854 0.488289
0.651809 0.487095
0.677182 0.509726
0.666306 0.482831
0.689315 0.53973
0.733229 0.557422
0.695608 0.500076
0.679694 0.475819
0.713361 0.527137
0.759882 0.535921
0.711797 0.487018
0.691456 0.466331
0.734488 0.510094
0.781829 0.509634
0.725127 0.471051
0.701141 0.454731
0.751884 0.489258
0.798226 0.47957
0.735085 0.452791
0.708377 0.441463
0.76488 0.465428
0.808442 0.446886
0.741291 0.432939
0.712885 0.42704
0.772979 0.43952
0.811895 0.414615
0.775676 0.41431
0.743313 0.414037
0.714303 0.413793
0.809017 0.37873
0.775706 0.410748
0.811925 0.411053
0.773434 0.385496
0.799353 0.345877
0.74164 0.391542
0.743343 0.410475
0.714333 0.410231
0.713139 0.396962
0.73577 0.371588
0.708874 0.382464
0.765774 0.359456
0.783465 0.315542
0.72612 0.353163
0.701863 0.369077
0.753181 0.33541
0.761965 0.288888
0.713061 0.336974
0.692375 0.357315
0.736138 0.314283
0.735678 0.266941
0.697095 0.323644
0.680774 0.347629
0.715302 0.296887
0.705614 0.250545
0.678835 0.313685
0.667507 0.340393
0.691472 0.28389
0.67293 0.240328
0.658983 0.30748
0.653083 0.335885
0.665564 0.275792
0.640659 0.236875
0.640354 0.273094
0.640081 0.305457
0.639836 0.334467
0.144797 0.070253
0.189003 0.065738
0.144797 0.065738
0.189003 0.070253
0.229634 0.065738
0.229634 0.070253
0.266281 0.065738
0.266281 0.070253
0.181347 0.137047
0.1447 0.137047
0.1447 0.141561
0.181347 0.141561
0.221978 0.137047
0.221978 0.141561
0.266184 0.137047
0.266184 0.141561
0.189003 0.028579
0.144797 0.028579
0.144798 0.033094
0.189003 0.033094
0.229634 0.028579
0.229634 0.033094
0.266282 0.028579
0.266282 0.033094
0.266184 0.11947
0.229536 0.123985
0.266184 0.123985
0.229536 0.11947
0.188905 0.123985
0.188905 0.11947
0.144699 0.123985
0.144699 0.11947
0.188905 0.101894
0.144699 0.101894
0.144699 0.106408
0.188905 0.106408
0.229536 0.101894
0.229536 0.106408
0.266184 0.101894
0.266184 0.106408
0.266184 0.084318
0.221978 0.088832
0.266184 0.088832
0.221978 0.084318
0.181347 0.088832
0.181347 0.084318
0.144699 0.088832
0.144699 0.084318
0.222076 0.051673
0.266282 0.051673
0.266282 0.047159
0.222076 0.047159
0.181445 0.051673
0.181445 0.047159
0.144797 0.051673
0.144797 0.047159
0.266282 0.01
0.222075 0.014514
0.266281 0.014514
0.222076 0.01
0.181445 0.014514
0.181445 0.01
0.144797 0.014514
0.144797 0.01
0.484451 -0.355877
0.452677 -0.355878
0.452677 -0.355878
0.484451 -0.355878
0.897937 0.936282
0.92549 0.980076
0.92549 0.936282
0.897937 0.980076
0.870384 0.936282
0.870384 0.980076
0.842832 0.936282
0.842832 0.980076
0.815279 0.936282
0.815279 0.980076
0.787727 0.936282
0.787727 0.980076
0.760174 0.936282
0.760174 0.980076
0.732622 0.936282
0.732622 0.980076
0.705069 0.936282
0.705069 0.980076
0.677517 0.936282
0.677517 0.980076
0.649965 0.936282
0.649965 0.980076
0.622412 0.936282
0.622412 0.980076
0.59486 0.936282
0.59486 0.980076
0.567307 0.936282
0.567307 0.980076
0.539755 0.936282
0.539755 0.980076
0.512202 0.936282
0.512202 0.980076
0.48465 0.936282
0.48465 0.980076
0.457098 0.936282
0.457098 0.980076
0.429545 0.936282
0.429545 0.980076
0.401992 0.936282
0.401992 0.980076
0.37444 0.936282
0.37444 0.980076
0.346888 0.936282
0.346888 0.980076
0.319335 0.936282
0.319335 0.980076
0.291783 0.936282
0.291783 0.980076
0.26423 0.936282
0.26423 0.980076
0.236678 0.936282
0.236678 0.980076
0.209126 0.936282
0.209126 0.980076
0.181573 0.936282
0.181573 0.980076
0.15402 0.936282
0.15402 0.980076
0.126468 0.936282
0.126468 0.980076
0.098916 0.936282
0.098916 0.980076
0.071363 0.936282
0.071363 0.980076
0.043811 0.936282
0.043811 0.980076
0.903246 0.928125
0.930745 0.86248
0.930745 0.928125
0.903246 0.86248
0.875747 0.928125
0.875747 0.86248
0.848249 0.928125
0.848249 0.86248
0.820751 0.928125
0.820751 0.86248
0.793252 0.928125
0.793252 0.86248
0.765754 0.928125
0.765754 0.86248
0.738255 0.928125
0.738255 0.86248
0.710757 0.928125
0.710757 0.86248
0.683259 0.928125
0.683259 0.86248
0.65576 0.928125
0.65576 0.86248
0.628262 0.928125
0.628262 0.86248
0.600763 0.928125
0.600763 0.86248
0.573265 0.928125
0.573265 0.86248
0.545767 0.928125
0.545767 0.86248
0.518268 0.928125
0.518268 0.86248
0.49077 0.928125
0.49077 0.86248
0.463271 0.928125
0.463271 0.86248
0.435773 0.928125
0.435773 0.86248
0.408275 0.928125
0.408275 0.86248
0.380776 0.928125
0.380776 0.86248
0.353278 0.928125
0.353278 0.86248
0.325779 0.928125
0.325779 0.86248
0.298281 0.928125
0.298281 0.86248
0.270782 0.928125
0.270782 0.86248
0.243284 0.928125
0.243284 0.86248
0.215786 0.928125
0.215786 0.86248
0.188287 0.928125
0.188287 0.86248
0.160789 0.928125
0.160789 0.86248
0.13329 0.928125
0.13329 0.86248
0.105792 0.928125
0.105792 0.86248
0.078294 0.928125
0.078294 0.86248
0.050795 0.928125
0.050795 0.86248
0.182156 0.315382
0.195041 0.317529
0.193522 0.315382
0.195041 0.339795
0.196561 0.315382
0.182156 0.339795
0.207927 0.339795
0.169271 0.315382
0.207927 0.315382
0.169271 0.339795
0.220812 0.339795
0.156386 0.315382
0.220812 0.315382
0.156386 0.339795
0.233697 0.339795
0.143501 0.315382
0.233697 0.315382
0.143501 0.339795
0.246582 0.339795
0.130615 0.315382
0.246582 0.315382
0.130615 0.339795
0.259468 0.339795
0.11773 0.315382
0.259468 0.315382
0.11773 0.339795
0.272353 0.339795
0.104845 0.315382
0.272353 0.315382
0.104845 0.339795
0.285238 0.339795
0.093479 0.315382
0.09196 0.339795
0.285238 0.315382
0.09196 0.317529
0.079074 0.339795
0.298123 0.339795
0.079074 0.315382
0.09044 0.315382
0.066189 0.339795
0.066189 0.315382
0.053304 0.339795
0.053304 0.315382
0.040419 0.339795
0.040419 0.315382
0.027534 0.339795
0.027534 0.315382
0.014648 0.339795
0.014648 0.315382
0.298123 0.317529
0.296604 0.315382
0.299643 0.315382
0.311008 0.315382
0.311008 0.339795
0.323894 0.315382
0.323894 0.339795
0.336779 0.315382
0.336779 0.339795
0.349664 0.315382
0.349664 0.339795
0.362549 0.315382
0.362549 0.339795
0.375435 0.315382
0.375435 0.339795
0.38832 0.315382
0.38832 0.339795
0.401205 0.317529
0.399686 0.315382
0.401205 0.339795
0.402724 0.315382
0.41409 0.315382
0.41409 0.339795
0.426976 0.315382
0.426975 0.339795
0.018217 0.30894
0.01001 0.30894
0.01001 0.279896
0.018217 0.279896
0.026424 0.30894
0.026424 0.279896
0.034632 0.30894
0.034632 0.279896
0.042839 0.30894
0.042839 0.279896
0.051047 0.30894
0.051047 0.279896
0.059254 0.30894
0.059254 0.279896
0.067462 0.279896
0.067462 0.30894
0.075669 0.279896
0.075669 0.30894
0.083876 0.279896
0.083876 0.30894
0.092084 0.279896
0.092084 0.30894
0.100291 0.279896
0.100291 0.30894
0.108499 0.279896
0.108499 0.30894
0.116706 0.279896
0.116706 0.30894
0.124914 0.279896
0.124914 0.30894
0.133121 0.279896
0.133121 0.30894
0.141328 0.279896
0.141328 0.30894
0.149536 0.279896
0.149536 0.30894
0.157743 0.279896
0.157743 0.30894
0.165951 0.279896
0.165951 0.30894
0.174158 0.279896
0.174158 0.30894
0.182366 0.279896
0.182366 0.30894
0.190573 0.279896
0.190573 0.30894
0.198781 0.30894
0.198781 0.279896
0.206988 0.30894
0.206988 0.279896
0.215195 0.30894
0.215195 0.279896
0.223403 0.30894
0.223403 0.279896
0.23161 0.30894
0.23161 0.279896
0.239818 0.30894
0.239818 0.279896
0.248025 0.30894
0.248025 0.279896
0.256233 0.30894
0.256233 0.279896
0.26444 0.30894
0.26444 0.279896
0.272647 0.30894
0.272647 0.279896
0.171466 0.178977
0.169296 0.181235
0.171466 0.183492
0.174173 0.178977
0.174173 0.183492
0.171466 0.171315
0.171466 0.1668
0.169296 0.169058
0.174173 0.1668
0.174173 0.171315
0.171466 0.195669
0.171466 0.191155
0.169296 0.193412
0.174173 0.191155
0.174173 0.195669
0.171466 0.154623
0.169296 0.15688
0.171466 0.159138
0.174173 0.154623
0.174173 0.159138
0.075133 0.139047
0.075133 0.14221
0.079648 0.14221
0.079648 0.139047
0.062765 0.139047
0.062765 0.14221
0.067279 0.14221
0.067279 0.139047
0.068949 0.139047
0.068949 0.14221
0.073463 0.14221
0.073463 0.139047
0.081318 0.139047
0.081318 0.14221
0.085832 0.14221
0.085832 0.139047
0.137785 0.108804
0.135728 0.106401
0.088523 0.111299
0.088611 0.114461
0.04706 0.108823
0.046751 0.111971
0.010429 0.103804
0.01 0.106938
0.139787 0.031695
0.139242 0.028579
0.102824 0.034963
0.10325 0.038097
0.061482 0.038986
0.061513 0.042149
0.014128 0.035855
0.012161 0.038333
0.137785 0.091227
0.135728 0.088825
0.088523 0.093722
0.088611 0.096884
0.04706 0.091247
0.046751 0.094395
0.010429 0.086228
0.01 0.089362
0.139787 0.013115
0.139242 0.01
0.102824 0.016384
0.10325 0.019518
0.061482 0.020406
0.061513 0.023569
0.014127 0.017276
0.012161 0.019753
0.137785 0.143956
0.135728 0.141554
0.088523 0.146451
0.088611 0.149613
0.04706 0.143976
0.046751 0.147124
0.010429 0.138957
0.01 0.142091
0.139787 0.050274
0.139242 0.047159
0.102824 0.053543
0.10325 0.056677
0.061482 0.057565
0.061513 0.060728
0.014127 0.054435
0.012161 0.056912
0.137785 0.12638
0.135727 0.123978
0.088523 0.128875
0.088611 0.132037
0.04706 0.126399
0.046751 0.129547
0.010429 0.121381
0.01 0.124514
0.139787 0.068854
0.139242 0.065738
0.102824 0.072122
0.10325 0.075256
0.061482 0.076145
0.061513 0.079308
0.014127 0.073014
0.012161 0.075492
0.40934 0.15091
0.460514 0.161744
0.462867 0.159206
0.409109 0.154364
0.363463 0.151837
0.363665 0.155292
0.323062 0.155763
0.323396 0.159209
0.323062 0.092444
0.325313 0.095073
0.376968 0.089714
0.376872 0.086254
0.422341 0.092423
0.422678 0.088978
0.462425 0.097915
0.462894 0.094485
0.323062 0.168392
0.323396 0.171837
0.363665 0.167921
0.363463 0.164465
0.409109 0.166992
0.40934 0.163539
0.460514 0.174373
0.462867 0.171834
0.323062 0.118458
0.325313 0.121087
0.376968 0.115728
0.376872 0.112268
0.422341 0.118437
0.422678 0.114992
0.462425 0.123929
0.462894 0.1205
0.323062 0.105451
0.325313 0.10808
0.376968 0.102721
0.376872 0.099261
0.422341 0.10543
0.422678 0.101985
0.462425 0.110922
0.462894 0.107493
0.323062 0.18102
0.323396 0.184465
0.363665 0.180549
0.363463 0.177094
0.409109 0.179621
0.40934 0.176167
0.460514 0.187001
0.462867 0.184462
0.323062 0.131465
0.325313 0.134094
0.376968 0.128735
0.376872 0.125275
0.422341 0.131444
0.422678 0.127999
0.462425 0.136936
0.462894 0.133507
0.323062 0.143135
0.323396 0.14658
0.363665 0.142664
0.363463 0.139208
0.409109 0.141736
0.40934 0.138282
0.460514 0.149116
0.462867 0.146577
0.42592 0.310254
0.399033 0.291
0.399033 0.312902
0.372146 0.310254
0.421647 0.288773
0.376419 0.288773
0.451773 0.302412
0.346293 0.302412
0.443391 0.282177
0.354674 0.282177
0.475599 0.289676
0.322466 0.289676
0.463431 0.271465
0.334634 0.271465
0.496483 0.272537
0.301582 0.272537
0.480996 0.25705
0.317069 0.25705
0.513623 0.251653
0.284443 0.251653
0.495412 0.239485
0.302654 0.239485
0.526358 0.227826
0.271708 0.227826
0.506123 0.219445
0.291942 0.219445
0.534201 0.201973
0.263865 0.201973
0.51272 0.1977
0.285346 0.1977
0.536849 0.175087
0.261217 0.175087
0.514947 0.175087
0.283119 0.175087
0.534201 0.1482
0.263865 0.1482
0.51272 0.152473
0.285346 0.152473
0.526358 0.122347
0.271708 0.122347
0.506123 0.130728
0.291942 0.130728
0.513623 0.09852
0.284443 0.09852
0.495412 0.110688
0.302654 0.110688
0.496483 0.077636
0.301582 0.077636
0.480996 0.093123
0.317069 0.093123
0.475599 0.060497
0.322467 0.060497
0.463431 0.078708
0.334635 0.078708
0.451773 0.047761
0.346293 0.047761
0.443391 0.067996
0.354674 0.067996
0.425919 0.039919
0.372146 0.039919
0.421647 0.0614
0.376419 0.0614
0.399033 0.037271
0.399033 0.059173
0.746441 0.670589
0.766995 0.67355
0.771506 0.655217
0.751924 0.648303
0.745411 0.693516
0.779506 0.638116
0.766148 0.69241
0.761649 0.627515
0.748874 0.716204
0.790689 0.622905
0.768996 0.711073
0.775243 0.609023
0.756696 0.73778
0.804624 0.610167
0.775431 0.728823
0.792184 0.593539
0.768578 0.757416
0.820777 0.600393
0.785205 0.744975
0.811819 0.581658
0.784061 0.774356
0.838526 0.593958
0.797943 0.758911
0.833396 0.573835
0.802553 0.78795
0.85719 0.59111
0.813154 0.770094
0.856084 0.570373
0.823341 0.797676
0.87605 0.591957
0.830255 0.778094
0.879011 0.571402
0.845627 0.803159
0.894383 0.596467
0.848588 0.782605
0.901297 0.576886
0.868554 0.804189
0.911484 0.604468
0.867448 0.783452
0.922085 0.586611
0.891242 0.800726
0.926695 0.615651
0.886112 0.780603
0.940576 0.600205
0.912818 0.792904
0.939432 0.629586
0.903861 0.774168
0.95606 0.617145
0.932454 0.781022
0.949206 0.645739
0.920014 0.764394
0.967942 0.636781
0.949394 0.765538
0.955641 0.663488
0.933949 0.751657
0.975764 0.658358
0.962989 0.747047
0.95849 0.682151
0.945132 0.736446
0.979227 0.681045
0.972714 0.726259
0.957643 0.701012
0.953132 0.719345
0.978197 0.703973
0.706713 0.685369
0.689746 0.709063
0.709047 0.709063
0.687783 0.689135
0.687783 0.728991
0.699802 0.662586
0.706713 0.732757
0.68197 0.669972
0.68197 0.748154
0.688579 0.641588
0.699802 0.75554
0.67253 0.652312
0.67253 0.765814
0.673475 0.623184
0.688579 0.776537
0.659827 0.636832
0.659827 0.781294
0.65507 0.60808
0.673475 0.794942
0.644347 0.624129
0.644347 0.793997
0.634073 0.596857
0.655071 0.810046
0.626687 0.614689
0.626687 0.803437
0.61129 0.589946
0.634073 0.821269
0.607524 0.608876
0.607525 0.80925
0.587596 0.587612
0.61129 0.82818
0.587596 0.606913
0.587596 0.811213
0.563902 0.589946
0.587596 0.830514
0.567668 0.608876
0.567668 0.80925
0.541119 0.596857
0.563902 0.82818
0.548505 0.614689
0.548505 0.803437
0.520122 0.60808
0.541119 0.821269
0.530845 0.624129
0.530845 0.793997
0.501717 0.623184
0.520121 0.810046
0.515365 0.636832
0.515365 0.781294
0.486613 0.641588
0.501717 0.794942
0.502662 0.652312
0.502662 0.765814
0.47539 0.662586
0.486613 0.776537
0.493222 0.669972
0.493222 0.748154
0.468479 0.685369
0.47539 0.75554
0.487409 0.689135
0.487409 0.728991
0.466145 0.709063
0.468479 0.732757
0.485446 0.709063
0.771506 0.655217
0.766995 0.67355
0.790214 0.676893
0.793626 0.663026
0.789573 0.69116
0.779506 0.638116
0.766148 0.69241
0.799677 0.65009
0.791728 0.705277
0.790689 0.622905
0.768996 0.711073
0.808136 0.638584
0.796595 0.718703
0.804624 0.610167
0.775431 0.728823
0.818677 0.628949
0.803988 0.730921
0.820777 0.600393
0.785205 0.744975
0.830896 0.621556
0.813623 0.741462
0.838526 0.593958
0.797943 0.758911
0.844322 0.616688
0.82513 0.749921
0.85719 0.59111
0.813154 0.770094
0.858439 0.614534
0.838065 0.755973
0.87605 0.591957
0.830255 0.778094
0.872706 0.615175
0.851932 0.759385
0.894383 0.596467
0.848588 0.782605
0.886573 0.618586
0.866199 0.760026
0.911484 0.604468
0.867448 0.783452
0.899508 0.624638
0.880316 0.757871
0.926695 0.615651
0.886112 0.780603
0.911015 0.633097
0.893742 0.753004
0.939432 0.629586
0.903861 0.774168
0.920649 0.643638
0.90596 0.74561
0.949206 0.645739
0.920014 0.764394
0.928043 0.655856
0.916502 0.735976
0.955641 0.663488
0.933949 0.751657
0.93291 0.669282
0.924961 0.724469
0.95849 0.682151
0.945132 0.736446
0.935065 0.6834
0.931012 0.711534
0.957643 0.701012
0.953132 0.719345
0.934424 0.697666
0.254196 0.191356
0.254196 0.222225
0.283152 0.222225
0.283152 0.191356
0.313694 0.222225
0.313694 0.191356
0.344237 0.222225
0.344237 0.191356
0.37478 0.191356
0.37478 0.222225
0.405322 0.222225
0.405322 0.191356
0.435865 0.222225
0.435865 0.191356
0.466408 0.191356
0.466408 0.222225
0.495363 0.191356
0.495363 0.222225
0.739705 0.191356
0.710749 0.222225
0.739705 0.222225
0.710749 0.191356
0.680207 0.191356
0.680207 0.222225
0.649664 0.222225
0.649664 0.191356
0.619121 0.191356
0.619121 0.222225
0.588579 0.222225
0.588579 0.191356
0.558036 0.222225
0.558036 0.191356
0.527493 0.222225
0.527493 0.191356
0.498538 0.222225
0.498538 0.191356
0.251021 0.191356
0.222066 0.222225
0.251021 0.222225
0.222066 0.191356
0.191523 0.222225
0.191523 0.191356
0.160981 0.222225
0.160981 0.191356
0.130438 0.191356
0.130438 0.222225
0.099895 0.222225
0.099895 0.191356
0.069353 0.222225
0.069353 0.191356
0.03881 0.191356
0.03881 0.222225
0.009855 0.191356
0.009855 0.222225
0.74288 0.191356
0.74288 0.222225
0.771835 0.222225
0.771835 0.191356
0.802378 0.191356
0.802378 0.222225
0.832921 0.222225
0.832921 0.191356
0.863463 0.191356
0.863463 0.222225
0.894006 0.222225
0.894006 0.191356
0.924549 0.222225
0.924549 0.191356
0.955091 0.222225
0.955091 0.191356
0.984046 0.222225
0.984046 0.191356
0.495344 0.198976
0.495344 0.214605
0.498557 0.214603
0.498557 0.198976
0.254215 0.214604
0.254215 0.198977
0.251002 0.198977
0.251002 0.214604
0.742899 0.214604
0.742899 0.198976
0.739686 0.198976
0.739686 0.214604
0.987241 0.214605
0.987241 0.198976
0.984027 0.198976
0.984027 0.214603
0.498538 0.191356
0.498557 0.198976
0.498557 0.214603
0.498538 0.222225
0.495363 0.222225
0.495344 0.214605
0.495344 0.198976
0.495363 0.191356
0.254196 0.191356
0.254215 0.198977
0.254215 0.214604
0.254196 0.222225
0.251021 0.222225
0.251002 0.214604
0.251002 0.198977
0.251021 0.191356
0.74288 0.191356
0.742899 0.198976
0.742899 0.214604
0.74288 0.222225
0.739705 0.222225
0.739686 0.214604
0.739686 0.198976
0.739705 0.191356
0.009855 0.191356
0.009874 0.198976
0.009874 0.214605
0.009855 0.222225
0.984046 0.222225
0.984027 0.214603
0.984027 0.198976
0.984046 0.191356
256
0 1 2
3 4 5
6 7 8
6 9 7
10 9 6
10 11 9
12 11 10
12 13 11
14 13 12
14 15 13
16 15 14
16 17 15
18 17 16
18 19 17
20 19 18
20 21 19
22 21 20
22 23 21
24 23 22
24 25 23
26 25 24
26 27 25
28 27 26
28 29 27
30 29 28
30 31 29
32 31 30
32 33 31
34 33 32
34 35 33
36 35 34
36 37 35
38 37 36
38 39 37
40 39 38
40 41 39
42 41 40
42 43 41
44 43 42
44 45 43
46 45 44
46 47 45
48 47 46
48 49 47
50 49 48
50 51 49
52 51 50
52 53 51
54 53 52
54 55 53
56 55 54
56 57 55
58 57 56
58 59 57
60 59 58
60 61 59
62 61 60
62 63 61
64 63 62
64 65 63
66 65 64
66 67 65
68 67 66
68 69 67
70 69 68
70 71 69
72 73 74
72 74 75
75 74 76
75 76 77
77 76 78
77 78 79
79 78 80
79 80 81
81 80 82
81 82 83
83 82 84
83 84 85
85 84 86
85 86 87
87 86 88
87 88 89
89 88 90
89 90 91
91 90 92
91 92 93
93 92 94
93 94 95
95 94 96
95 96 97
97 96 98
97 98 99
99 98 100
99 100 101
101 100 102
101 102 103
103 102 104
103 104 105
105 104 106
105 106 107
107 106 108
107 108 109
109 108 110
109 110 111
111 110 112
111 112 113
113 112 114
113 114 115
115 114 116
115 116 117
117 116 118
117 118 119
119 118 120
119 120 121
121 120 122
121 122 123
123 122 124
123 124 125
125 124 126
125 126 127
127 126 128
127 128 129
129 128 130
129 130 131
131 130 132
131 132 133
133 132 134
133 134 135
135 134 136
135 136 137
138 139 140
138 141 139
139 141 142
141 138 143
141 143 144
141 144 145
145 144 146
141 145 147
144 148 146
144 149 148
148 149 150
143 138 151
143 151 152
138 153 151
138 154 153
144 143 155
155 143 156
144 155 157
158 149 144
158 144 159
159 144 160
158 159 161
158 162 149
163 162 158
163 158 164
165 162 163
165 166 162
149 162 167
149 167 168
167 162 169
170 171 172
170 173 171
171 173 174
173 170 175
175 170 176
175 176 177
170 178 176
170 179 178
180 178 179
173 175 181
181 175 182
182 175 183
181 182 184
173 181 185
173 185 186
185 181 187
187 181 188
185 187 189
188 190 187
188 191 190
191 188 192
191 192 193
194 192 188
194 188 195
194 195 196
197 195 188
197 188 198
194 199 192
200 199 194
200 194 201
202 199 200
202 203 199
204 199 203
192 199 205
192 205 206
205 199 207
208 209 210
208 211 209
212 211 208
213 209 211
213 214 209
213 215 214
213 216 215
217 216 213
217 213 211
217 218 216
212 219 211
217 211 219
220 219 212
221 218 217
221 217 219
221 222 218
220 223 219
221 219 223
224 223 220
225 222 221
225 221 223
225 226 222
224 227 223
225 223 227
228 227 224
229 226 225
229 225 227
229 230 226
228 231 227
229 227 231
232 231 228
233 230 229
233 229 231
233 234 230
232 235 231
233 231 235
236 235 232
237 234 233
237 233 235
237 238 234
236 239 235
237 235 239
240 239 236
240 241 239
242 239 241
242 237 239
242 238 237
242 243 238
244 245 246
244 247 245
248 247 244
249 245 247
249 250 245
249 251 250
249 252 251
253 252 249
253 249 247
253 254 252
248 255 247
253 247 255
256 255 248
257 254 253
257 253 255
257 258 254
256 259 255
257 255 259
260 259 256
261 258 257
261 257 259
261 262 258
260 263 259
261 259 263
264 263 260
265 262 261
265 261 263
265 266 262
264 267 263
265 263 267
268 267 264
269 266 265
269 265 267
269 270 266
268 271 267
269 267 271
272 271 268
273 270 269
273 269 271
273 274 270
272 275 271
273 271 275
276 275 272
276 277 275
278 275 277
278 273 275
278 274 273
278 279 274
280 281 282
280 282 283
284 280 283
285 283 282
285 282 286
285 286 287
285 287 288
289 285 288
289 283 285
289 288 290
284 283 291
289 291 283
292 284 291
293 289 290
293 291 289
293 290 294
292 291 295
293 295 291
296 292 295
297 293 294
297 295 293
297 294 298
296 295 299
297 299 295
300 296 299
301 297 298
301 299 297
301 298 302
300 299 303
301 303 299
304 300 303
305 301 302
305 303 301
305 302 306
304 303 307
305 307 303
308 304 307
309 305 306
309 307 305
309 306 310
308 307 311
309 311 307
312 308 311
312 311 313
314 313 311
314 311 309
314 309 310
314 310 315
316 317 318
316 318 319
320 316 319
321 319 318
321 318 322
321 322 323
321 323 324
325 321 324
325 319 321
325 324 326
320 319 327
325 327 319
328 320 327
329 325 326
329 327 325
329 326 330
328 327 331
329 331 327
332 328 331
333 329 330
333 331 329
333 330 334
332 331 335
333 335 331
336 332 335
337 333 334
337 335 333
337 334 338
336 335 339
337 339 335
340 336 339
341 337 338
341 339 337
341 338 342
340 339 343
341 343 339
344 340 343
345 341 342
345 343 341
345 342 346
344 343 347
345 347 343
348 344 347
348 347 349
350 349 347
350 347 345
350 345 346
350 346 351
352 353 354
352 354 355
356 352 355
357 355 354
357 354 358
357 358 359
357 359 360
361 357 360
361 355 357
361 360 362
356 355 363
361 363 355
364 356 363
365 361 362
365 363 361
365 362 366
364 363 367
365 367 363
368 364 367
369 365 366
369 367 365
369 366 370
368 367 371
369 371 367
372 368 371
373 369 370
373 371 369
373 370 374
372 371 375
373 375 371
376 372 375
377 373 374
377 375 373
377 374 378
376 375 379
377 379 375
380 376 379
381 377 378
381 379 377
381 378 382
380 379 383
381 383 379
384 380 383
384 383 385
386 385 383
386 383 381
386 381 382
386 382 387
388 389 390
388 390 391
392 388 391
393 391 390
393 390 394
393 394 395
393 395 396
397 393 396
397 391 393
397 396 398
392 391 399
397 399 391
400 392 399
401 397 398
401 399 397
401 398 402
400 399 403
401 403 399
404 400 403
405 401 402
405 403 401
405 402 406
404 403 407
405 407 403
408 404 407
409 405 406
409 407 405
409 406 410
408 407 411
409 411 407
412 408 411
413 409 410
413 411 409
413 410 414
412 411 415
413 415 411
416 412 415
417 413 414
417 415 413
417 414 418
416 415 419
417 419 415
420 416 419
420 419 421
422 421 419
422 419 417
422 417 418
422 418 423
424 425 426
424 427 425
428 427 424
429 425 427
429 430 425
429 431 430
429 432 431
433 432 429
433 429 427
433 434 432
428 435 427
433 427 435
436 435 428
437 434 433
437 433 435
437 438 434
436 439 435
437 435 439
440 439 436
441 438 437
441 437 439
441 442 438
440 443 439
441 439 443
444 443 440
445 442 441
445 441 443
445 446 442
444 447 443
445 443 447
448 447 444
449 446 445
449 445 447
449 450 446
448 451 447
449 447 451
452 451 448
453 450 449
453 449 451
453 454 450
452 455 451
453 451 455
456 455 452
456 457 455
458 455 457
458 453 455
458 454 453
458 459 454
460 461 462
460 463 461
464 463 460
465 461 463
465 466 461
465 467 466
465 468 467
469 468 465
469 465 463
469 470 468
464 471 463
469 463 471
472 471 464
473 470 469
473 469 471
473 474 470
472 475 471
473 471 475
476 475 472
477 474 473
477 473 475
477 478 474
476 479 475
477 475 479
480 479 476
481 478 477
481 477 479
481 482 478
480 483 479
481 479 483
484 483 480
485 482 481
485 481 483
485 486 482
484 487 483
485 483 487
488 487 484
489 486 485
489 485 487
489 490 486
488 491 487
489 487 491
492 491 488
492 493 491
494 491 493
494 489 491
494 490 489
494 495 490
496 497 498
496 499 497
500 497 499
500 499 501
501 502 500
501 503 502
504 505 506
504 506 507
508 504 507
508 507 509
510 508 509
510 509 511
512 513 514
512 514 515
515 516 512
515 517 516
518 516 517
518 517 519
520 521 522
520 523 521
523 524 521
523 525 524
526 524 525
526 525 527
528 529 530
528 530 531
531 532 528
531 533 532
534 532 533
534 533 535
536 537 538
536 539 537
540 537 539
540 539 541
542 540 541
542 541 543
544 545 546
544 546 547
547 548 544
547 549 548
550 548 549
550 549 551
552 553 554
552 555 553
556 553 555
556 555 557
557 558 556
557 559 558
560 561 562
560 562 563
564 565 566
564 567 565
568 567 564
568 569 567
570 569 568
570 571 569
572 571 570
572 573 571
574 573 572
574 575 573
576 575 574
576 577 575
578 577 576
578 579 577
580 579 578
580 581 579
582 581 580
582 583 581
584 583 582
584 585 583
586 585 584
586 587 585
588 587 586
588 589 587
590 589 588
590 591 589
592 591 590
592 593 591
594 593 592
594 595 593
596 595 594
596 597 595
598 597 596
598 599 597
600 599 598
600 601 599
602 601 600
602 603 601
604 603 602
604 605 603
606 605 604
606 607 605
608 607 606
608 609 607
610 609 608
610 611 609
612 611 610
612 613 611
614 613 612
614 615 613
616 615 614
616 617 615
618 617 616
618 619 617
620 619 618
620 621 619
622 621 620
622 623 621
624 623 622
624 625 623
626 625 624
626 627 625
628 627 626
628 629 627
630 631 632
630 633 631
634 633 630
634 635 633
636 635 634
636 637 635
638 637 636
638 639 637
640 639 638
640 641 639
642 641 640
642 643 641
644 643 642
644 645 643
646 645 644
646 647 645
648 647 646
648 649 647
650 649 648
650 651 649
652 651 650
652 653 651
654 653 652
654 655 653
656 655 654
656 657 655
658 657 656
658 659 657
660 659 658
660 661 659
662 661 660
662 663 661
664 663 662
664 665 663
666 665 664
666 667 665
668 667 666
668 669 667
670 669 668
670 671 669
672 671 670
672 673 671
674 673 672
674 675 673
676 675 674
676 677 675
678 677 676
678 679 677
680 679 678
680 681 679
682 681 680
682 683 681
684 683 682
684 685 683
686 685 684
686 687 685
688 687 686
688 689 687
690 689 688
690 691 689
692 691 690
692 693 691
694 693 692
694 695 693
696 697 698
696 699 697
697 699 700
696 701 699
700 699 702
703 701 696
700 702 704
703 705 701
704 702 706
707 705 703
704 706 708
707 709 705
708 706 710
711 709 707
708 710 712
711 713 709
712 710 714
715 713 711
712 714 716
715 717 713
716 714 718
719 717 715
716 718 720
719 721 717
720 718 722
723 721 719
720 722 724
723 725 721
724 722 726
727 725 723
727 728 725
724 726 729
730 728 727
730 731 728
729 726 732
730 733 731
734 733 730
733 735 731
733 736 735
736 737 735
736 738 737
738 739 737
738 740 739
740 741 739
740 742 741
742 743 741
742 744 743
729 732 745
729 745 746
732 747 745
748 747 732
748 732 749
750 748 749
750 749 751
752 750 751
752 751 753
754 752 753
754 753 755
756 754 755
756 755 757
758 756 757
758 757 759
760 758 759
760 759 761
762 760 761
763 760 762
762 761 764
764 765 762
766 765 764
766 764 767
768 766 767
768 767 769
770 771 772
770 772 773
774 770 773
774 773 775
776 774 775
776 775 777
778 776 777
778 777 779
780 778 779
780 779 781
782 780 781
782 781 783
782 783 784
782 784 785
785 784 786
785 786 787
787 786 788
787 788 789
789 788 790
789 790 791
791 790 792
791 792 793
793 792 794
793 794 795
795 794 796
795 796 797
797 796 798
797 798 799
799 798 800
799 800 801
801 800 802
801 802 803
803 802 804
803 804 805
805 804 806
805 806 807
807 806 808
807 808 809
809 808 810
809 810 811
811 810 812
811 812 813
813 812 814
813 814 815
816 815 814
816 814 817
818 816 817
818 817 819
820 818 819
820 819 821
822 820 821
822 821 823
824 822 823
824 823 825
826 824 825
826 825 827
828 826 827
828 827 829
830 828 829
830 829 831
832 830 831
832 831 833
834 832 833
834 833 835
836 837 838
838 839 836
838 840 839
841 842 843
841 844 842
841 845 844
846 847 848
846 849 847
846 850 849
851 852 853
853 854 851
853 855 854
856 857 858
856 858 859
860 861 862
860 862 863
864 865 866
864 866 867
868 869 870
868 870 871
872 873 874
872 874 875
875 874 876
875 876 877
877 876 878
877 878 879
880 881 882
880 882 883
883 882 884
883 884 885
885 884 886
885 886 887
888 889 890
888 890 891
891 890 892
891 892 893
893 892 894
893 894 895
896 897 898
896 898 899
899 898 900
899 900 901
901 900 902
901 902 903
904 905 906
904 906 907
907 906 908
907 908 909
909 908 910
909 910 911
912 913 914
912 914 915
915 914 916
915 916 917
917 916 918
917 918 919
920 921 922
920 922 923
923 922 924
923 924 925
925 924 926
925 926 927
928 929 930
928 930 931
931 930 932
931 932 933
933 932 934
933 934 935
936 937 938
936 939 937
940 939 936
940 941 939
942 941 940
942 943 941
944 945 946
944 946 947
947 946 948
947 948 949
949 948 950
949 950 951
952 953 954
952 954 955
955 954 956
955 956 957
957 956 958
957 958 959
960 961 962
960 962 963
963 962 964
963 964 965
965 964 966
965 966 967
968 969 970
968 970 971
971 970 972
971 972 973
973 972 974
973 974 975
976 977 978
976 978 979
979 978 980
979 980 981
981 980 982
981 982 983
984 985 986
984 986 987
987 986 988
987 988 989
989 988 990
989 990 991
992 993 994
992 994 995
995 994 996
995 996 997
997 996 998
997 998 999
1000 1001 1002
1003 1002 1001
1000 1004 1001
1003 1001 1005
1006 1004 1000
1007 1003 1005
1006 1008 1004
1007 1005 1009
1010 1008 1006
1011 1007 1009
1010 1012 1008
1011 1009 1013
1014 1012 1010
1015 1011 1013
1014 1016 1012
1015 1013 1017
1018 1016 1014
1019 1015 1017
1018 1020 1016
1019 1017 1021
1022 1020 1018
1023 1019 1021
1022 1024 1020
1023 1021 1025
1026 1024 1022
1027 1023 1025
1026 1028 1024
1027 1025 1029
1030 1028 1026
1031 1027 1029
1030 1032 1028
1031 1029 1033
1034 1032 1030
1035 1031 1033
1034 1036 1032
1035 1033 1037
1038 1036 1034
1039 1035 1037
1038 1040 1036
1039 1037 1041
1042 1040 1038
1043 1039 1041
1042 1044 1040
1043 1041 1045
1046 1044 1042
1047 1043 1045
1046 1048 1044
1047 1045 1049
1050 1048 1046
1051 1047 1049
1050 1052 1048
1051 1049 1053
1054 1052 1050
1055 1051 1053
1054 1056 1052
1055 1053 1057
1058 1056 1054
1059 1055 1057
1058 1060 1056
1059 1057 1061
1062 1060 1058
1062 1059 1061
1062 1063 1060
1062 1061 1063
1064 1065 1066
1064 1066 1067
1068 1065 1064
1067 1066 1069
1068 1070 1065
1067 1069 1071
1072 1070 1068
1071 1069 1073
1072 1074 1070
1071 1073 1075
1076 1074 1072
1075 1073 1077
1076 1078 1074
1075 1077 1079
1080 1078 1076
1079 1077 1081
1080 1082 1078
1079 1081 1083
1084 1082 1080
1083 1081 1085
1084 1086 1082
1083 1085 1087
1088 1086 1084
1087 1085 1089
1088 1090 1086
1087 1089 1091
1092 1090 1088
1091 1089 1093
1092 1094 1090
1091 1093 1095
1096 1094 1092
1095 1093 1097
1096 1098 1094
1095 1097 1099
1100 1098 1096
1099 1097 1101
1100 1102 1098
1099 1101 1103
1104 1102 1100
1103 1101 1105
1104 1106 1102
1103 1105 1107
1108 1106 1104
1107 1105 1109
1108 1110 1106
1107 1109 1111
1112 1110 1108
1111 1109 1113
1112 1114 1110
1111 1113 1115
1116 1114 1112
1115 1113 1117
1116 1118 1114
1115 1117 1119
1120 1118 1116
1119 1117 1121
1120 1122 1118
1119 1121 1123
1124 1122 1120
1123 1121 1125
1124 1126 1122
1123 1125 1127
1127 1126 1124
1127 1125 1126
1128 1129 1130
1128 1131 1129
1130 1129 1132
1133 1131 1128
1130 1132 1134
1133 1135 1131
1134 1132 1136
1137 1135 1133
1134 1136 1138
1137 1139 1135
1138 1136 1140
1141 1139 1137
1138 1140 1142
1141 1143 1139
1142 1140 1144
1145 1143 1141
1142 1144 1146
1145 1147 1143
1146 1144 1148
1149 1147 1145
1146 1148 1150
1149 1151 1147
1150 1148 1152
1153 1151 1149
1150 1152 1154
1153 1155 1151
1154 1152 1156
1157 1155 1153
1154 1156 1158
1157 1159 1155
1158 1156 1160
1161 1159 1157
1158 1160 1162
1161 1163 1159
1162 1160 1164
1165 1163 1161
1162 1164 1166
1165 1167 1163
1166 1164 1168
1169 1167 1165
1166 1168 1170
1169 1171 1167
1170 1168 1172
1173 1171 1169
1170 1172 1174
1173 1175 1171
1174 1172 1176
1177 1175 1173
1174 1176 1178
1177 1179 1175
1178 1176 1180
1181 1179 1177
1178 1180 1182
1181 1183 1179
1182 1180 1184
1185 1183 1181
1182 1184 1186
1185 1187 1183
1186 1184 1188
1189 1187 1185
1186 1188 1190
1189 1191 1187
1190 1188 1191
1190 1191 1189
1192 1193 1194
1192 1194 1195
1193 1196 1194
1197 1192 1195
1193 1198 1196
1197 1195 1199
1198 1200 1196
1201 1197 1199
1198 1202 1200
1201 1199 1203
1202 1204 1200
1205 1201 1203
1202 1206 1204
1205 1203 1207
1206 1208 1204
1209 1205 1207
1206 1210 1208
1209 1207 1211
1210 1212 1208
1213 1209 1211
1210 1214 1212
1213 1211 1215
1214 1216 1212
1217 1213 1215
1214 1218 1216
1217 1215 1219
1218 1220 1216
1221 1217 1219
1218 1222 1220
1221 1219 1223
1222 1224 1220
1225 1221 1223
1222 1226 1224
1225 1223 1227
1226 1228 1224
1229 1225 1227
1226 1230 1228
1229 1227 1231
1230 1232 1228
1233 1229 1231
1230 1234 1232
1233 1231 1235
1234 1236 1232
1237 1233 1235
1234 1238 1236
1237 1235 1239
1238 1240 1236
1241 1237 1239
1238 1242 1240
1241 1239 1243
1242 1244 1240
1245 1241 1243
1242 1246 1244
1245 1243 1247
1246 1248 1244
1249 1245 1247
1246 1250 1248
1249 1247 1251
1250 1252 1248
1253 1249 1251
1250 1254 1252
1253 1251 1255
1254 1253 1255
1254 1255 1252
1256 1257 1258
1256 1258 1259
1259 1258 1260
1259 1260 1261
1261 1260 1262
1261 1262 1263
1264 1263 1262
1264 1262 1265
1264 1265 1266
1264 1266 1267
1267 1266 1268
1267 1268 1269
1270 1269 1268
1270 1268 1271
1272 1270 1271
1272 1271 1273
1274 1275 1276
1274 1277 1275
1278 1275 1277
1278 1279 1275
1278 1280 1279
1278 1281 1280
1282 1280 1281
1282 1283 1280
1282 1284 1283
1282 1285 1284
1285 1286 1284
1285 1287 1286
1287 1288 1286
1287 1289 1288
1289 1290 1288
1289 1291 1290
1292 1293 1294
1292 1295 1293
1295 1296 1293
1295 1297 1296
1297 1298 1296
1297 1299 1298
1300 1298 1299
1300 1301 1298
1300 1302 1301
1300 1303 1302
1303 1304 1302
1303 1305 1304
1306 1304 1305
1306 1307 1304
1308 1307 1306
1308 1309 1307
1310 1311 1312
1310 1312 1313
1314 1313 1312
1314 1312 1315
1314 1315 1316
1314 1316 1317
1318 1317 1316
1318 1316 1319
1318 1319 1320
1318 1320 1321
1321 1320 1322
1321 1322 1323
1323 1322 1324
1323 1324 1325
1325 1324 1326
1325 1326 1327
1328 1329 1330
1328 1330 1331
1332 1333 1334
1332 1334 1335
1336 1337 1338
1336 1338 1339
1340 1341 1342
1340 1342 1343
1344 1345 1346
1344 1346 1347
1348 1349 1350
1348 1350 1351
1352 1353 1354
1352 1354 1355
1356 1357 1358
1356 1358 1359
1360 1361 1362
1360 1362 1363
1364 1365 1366
1364 1366 1367
1368 1369 1370
1368 1370 1371
1372 1373 1374
1372 1374 1375
16384
0 3798
3798 264
32768
UFO_body_0
UFO_body_1
